{"type": "FeatureCollection", "features": [{"type": "Feature", "geometry": {"type": "LineString", "coordinates": [[-70.660048, -33.464647], [-70.660042, -33.464668], [-70.660032, -33.464692], [-70.66001, -33.464708], [-70.659997, -33.46473], [-70.659988, -33.464753], [-70.659978, -33.464775], [-70.659968, -33.464797], [-70.65996, -33.464818], [-70.659952, -33.464842], [-70.659945, -33.464865], [-70.659938, -33.464888], [-70.659932, -33.464912], [-70.659928, -33.464937], [-70.659927, -33.464963], [-70.659923, -33.464988], [-70.65992, -33.465013], [-70.659915, -33.465038], [-70.659912, -33.46506], [-70.65991, -33.465085], [-70.659908, -33.465107], [-70.659905, -33.46513], [-70.659902, -33.465153], [-70.659897, -33.465175], [-70.659893, -33.465198], [-70.65989, -33.465223], [-70.659888, -33.465248], [-70.659887, -33.465272], [-70.65988, -33.465293], [-70.659875, -33.465317], [-70.659867, -33.465335], [-70.659857, -33.465355], [-70.659843, -33.465373], [-70.659833, -33.465392], [-70.659818, -33.46541], [-70.659803, -33.465425], [-70.659783, -33.465438], [-70.659765, -33.465452], [-70.659743, -33.465463], [-70.659722, -33.465473], [-70.6597, -33.465483], [-70.659673, -33.46549], [-70.65965, -33.465498], [-70.659632, -33.465508], [-70.65961, -33.465518], [-70.659587, -33.465527], [-70.659562, -33.465535], [-70.659535, -33.465543], [-70.659512, -33.465553], [-70.659487, -33.465563], [-70.659463, -33.465577], [-70.659438, -33.46559], [-70.659418, -33.465605], [-70.659403, -33.465622], [-70.659387, -33.465638], [-70.659372, -33.465658], [-70.659357, -33.465678], [-70.659345, -33.465698], [-70.659335, -33.46572], [-70.659322, -33.46574], [-70.65931, -33.46576], [-70.659298, -33.46578], [-70.659283, -33.465802], [-70.659272, -33.465823], [-70.65926, -33.465845], [-70.659252, -33.465865], [-70.659247, -33.465887], [-70.65924, -33.465907], [-70.65923, -33.465927], [-70.65922, -33.465947], [-70.65921, -33.465965], [-70.659197, -33.465985], [-70.659183, -33.466003], [-70.65917, -33.466022], [-70.659158, -33.466042], [-70.659148, -33.466062], [-70.659137, -33.466082], [-70.659125, -33.466103], [-70.659115, -33.466123], [-70.659108, -33.466145], [-70.6591, -33.466163], [-70.659092, -33.466185], [-70.659083, -33.466207], [-70.659075, -33.466227], [-70.659068, -33.466245], [-70.65906, -33.466262], [-70.659048, -33.46628], [-70.659038, -33.466303], [-70.659023, -33.466323], [-70.659012, -33.466343], [-70.659003, -33.466367], [-70.658995, -33.466388], [-70.658987, -33.46641], [-70.658978, -33.466432], [-70.65897, -33.466453], [-70.658963, -33.466472], [-70.658958, -33.46649], [-70.658948, -33.46651], [-70.658933, -33.466528], [-70.658922, -33.466547], [-70.65891, -33.466568], [-70.658898, -33.46659], [-70.658888, -33.466612], [-70.658878, -33.466633], [-70.65887, -33.466655], [-70.65886, -33.466675], [-70.65885, -33.466697], [-70.65884, -33.466717], [-70.65883, -33.466738], [-70.65882, -33.46676], [-70.658813, -33.466782], [-70.658805, -33.466802], [-70.658795, -33.466823], [-70.658785, -33.46685], [-70.658777, -33.466872], [-70.65877, -33.466892], [-70.658762, -33.466915], [-70.658755, -33.466937], [-70.658748, -33.466958], [-70.658742, -33.466982], [-70.658737, -33.467002], [-70.658728, -33.467023], [-70.658725, -33.467043], [-70.658722, -33.467065], [-70.658718, -33.467087], [-70.658713, -33.467108], [-70.65871, -33.46713], [-70.658707, -33.467152], [-70.658703, -33.467177], [-70.6587, -33.467198], [-70.658697, -33.467218], [-70.658693, -33.46724], [-70.658688, -33.467262], [-70.658685, -33.467283], [-70.658682, -33.467307], [-70.658678, -33.46733], [-70.658677, -33.467353], [-70.658673, -33.467378], [-70.658668, -33.467405], [-70.658663, -33.467427], [-70.65866, -33.46745], [-70.658657, -33.46747], [-70.658653, -33.467492], [-70.658657, -33.467512], [-70.658658, -33.467535], [-70.658662, -33.467558], [-70.658663, -33.467582], [-70.658668, -33.467607], [-70.658668, -33.467627], [-70.658668, -33.467647], [-70.658667, -33.467668], [-70.658667, -33.46769], [-70.658667, -33.467712], [-70.658667, -33.467735], [-70.658668, -33.467757], [-70.658668, -33.46778], [-70.658668, -33.467803], [-70.65867, -33.46783], [-70.658663, -33.467855], [-70.658665, -33.467878], [-70.658668, -33.4679], [-70.658668, -33.467923], [-70.65867, -33.467945], [-70.65868, -33.467965], [-70.658678, -33.467988], [-70.658678, -33.46801], [-70.658682, -33.468033], [-70.658682, -33.468057], [-70.658683, -33.468078], [-70.658685, -33.4681], [-70.658685, -33.468122], [-70.658688, -33.468142], [-70.658692, -33.468163], [-70.658695, -33.468187], [-70.658697, -33.46821], [-70.658698, -33.468232], [-70.658702, -33.468252], [-70.658703, -33.468272], [-70.658708, -33.468292], [-70.658712, -33.468312], [-70.658717, -33.468335], [-70.658718, -33.468358], [-70.658718, -33.46838], [-70.658717, -33.468403], [-70.658715, -33.468427], [-70.658717, -33.468447], [-70.658715, -33.468467], [-70.658715, -33.468488], [-70.658715, -33.468512], [-70.658713, -33.468533], [-70.658718, -33.468553], [-70.658722, -33.46857], [-70.658727, -33.46859], [-70.658728, -33.468612], [-70.658727, -33.468635], [-70.658728, -33.468657], [-70.658732, -33.468678], [-70.65873, -33.4687], [-70.65873, -33.468722], [-70.658728, -33.468747], [-70.658733, -33.468768], [-70.658738, -33.468792], [-70.658745, -33.468815], [-70.658755, -33.468835], [-70.658763, -33.468858], [-70.65877, -33.468883], [-70.658778, -33.468905], [-70.658788, -33.468928], [-70.658797, -33.46895], [-70.65881, -33.468967], [-70.658823, -33.468985], [-70.658838, -33.469002], [-70.658853, -33.46902], [-70.658868, -33.469035], [-70.658885, -33.469052], [-70.658905, -33.469067], [-70.658923, -33.469082], [-70.658943, -33.469098], [-70.658968, -33.469112], [-70.658992, -33.469125], [-70.659017, -33.469135], [-70.659042, -33.469145], [-70.659065, -33.469155], [-70.659093, -33.469163], [-70.65912, -33.469168], [-70.659145, -33.469172], [-70.659172, -33.469177], [-70.659197, -33.469185], [-70.659223, -33.469193], [-70.659253, -33.469203], [-70.659282, -33.46921], [-70.659308, -33.469217], [-70.659337, -33.469223], [-70.659365, -33.46923], [-70.659393, -33.469233], [-70.659422, -33.469235], [-70.65945, -33.469237], [-70.659478, -33.469242], [-70.659507, -33.469248], [-70.659533, -33.469258], [-70.659557, -33.469272], [-70.659582, -33.469287], [-70.659602, -33.469302], [-70.65962, -33.469315], [-70.659637, -33.469333], [-70.659652, -33.469352], [-70.659665, -33.469372], [-70.659675, -33.469392], [-70.659683, -33.469413], [-70.65969, -33.469433], [-70.659693, -33.469457], [-70.659695, -33.469478], [-70.659693, -33.469502], [-70.65969, -33.469525], [-70.659692, -33.469547], [-70.659692, -33.46957], [-70.65969, -33.469593], [-70.659687, -33.469617], [-70.659685, -33.469642], [-70.659682, -33.469662], [-70.659677, -33.469683], [-70.659673, -33.469703], [-70.65967, -33.469725], [-70.659668, -33.469745], [-70.659665, -33.469767], [-70.659662, -33.469787], [-70.659658, -33.469803], [-70.659655, -33.469825], [-70.659655, -33.469847], [-70.659655, -33.469868], [-70.659653, -33.46989], [-70.659655, -33.469912], [-70.659655, -33.469932], [-70.659658, -33.469955], [-70.659658, -33.469978], [-70.659658, -33.470003], [-70.659655, -33.470025], [-70.659648, -33.470047], [-70.659637, -33.470068], [-70.659622, -33.470083], [-70.6596, -33.470097], [-70.659578, -33.470107], [-70.659557, -33.470113], [-70.659533, -33.470118], [-70.659507, -33.470118], [-70.659478, -33.47012], [-70.659452, -33.470122], [-70.659427, -33.47012], [-70.659402, -33.470117], [-70.659375, -33.470113], [-70.659348, -33.470112], [-70.659323, -33.470112], [-70.659298, -33.47011], [-70.659272, -33.470107], [-70.659242, -33.470105], [-70.659215, -33.470105], [-70.659188, -33.470103], [-70.659158, -33.4701], [-70.65913, -33.470098], [-70.6591, -33.470095], [-70.659073, -33.470092], [-70.659045, -33.47009], [-70.659018, -33.47009], [-70.65899, -33.470088], [-70.658965, -33.47009], [-70.65894, -33.47009], [-70.658915, -33.470095], [-70.658887, -33.470093], [-70.658858, -33.470088], [-70.65883, -33.470085], [-70.658802, -33.470082], [-70.65878, -33.470082], [-70.658753, -33.470082], [-70.658725, -33.470077], [-70.658697, -33.470073], [-70.658668, -33.470073], [-70.658643, -33.470077], [-70.65862, -33.47008], [-70.658595, -33.47008], [-70.658568, -33.470077], [-70.658543, -33.470073], [-70.658517, -33.470068], [-70.658492, -33.470067], [-70.658468, -33.470067], [-70.658443, -33.470067], [-70.658418, -33.470063], [-70.658392, -33.47006], [-70.658365, -33.470058], [-70.658337, -33.470055], [-70.658308, -33.470052], [-70.65828, -33.470048], [-70.658253, -33.470047], [-70.658225, -33.470045], [-70.6582, -33.470042], [-70.658172, -33.470038], [-70.658147, -33.470038], [-70.658122, -33.470038], [-70.658097, -33.470035], [-70.658068, -33.470032], [-70.658038, -33.470027], [-70.65801, -33.470023], [-70.657985, -33.470023], [-70.657962, -33.470023], [-70.657937, -33.470022], [-70.657912, -33.470022], [-70.657883, -33.47002], [-70.657855, -33.470018], [-70.657825, -33.470017], [-70.657795, -33.470013], [-70.657765, -33.470012], [-70.657737, -33.47001], [-70.65771, -33.47001], [-70.657682, -33.470008], [-70.657655, -33.470007], [-70.65763, -33.47001], [-70.657605, -33.470012], [-70.657578, -33.470013], [-70.657553, -33.470012], [-70.657527, -33.470012], [-70.657502, -33.470012], [-70.657473, -33.470008], [-70.657448, -33.470007], [-70.65742, -33.470005], [-70.657395, -33.470002], [-70.657368, -33.469998], [-70.657342, -33.469997], [-70.657313, -33.469997], [-70.657285, -33.469992], [-70.657255, -33.469987], [-70.657225, -33.469985], [-70.657198, -33.469983], [-70.65717, -33.469982], [-70.657142, -33.46998], [-70.657112, -33.469978], [-70.657085, -33.469978], [-70.657057, -33.469977], [-70.657027, -33.469973], [-70.657, -33.469975], [-70.656973, -33.469977], [-70.656945, -33.469975], [-70.656918, -33.469975], [-70.65689, -33.469973], [-70.65686, -33.46997], [-70.656832, -33.469973], [-70.656808, -33.469975], [-70.656782, -33.469975], [-70.656755, -33.469978], [-70.65673, -33.46998], [-70.656703, -33.46998], [-70.65668, -33.469988], [-70.65666, -33.469997], [-70.656637, -33.470002], [-70.656607, -33.469998], [-70.656585, -33.469995], [-70.656555, -33.46999], [-70.656532, -33.469988], [-70.656503, -33.469987], [-70.65647, -33.469985], [-70.656442, -33.469983], [-70.656415, -33.469983], [-70.65639, -33.469985], [-70.656365, -33.469987], [-70.656345, -33.46999], [-70.656318, -33.46999], [-70.65629, -33.469988], [-70.656265, -33.469987], [-70.656237, -33.469985], [-70.65621, -33.469982], [-70.656182, -33.469978], [-70.656157, -33.469972], [-70.656133, -33.469967], [-70.656108, -33.469957], [-70.65609, -33.469947], [-70.656078, -33.469932], [-70.656068, -33.469915], [-70.656065, -33.469895], [-70.656063, -33.469875], [-70.656062, -33.469852], [-70.656057, -33.469827], [-70.656053, -33.469805], [-70.656048, -33.46978], [-70.656043, -33.469755], [-70.656037, -33.469727], [-70.656035, -33.469703], [-70.656043, -33.469687], [-70.656053, -33.469665], [-70.656052, -33.469643], [-70.65605, -33.46962], [-70.656052, -33.469598], [-70.656052, -33.469577], [-70.656055, -33.469555], [-70.656058, -33.469535], [-70.656063, -33.469512], [-70.656065, -33.469488], [-70.656067, -33.469465], [-70.65607, -33.469445], [-70.656072, -33.469423], [-70.656065, -33.469398], [-70.656062, -33.469375], [-70.656062, -33.469353], [-70.656055, -33.46933], [-70.656055, -33.469307], [-70.656058, -33.469287], [-70.656058, -33.469262], [-70.656063, -33.46924], [-70.656068, -33.469218], [-70.656073, -33.469195], [-70.65608, -33.469172], [-70.656093, -33.469152], [-70.656098, -33.469132], [-70.656098, -33.46911], [-70.656103, -33.469092], [-70.6561, -33.46907], [-70.6561, -33.469048], [-70.656098, -33.469025], [-70.656095, -33.469], [-70.656095, -33.468978], [-70.656097, -33.468958], [-70.656098, -33.468937], [-70.656098, -33.468917], [-70.656097, -33.468893], [-70.656095, -33.468872], [-70.656095, -33.46885], [-70.656097, -33.468828], [-70.656098, -33.468807], [-70.656102, -33.468787], [-70.656102, -33.468763], [-70.6561, -33.46874], [-70.6561, -33.468718], [-70.6561, -33.468695], [-70.6561, -33.468672], [-70.6561, -33.46865], [-70.656103, -33.468628], [-70.656105, -33.468605], [-70.656105, -33.468583], [-70.656108, -33.468562], [-70.65611, -33.46854], [-70.65611, -33.468517], [-70.656112, -33.468493], [-70.656113, -33.468472], [-70.656115, -33.46845], [-70.656115, -33.468425], [-70.656115, -33.468402], [-70.656115, -33.468377], [-70.656115, -33.468353], [-70.656115, -33.46833], [-70.656118, -33.468308], [-70.656117, -33.468287], [-70.656118, -33.468265], [-70.656118, -33.468242], [-70.65612, -33.468218], [-70.65612, -33.468197], [-70.656118, -33.468175], [-70.65612, -33.468155], [-70.656118, -33.468132], [-70.656117, -33.46811], [-70.656117, -33.468088], [-70.656115, -33.468065], [-70.656117, -33.468043], [-70.656118, -33.46802], [-70.65612, -33.467998], [-70.656122, -33.467977], [-70.656122, -33.467955], [-70.656123, -33.467933], [-70.656125, -33.46791], [-70.656127, -33.46789], [-70.656123, -33.467868], [-70.656123, -33.467845], [-70.656125, -33.467822], [-70.656127, -33.4678], [-70.656125, -33.467778], [-70.656127, -33.467757], [-70.656127, -33.467735], [-70.656128, -33.467713], [-70.656128, -33.467692], [-70.65613, -33.46767], [-70.656127, -33.467648], [-70.656127, -33.467628], [-70.656128, -33.467607], [-70.65613, -33.467587], [-70.656128, -33.467567], [-70.656128, -33.467543], [-70.656132, -33.46752], [-70.656132, -33.467498], [-70.65613, -33.467478], [-70.65613, -33.467455], [-70.65613, -33.467433], [-70.65613, -33.467408], [-70.65613, -33.467387], [-70.65613, -33.467367], [-70.656132, -33.467345], [-70.656132, -33.467325], [-70.656132, -33.467303], [-70.656133, -33.467282], [-70.656135, -33.46726], [-70.656137, -33.467237], [-70.65614, -33.467215], [-70.65614, -33.467193], [-70.656143, -33.467172], [-70.656143, -33.46715], [-70.656142, -33.467128], [-70.656143, -33.467107], [-70.656145, -33.467085], [-70.656147, -33.467063], [-70.656148, -33.467042], [-70.656152, -33.46702], [-70.656153, -33.466998], [-70.656153, -33.466977], [-70.656153, -33.466957], [-70.656152, -33.466935], [-70.656152, -33.466915], [-70.656152, -33.466892], [-70.656152, -33.466868], [-70.656153, -33.466845], [-70.656157, -33.466823], [-70.656158, -33.466802], [-70.656162, -33.46678], [-70.656163, -33.466757], [-70.656163, -33.466735], [-70.656165, -33.466713], [-70.656165, -33.466692], [-70.656165, -33.46667], [-70.656168, -33.466648], [-70.65617, -33.466625], [-70.656175, -33.466602], [-70.656177, -33.46658], [-70.656177, -33.466557], [-70.65618, -33.466537], [-70.65618, -33.466513], [-70.656182, -33.46649], [-70.656182, -33.466467], [-70.656183, -33.466443], [-70.656185, -33.46642], [-70.656185, -33.466398], [-70.656187, -33.466377], [-70.656187, -33.466353], [-70.656187, -33.466333], [-70.656187, -33.466312], [-70.656187, -33.46629], [-70.656188, -33.466268], [-70.65619, -33.466243], [-70.65619, -33.466222], [-70.656193, -33.466198], [-70.656193, -33.466178], [-70.656193, -33.466153], [-70.656193, -33.466132], [-70.656193, -33.46611], [-70.656192, -33.466087], [-70.656192, -33.466065], [-70.656193, -33.466042], [-70.656197, -33.466018], [-70.656202, -33.465995], [-70.656203, -33.465972], [-70.656205, -33.465948], [-70.656207, -33.465927], [-70.656207, -33.465905], [-70.656207, -33.465883], [-70.656208, -33.46586], [-70.656207, -33.465837], [-70.656208, -33.465813], [-70.656208, -33.465793], [-70.65621, -33.46577], [-70.656213, -33.465748], [-70.656213, -33.465727], [-70.656212, -33.465705], [-70.656212, -33.465683], [-70.656215, -33.46566], [-70.656218, -33.465637], [-70.656222, -33.465615], [-70.656222, -33.465593], [-70.656222, -33.465572], [-70.65622, -33.46555], [-70.656222, -33.465528], [-70.65622, -33.465507], [-70.65622, -33.465487], [-70.656222, -33.465463], [-70.656222, -33.465443], [-70.656222, -33.465422], [-70.656222, -33.465398], [-70.656223, -33.465378], [-70.656223, -33.465357], [-70.656225, -33.465337], [-70.656223, -33.465315], [-70.656225, -33.465293], [-70.656227, -33.465272], [-70.656228, -33.465248], [-70.656232, -33.465227], [-70.65623, -33.465205], [-70.65623, -33.465182], [-70.656228, -33.46516], [-70.656227, -33.465138], [-70.656225, -33.465118], [-70.656227, -33.465098], [-70.65623, -33.465077], [-70.656233, -33.465055], [-70.656237, -33.465032], [-70.656243, -33.465012], [-70.656247, -33.46499], [-70.656247, -33.46497], [-70.656245, -33.46495], [-70.656243, -33.464928], [-70.656243, -33.464907], [-70.656245, -33.464883], [-70.656245, -33.46486], [-70.656245, -33.464838], [-70.656247, -33.464815], [-70.656248, -33.464792], [-70.656248, -33.464768], [-70.65625, -33.464747], [-70.656253, -33.464723], [-70.656253, -33.464702], [-70.656255, -33.46468], [-70.656255, -33.464658], [-70.656255, -33.464635], [-70.656258, -33.464613], [-70.656263, -33.464588], [-70.656263, -33.464565], [-70.656267, -33.464543], [-70.656267, -33.46452], [-70.656265, -33.464498], [-70.656263, -33.464477], [-70.656263, -33.464455], [-70.656265, -33.464433], [-70.656265, -33.464412], [-70.656267, -33.46439], [-70.656267, -33.464368], [-70.656267, -33.464348], [-70.656267, -33.464328], [-70.656267, -33.464303], [-70.65627, -33.46428], [-70.65627, -33.464258], [-70.656272, -33.464238], [-70.656273, -33.464215], [-70.656278, -33.464192], [-70.656282, -33.464168], [-70.656283, -33.464145], [-70.656287, -33.464123], [-70.656287, -33.464102], [-70.656288, -33.464078], [-70.656288, -33.464055], [-70.656285, -33.464033], [-70.656283, -33.46401], [-70.656283, -33.463988], [-70.656283, -33.463967], [-70.656287, -33.463943], [-70.656288, -33.463923], [-70.656288, -33.463902], [-70.656288, -33.46388], [-70.656288, -33.463858], [-70.656288, -33.463835], [-70.656293, -33.463812], [-70.656295, -33.46379], [-70.656298, -33.463767], [-70.6563, -33.463743], [-70.6563, -33.463718], [-70.656302, -33.463695], [-70.656303, -33.463672], [-70.656302, -33.463652], [-70.6563, -33.46363], [-70.656302, -33.463608], [-70.656302, -33.463587], [-70.656298, -33.463565], [-70.656298, -33.463545], [-70.656298, -33.463523], [-70.656302, -33.463502], [-70.656302, -33.46348], [-70.656302, -33.463458], [-70.656303, -33.463438], [-70.656305, -33.463415], [-70.656305, -33.463395], [-70.656307, -33.463372], [-70.656313, -33.463348], [-70.656317, -33.463327], [-70.656317, -33.463307], [-70.656317, -33.463285], [-70.656317, -33.463265], [-70.656317, -33.463245], [-70.656317, -33.463223], [-70.65632, -33.463202], [-70.656323, -33.463182], [-70.656322, -33.46316], [-70.656323, -33.46314], [-70.656322, -33.463118], [-70.656322, -33.463098], [-70.656322, -33.463075], [-70.656323, -33.463053], [-70.656327, -33.463032], [-70.656327, -33.46301], [-70.656327, -33.46299], [-70.656327, -33.462968], [-70.65633, -33.462947], [-70.656333, -33.462925], [-70.656333, -33.462902], [-70.656337, -33.46288], [-70.656337, -33.462857], [-70.65634, -33.462833], [-70.65634, -33.462808], [-70.656338, -33.462787], [-70.656338, -33.462765], [-70.65634, -33.462745], [-70.65634, -33.462725], [-70.656338, -33.462703], [-70.656338, -33.462682], [-70.65634, -33.462657], [-70.656342, -33.462635], [-70.656342, -33.462612], [-70.656343, -33.462592], [-70.656345, -33.46257], [-70.656347, -33.462548], [-70.65635, -33.462527], [-70.656352, -33.462505], [-70.656355, -33.462483], [-70.656355, -33.46246], [-70.656357, -33.462437], [-70.65636, -33.462415], [-70.656363, -33.462392], [-70.656365, -33.46237], [-70.656365, -33.462348], [-70.656365, -33.462327], [-70.656365, -33.462305], [-70.656368, -33.462283], [-70.65637, -33.462262], [-70.656372, -33.462238], [-70.656373, -33.462217], [-70.656375, -33.462195], [-70.656377, -33.462175], [-70.656378, -33.462153], [-70.656378, -33.46213], [-70.65638, -33.462107], [-70.656383, -33.462083], [-70.656385, -33.462062], [-70.656385, -33.46204], [-70.656387, -33.462017], [-70.656387, -33.461993], [-70.656387, -33.46197], [-70.656388, -33.461947], [-70.656387, -33.461925], [-70.656385, -33.461902], [-70.656385, -33.461882], [-70.656388, -33.46186], [-70.656392, -33.461837], [-70.656395, -33.461815], [-70.656395, -33.461793], [-70.656397, -33.46177], [-70.656398, -33.461748], [-70.656397, -33.461723], [-70.6564, -33.4617], [-70.656402, -33.461678], [-70.656403, -33.461655], [-70.656405, -33.461632], [-70.656407, -33.46161], [-70.656407, -33.461588], [-70.65641, -33.461567], [-70.656407, -33.461545], [-70.656403, -33.461525], [-70.656402, -33.461503], [-70.656403, -33.461483], [-70.656405, -33.461458], [-70.656405, -33.461437], [-70.656407, -33.461415], [-70.656407, -33.461392], [-70.656407, -33.461375], [-70.656407, -33.46135], [-70.656407, -33.461328], [-70.656408, -33.461307], [-70.656408, -33.461287], [-70.65641, -33.461265], [-70.656412, -33.461245], [-70.656413, -33.461223], [-70.656413, -33.4612], [-70.656415, -33.46118], [-70.656415, -33.461158], [-70.656415, -33.461135], [-70.656415, -33.461113], [-70.656415, -33.46109], [-70.656418, -33.461068], [-70.656423, -33.46105], [-70.656428, -33.461023], [-70.656432, -33.461002], [-70.656433, -33.46098], [-70.656433, -33.460962], [-70.656433, -33.460937], [-70.656433, -33.460913], [-70.65643, -33.460892], [-70.656427, -33.46087], [-70.656427, -33.460847], [-70.656425, -33.460822], [-70.656427, -33.4608], [-70.656432, -33.460775], [-70.656437, -33.460757], [-70.656442, -33.46073], [-70.656445, -33.460708], [-70.656448, -33.460685], [-70.656452, -33.460662], [-70.656453, -33.460638], [-70.65645, -33.460615], [-70.656448, -33.460592], [-70.656442, -33.46057], [-70.656433, -33.46055], [-70.65642, -33.460533], [-70.656402, -33.46052], [-70.656378, -33.460507], [-70.656352, -33.460497], [-70.656325, -33.46049], [-70.656297, -33.460485], [-70.656268, -33.460482], [-70.65624, -33.460477], [-70.656213, -33.460472], [-70.656185, -33.460467], [-70.656158, -33.460462], [-70.65613, -33.460457], [-70.656102, -33.460452], [-70.656073, -33.46045], [-70.656048, -33.460447], [-70.656022, -33.460443], [-70.655995, -33.460442], [-70.655968, -33.46044], [-70.65594, -33.460437], [-70.655915, -33.460435], [-70.655895, -33.460435], [-70.655868, -33.460432], [-70.655833, -33.46043], [-70.655805, -33.460427], [-70.655778, -33.460422], [-70.655752, -33.460418], [-70.655723, -33.460413], [-70.655697, -33.46041], [-70.65567, -33.460407], [-70.655642, -33.460405], [-70.655613, -33.460403], [-70.655585, -33.460403], [-70.655555, -33.460402], [-70.655528, -33.460402], [-70.655502, -33.460402], [-70.655475, -33.460398], [-70.65545, -33.460395], [-70.655423, -33.460392], [-70.655397, -33.460388], [-70.655367, -33.460385], [-70.65534, -33.46038], [-70.655312, -33.460378], [-70.655285, -33.460378], [-70.655257, -33.460375], [-70.65523, -33.460372], [-70.655202, -33.460368], [-70.655172, -33.460365], [-70.655147, -33.460362], [-70.65512, -33.460358], [-70.655093, -33.460358], [-70.655067, -33.460355], [-70.65504, -33.460353], [-70.655013, -33.460348], [-70.654987, -33.460345], [-70.65496, -33.460342], [-70.654932, -33.460338], [-70.654907, -33.460337], [-70.65488, -33.460335], [-70.654853, -33.460332], [-70.654827, -33.460328], [-70.654802, -33.460328], [-70.654777, -33.460325], [-70.654752, -33.46032], [-70.654732, -33.460317], [-70.654703, -33.460313], [-70.654678, -33.46031], [-70.654652, -33.460308], [-70.654627, -33.460307], [-70.654602, -33.460303], [-70.654577, -33.460302], [-70.654552, -33.4603], [-70.654525, -33.460295], [-70.6545, -33.460292], [-70.654473, -33.46029], [-70.65445, -33.460287], [-70.654427, -33.460285], [-70.654403, -33.460282], [-70.654378, -33.460278], [-70.654352, -33.460273], [-70.654325, -33.46027], [-70.654297, -33.460268], [-70.65427, -33.460263], [-70.654242, -33.460257], [-70.654215, -33.460252], [-70.65419, -33.460248], [-70.654165, -33.460245], [-70.65414, -33.460242], [-70.654115, -33.460237], [-70.654088, -33.460232], [-70.654062, -33.46023], [-70.654035, -33.460225], [-70.654008, -33.460222], [-70.653983, -33.460218], [-70.65396, -33.460217], [-70.653937, -33.460213], [-70.65391, -33.460212], [-70.653883, -33.460207], [-70.653858, -33.460205], [-70.65383, -33.460202], [-70.653803, -33.4602], [-70.653777, -33.460198], [-70.653748, -33.460197], [-70.653723, -33.460197], [-70.653695, -33.460195], [-70.65367, -33.460193], [-70.653645, -33.460188], [-70.653618, -33.460183], [-70.653588, -33.46018], [-70.653558, -33.460173], [-70.653533, -33.460168], [-70.653512, -33.460165], [-70.653478, -33.46016], [-70.653452, -33.460157], [-70.653425, -33.460153], [-70.653397, -33.460148], [-70.65337, -33.460143], [-70.653345, -33.460143], [-70.65332, -33.460142], [-70.653293, -33.460138], [-70.653268, -33.460135], [-70.653245, -33.460132], [-70.65322, -33.460128], [-70.653193, -33.460123], [-70.653167, -33.46012], [-70.653137, -33.460117], [-70.653112, -33.460113], [-70.653085, -33.460108], [-70.653063, -33.460105], [-70.653035, -33.460102], [-70.653008, -33.460098], [-70.652983, -33.460095], [-70.652965, -33.460093], [-70.652942, -33.460088], [-70.652912, -33.460085], [-70.652885, -33.460082], [-70.65286, -33.460077], [-70.652835, -33.460073], [-70.652808, -33.460072], [-70.652782, -33.46007], [-70.652758, -33.460072], [-70.652733, -33.460072], [-70.65271, -33.460072], [-70.652685, -33.460073], [-70.652662, -33.46007], [-70.652638, -33.460068], [-70.65261, -33.460073], [-70.652578, -33.460077], [-70.652542, -33.460072], [-70.652508, -33.460067], [-70.652483, -33.460063], [-70.652447, -33.460063], [-70.652417, -33.460058], [-70.65239, -33.460055], [-70.65237, -33.46005], [-70.652355, -33.460045], [-70.65233, -33.460035], [-70.652308, -33.460033], [-70.652287, -33.46003], [-70.652262, -33.460022], [-70.652237, -33.460013], [-70.652212, -33.460005], [-70.652185, -33.460003], [-70.652165, -33.460002], [-70.652143, -33.460003], [-70.652122, -33.460003], [-70.6521, -33.460007], [-70.652077, -33.460002], [-70.652053, -33.459998], [-70.652027, -33.459992], [-70.652002, -33.45999], [-70.651983, -33.45999], [-70.65196, -33.459985], [-70.651935, -33.459983], [-70.65191, -33.459978], [-70.651883, -33.459975], [-70.651857, -33.459972], [-70.65183, -33.459968], [-70.651802, -33.459967], [-70.651773, -33.459965], [-70.651747, -33.459963], [-70.651718, -33.45996], [-70.651695, -33.45996], [-70.65166, -33.459957], [-70.65163, -33.459952], [-70.651605, -33.459947], [-70.651578, -33.459943], [-70.651553, -33.45994], [-70.651527, -33.459937], [-70.6515, -33.459935], [-70.651478, -33.459932], [-70.651452, -33.459925], [-70.65142, -33.45992], [-70.651398, -33.45992], [-70.651372, -33.459917], [-70.651345, -33.459915], [-70.651313, -33.459908], [-70.651287, -33.459907], [-70.651262, -33.459903], [-70.651237, -33.4599], [-70.651212, -33.459895], [-70.651185, -33.459892], [-70.65116, -33.45989], [-70.651133, -33.459887], [-70.651108, -33.459883], [-70.651083, -33.459883], [-70.651058, -33.459883], [-70.651032, -33.459882], [-70.651005, -33.45988], [-70.65098, -33.459877], [-70.650957, -33.459872], [-70.650933, -33.459867], [-70.650907, -33.459862], [-70.65088, -33.459858], [-70.65086, -33.459853], [-70.650833, -33.45985], [-70.650802, -33.459845], [-70.650777, -33.459842], [-70.650755, -33.459842], [-70.650728, -33.459838], [-70.650697, -33.459835], [-70.65067, -33.459832], [-70.650643, -33.459828], [-70.650617, -33.459825], [-70.650592, -33.45982], [-70.65057, -33.459813], [-70.650545, -33.459808], [-70.650523, -33.459805], [-70.650488, -33.4598], [-70.65046, -33.459797], [-70.65043, -33.459795], [-70.650402, -33.459795], [-70.650372, -33.459793], [-70.650347, -33.45979], [-70.650322, -33.459788], [-70.650297, -33.459787], [-70.650277, -33.459785], [-70.65025, -33.459782], [-70.650222, -33.45978], [-70.650197, -33.459778], [-70.65017, -33.459773], [-70.650143, -33.45977], [-70.650115, -33.459765], [-70.650088, -33.45976], [-70.650062, -33.459757], [-70.650035, -33.45975], [-70.65001, -33.459748], [-70.649985, -33.459747], [-70.64996, -33.459743], [-70.649935, -33.45974], [-70.64991, -33.459735], [-70.649887, -33.459735], [-70.649858, -33.459733], [-70.649835, -33.459733], [-70.649817, -33.459732], [-70.649787, -33.459728], [-70.649762, -33.459725], [-70.649737, -33.45972], [-70.649717, -33.459718], [-70.64969, -33.459715], [-70.64966, -33.459712], [-70.649633, -33.459707], [-70.649607, -33.459703], [-70.649587, -33.4597], [-70.649555, -33.459697], [-70.649532, -33.459695], [-70.649507, -33.459692], [-70.64948, -33.45969], [-70.649455, -33.459688], [-70.649428, -33.459685], [-70.649405, -33.459682], [-70.649377, -33.459677], [-70.649355, -33.459673], [-70.649323, -33.459668], [-70.649298, -33.459667], [-70.649272, -33.459663], [-70.649248, -33.45966], [-70.649215, -33.459657], [-70.649188, -33.45965], [-70.649168, -33.459647], [-70.649137, -33.459642], [-70.649115, -33.45964], [-70.64909, -33.459638], [-70.649065, -33.459635], [-70.649038, -33.459632], [-70.649005, -33.459628], [-70.648982, -33.459625], [-70.648955, -33.459618], [-70.648927, -33.459612], [-70.648903, -33.459605], [-70.64888, -33.459602], [-70.648862, -33.459598], [-70.648837, -33.459593], [-70.648808, -33.459585], [-70.648785, -33.459578], [-70.648762, -33.459572], [-70.648737, -33.459567], [-70.64871, -33.459565], [-70.648683, -33.45956], [-70.648655, -33.459553], [-70.648632, -33.459548], [-70.6486, -33.459545], [-70.648575, -33.459538], [-70.648548, -33.459533], [-70.648523, -33.459528], [-70.648497, -33.459522], [-70.648472, -33.459513], [-70.648452, -33.459505], [-70.648427, -33.4595], [-70.648407, -33.459495], [-70.648377, -33.45949], [-70.64835, -33.459485], [-70.648328, -33.459482], [-70.648298, -33.459475], [-70.648277, -33.459468], [-70.648253, -33.459462], [-70.648228, -33.459453], [-70.648203, -33.459448], [-70.648175, -33.459442], [-70.64815, -33.459438], [-70.648125, -33.459435], [-70.6481, -33.459433], [-70.648078, -33.459428], [-70.648053, -33.459423], [-70.648023, -33.459418], [-70.647998, -33.45941], [-70.647973, -33.459403], [-70.647953, -33.459398], [-70.64793, -33.459392], [-70.647902, -33.459383], [-70.647877, -33.459378], [-70.647852, -33.459373], [-70.647832, -33.459368], [-70.647807, -33.459363], [-70.647775, -33.459357], [-70.647748, -33.459353], [-70.647727, -33.459352], [-70.647693, -33.459348], [-70.647667, -33.459343], [-70.647642, -33.45934], [-70.647615, -33.459333], [-70.647592, -33.459327], [-70.647572, -33.45932], [-70.647545, -33.459315], [-70.647515, -33.459307], [-70.64749, -33.459302], [-70.64747, -33.459295], [-70.647442, -33.459287], [-70.647418, -33.459278], [-70.647392, -33.459272], [-70.647367, -33.459267], [-70.647347, -33.459263], [-70.647315, -33.459257], [-70.647287, -33.459252], [-70.64726, -33.459247], [-70.647235, -33.459243], [-70.647208, -33.45924], [-70.647182, -33.459235], [-70.647157, -33.45923], [-70.647135, -33.459227], [-70.647103, -33.459217], [-70.647077, -33.45921], [-70.647052, -33.459205], [-70.647027, -33.459198], [-70.647003, -33.459193], [-70.646977, -33.459187], [-70.64695, -33.459178], [-70.646923, -33.459173], [-70.646898, -33.459168], [-70.646872, -33.459163], [-70.646842, -33.45916], [-70.646818, -33.459155], [-70.6468, -33.45915], [-70.64677, -33.459143], [-70.646747, -33.45914], [-70.646722, -33.459135], [-70.646697, -33.459132], [-70.646678, -33.459127], [-70.646652, -33.459118], [-70.646627, -33.459112], [-70.646603, -33.459107], [-70.646578, -33.459102], [-70.646552, -33.459098], [-70.646527, -33.459095], [-70.646502, -33.45909], [-70.646473, -33.459087], [-70.646447, -33.45908], [-70.646423, -33.459073], [-70.6464, -33.459067], [-70.646373, -33.459062], [-70.646345, -33.459058], [-70.646318, -33.459053], [-70.64629, -33.459048], [-70.646263, -33.459042], [-70.646237, -33.459037], [-70.64621, -33.459032], [-70.646183, -33.459025], [-70.646157, -33.459022], [-70.64613, -33.459017], [-70.646108, -33.459013], [-70.646078, -33.459005], [-70.646052, -33.459], [-70.646027, -33.458995], [-70.646, -33.45899], [-70.645973, -33.458985], [-70.645948, -33.458978], [-70.645922, -33.458973], [-70.645898, -33.458968], [-70.645873, -33.458965], [-70.645848, -33.45896], [-70.645828, -33.458957], [-70.645797, -33.45895], [-70.645772, -33.458943], [-70.64575, -33.45894], [-70.64572, -33.458935], [-70.645695, -33.45893], [-70.645668, -33.458925], [-70.645642, -33.458918], [-70.645615, -33.458913], [-70.645588, -33.458907], [-70.645563, -33.458902], [-70.645537, -33.458898], [-70.645513, -33.458895], [-70.645487, -33.458893], [-70.64546, -33.458888], [-70.645433, -33.458883], [-70.645407, -33.458877], [-70.64538, -33.45887], [-70.645352, -33.458865], [-70.645333, -33.45886], [-70.645307, -33.458855], [-70.645277, -33.45885], [-70.64525, -33.458845], [-70.645228, -33.45884], [-70.645202, -33.458835], [-70.645172, -33.458828], [-70.645145, -33.458822], [-70.64512, -33.45882], [-70.645102, -33.458818], [-70.645072, -33.458815], [-70.645047, -33.45881], [-70.64502, -33.458805], [-70.644995, -33.4588], [-70.64497, -33.458795], [-70.644945, -33.458788], [-70.644918, -33.458783], [-70.6449, -33.458782], [-70.644873, -33.458773], [-70.644842, -33.458765], [-70.644815, -33.45876], [-70.644792, -33.458755], [-70.644765, -33.45875], [-70.644742, -33.458745], [-70.644715, -33.45874], [-70.644692, -33.458735], [-70.644672, -33.45873], [-70.644647, -33.458723], [-70.644618, -33.458717], [-70.644592, -33.458712], [-70.644563, -33.458703], [-70.64454, -33.458697], [-70.644515, -33.458692], [-70.644488, -33.458685], [-70.644463, -33.45868], [-70.644437, -33.458675], [-70.644412, -33.458672], [-70.644387, -33.458667], [-70.644362, -33.458662], [-70.644335, -33.458657], [-70.64431, -33.458653], [-70.644285, -33.458647], [-70.644257, -33.458643], [-70.64423, -33.458637], [-70.644203, -33.45863], [-70.644178, -33.458623], [-70.644152, -33.458618], [-70.644127, -33.458612], [-70.644108, -33.458607], [-70.644078, -33.458602], [-70.644053, -33.458597], [-70.644027, -33.458593], [-70.644007, -33.458592], [-70.643983, -33.458588], [-70.643958, -33.458583], [-70.643932, -33.458578], [-70.643905, -33.458573], [-70.64388, -33.458567], [-70.643853, -33.458562], [-70.643828, -33.458557], [-70.643802, -33.458552], [-70.643777, -33.458545], [-70.643752, -33.458535], [-70.643727, -33.45853], [-70.643702, -33.458525], [-70.643673, -33.458518], [-70.643647, -33.458512], [-70.643622, -33.458503], [-70.643595, -33.458497], [-70.643575, -33.458492], [-70.643548, -33.458487], [-70.643523, -33.458483], [-70.64349, -33.458475], [-70.643463, -33.458472], [-70.643443, -33.458467], [-70.643413, -33.458458], [-70.643387, -33.458453], [-70.64336, -33.45845], [-70.643333, -33.458445], [-70.643308, -33.458438], [-70.643282, -33.458435], [-70.643255, -33.45843], [-70.643227, -33.458425], [-70.643198, -33.45842], [-70.643172, -33.458415], [-70.643147, -33.458407], [-70.64312, -33.458402], [-70.643098, -33.458397], [-70.643065, -33.45839], [-70.643038, -33.458385], [-70.643012, -33.45838], [-70.64299, -33.458375], [-70.642958, -33.45837], [-70.642932, -33.458367], [-70.642905, -33.458362], [-70.64288, -33.458357], [-70.642853, -33.458352], [-70.642827, -33.458345], [-70.6428, -33.45834], [-70.642775, -33.458333], [-70.642748, -33.458328], [-70.642725, -33.458322], [-70.642698, -33.458317], [-70.642672, -33.458312], [-70.642647, -33.458307], [-70.642618, -33.458303], [-70.642595, -33.458298], [-70.64257, -33.458295], [-70.642552, -33.458292], [-70.64252, -33.458287], [-70.642495, -33.458282], [-70.64247, -33.458275], [-70.64245, -33.45827], [-70.64242, -33.458263], [-70.642395, -33.458257], [-70.64237, -33.458252], [-70.642348, -33.458245], [-70.642328, -33.458242], [-70.642298, -33.458233], [-70.642272, -33.458227], [-70.642247, -33.45822], [-70.64222, -33.458215], [-70.6422, -33.458212], [-70.642168, -33.458205], [-70.642142, -33.458198], [-70.642122, -33.458195], [-70.642097, -33.45819], [-70.642067, -33.458182], [-70.642042, -33.458177], [-70.642018, -33.458172], [-70.641993, -33.458165], [-70.641968, -33.45816], [-70.641943, -33.458152], [-70.641918, -33.458145], [-70.641895, -33.458138], [-70.641872, -33.458133], [-70.641847, -33.458128], [-70.641825, -33.458122], [-70.641803, -33.458112], [-70.64178, -33.458105], [-70.641758, -33.458102], [-70.641735, -33.458097], [-70.641712, -33.45809], [-70.64169, -33.458085], [-70.641665, -33.45808], [-70.641633, -33.458072], [-70.641612, -33.458068], [-70.641588, -33.458063], [-70.641558, -33.458058], [-70.641533, -33.458053], [-70.641507, -33.458048], [-70.641482, -33.458042], [-70.641455, -33.458035], [-70.64143, -33.45803], [-70.641407, -33.458027], [-70.641387, -33.458023], [-70.641362, -33.458017], [-70.641333, -33.458008], [-70.641308, -33.458003], [-70.641285, -33.457998], [-70.64126, -33.457992], [-70.641235, -33.457983], [-70.641208, -33.457978], [-70.641183, -33.457972], [-70.64116, -33.457967], [-70.641138, -33.457963], [-70.641108, -33.457955], [-70.641083, -33.45795], [-70.64106, -33.457947], [-70.641037, -33.457942], [-70.641015, -33.457937], [-70.640987, -33.45793], [-70.640962, -33.457923], [-70.640938, -33.457918], [-70.640913, -33.457912], [-70.640888, -33.457907], [-70.640863, -33.4579], [-70.640838, -33.457898], [-70.640813, -33.457893], [-70.640788, -33.45789], [-70.640763, -33.457885], [-70.640738, -33.45788], [-70.640715, -33.457875], [-70.640692, -33.45787], [-70.640665, -33.457865], [-70.640642, -33.457858], [-70.640623, -33.457855], [-70.640595, -33.457847], [-70.64057, -33.457843], [-70.640545, -33.45784], [-70.640525, -33.457835], [-70.640493, -33.457828], [-70.640465, -33.457823], [-70.640438, -33.45782], [-70.640415, -33.457815], [-70.640397, -33.457812], [-70.640367, -33.457802], [-70.640345, -33.457795], [-70.64032, -33.457788], [-70.640295, -33.457782], [-70.640268, -33.457773], [-70.640243, -33.457763], [-70.640218, -33.457757], [-70.640192, -33.45775], [-70.640167, -33.457745], [-70.640143, -33.457742], [-70.64011, -33.45774], [-70.640085, -33.457738], [-70.64006, -33.457733], [-70.640028, -33.457723], [-70.64, -33.45771], [-70.639975, -33.457702], [-70.639952, -33.457693], [-70.639922, -33.457682], [-70.639892, -33.45767], [-70.639865, -33.457665], [-70.639838, -33.457662], [-70.639817, -33.457655], [-70.639793, -33.457652], [-70.639767, -33.457645], [-70.639733, -33.457635], [-70.639708, -33.457633], [-70.639685, -33.457632], [-70.639658, -33.45763], [-70.639635, -33.457627], [-70.63961, -33.457622], [-70.639587, -33.457618], [-70.639562, -33.457613], [-70.639537, -33.457608], [-70.63951, -33.457602], [-70.639483, -33.457595], [-70.63946, -33.457588], [-70.639437, -33.457582], [-70.639412, -33.457577], [-70.639388, -33.457572], [-70.639363, -33.457567], [-70.639342, -33.457562], [-70.639318, -33.457557], [-70.639295, -33.457548], [-70.639273, -33.457542], [-70.639248, -33.457537], [-70.639225, -33.45753], [-70.639198, -33.457523], [-70.639175, -33.457518], [-70.63915, -33.457515], [-70.639125, -33.45751], [-70.639103, -33.457507], [-70.639082, -33.4575], [-70.639062, -33.457493], [-70.639042, -33.457485], [-70.639018, -33.457478], [-70.638995, -33.457472], [-70.63897, -33.457467], [-70.638945, -33.457462], [-70.63892, -33.457457], [-70.638893, -33.457455], [-70.638865, -33.457453], [-70.638843, -33.457445], [-70.638818, -33.45744], [-70.638792, -33.45744], [-70.63876, -33.457437], [-70.638735, -33.457433], [-70.638713, -33.45743], [-70.638692, -33.457425], [-70.638668, -33.457422], [-70.638642, -33.457417], [-70.638618, -33.45741], [-70.638592, -33.457405], [-70.638568, -33.4574], [-70.638545, -33.457398], [-70.63852, -33.457392], [-70.638492, -33.457385], [-70.638465, -33.45738], [-70.638438, -33.457377], [-70.638413, -33.457373], [-70.638387, -33.45737], [-70.63836, -33.457367], [-70.638333, -33.457362], [-70.638308, -33.457357], [-70.638282, -33.457353], [-70.638253, -33.45735], [-70.638228, -33.457343], [-70.638202, -33.457337], [-70.638175, -33.457333], [-70.638152, -33.457327], [-70.638127, -33.457323], [-70.6381, -33.45732], [-70.638075, -33.457313], [-70.638048, -33.457307], [-70.638023, -33.4573], [-70.637997, -33.457293], [-70.637972, -33.457287], [-70.637945, -33.457278], [-70.63792, -33.457273], [-70.637902, -33.457268], [-70.637872, -33.457263], [-70.637847, -33.457257], [-70.637822, -33.45725], [-70.637797, -33.457245], [-70.63777, -33.457242], [-70.637743, -33.457235], [-70.637718, -33.45723], [-70.637693, -33.457222], [-70.637673, -33.457218], [-70.637642, -33.45721], [-70.637615, -33.457202], [-70.637593, -33.457195], [-70.637568, -33.45719], [-70.637545, -33.457185], [-70.637518, -33.457182], [-70.637492, -33.45718], [-70.637467, -33.457177], [-70.637442, -33.457172], [-70.637413, -33.457165], [-70.63739, -33.457157], [-70.637363, -33.457148], [-70.63734, -33.457142], [-70.637315, -33.457135], [-70.637292, -33.457125], [-70.63727, -33.457115], [-70.637243, -33.457103], [-70.637222, -33.457098], [-70.637197, -33.457093], [-70.637168, -33.457088], [-70.637142, -33.457087], [-70.637113, -33.457082], [-70.637088, -33.457077], [-70.637063, -33.457072], [-70.637035, -33.457065], [-70.637007, -33.45706], [-70.636978, -33.457057], [-70.63695, -33.457053], [-70.636923, -33.457048], [-70.636897, -33.457047], [-70.636875, -33.457043], [-70.636843, -33.457037], [-70.636817, -33.45703], [-70.63679, -33.457023], [-70.636762, -33.457017], [-70.636735, -33.457008], [-70.636707, -33.456998], [-70.636677, -33.45699], [-70.636655, -33.456983], [-70.63662, -33.456973], [-70.636593, -33.456968], [-70.636573, -33.456965], [-70.636545, -33.45696], [-70.63651, -33.456952], [-70.636483, -33.456945], [-70.636457, -33.456942], [-70.636437, -33.456942], [-70.636403, -33.456937], [-70.636372, -33.45693], [-70.636347, -33.456923], [-70.636318, -33.45692], [-70.636298, -33.456917], [-70.636273, -33.456913], [-70.636247, -33.456908], [-70.636215, -33.456903], [-70.636195, -33.456898], [-70.636163, -33.456892], [-70.636135, -33.456887], [-70.636108, -33.456883], [-70.636088, -33.45688], [-70.636063, -33.456875], [-70.636033, -33.456868], [-70.636008, -33.456862], [-70.635985, -33.456857], [-70.635958, -33.45685], [-70.635932, -33.456845], [-70.635905, -33.45684], [-70.635878, -33.456835], [-70.635853, -33.45683], [-70.635828, -33.456825], [-70.635797, -33.456818], [-70.635772, -33.456813], [-70.635745, -33.456807], [-70.635722, -33.456802], [-70.635695, -33.456798], [-70.635668, -33.456793], [-70.635645, -33.456788], [-70.635623, -33.456785], [-70.635592, -33.456777], [-70.635568, -33.456772], [-70.635548, -33.456767], [-70.635523, -33.456762], [-70.635502, -33.456755], [-70.635472, -33.45675], [-70.635447, -33.456745], [-70.635425, -33.456742], [-70.635405, -33.45674], [-70.635375, -33.456737], [-70.63535, -33.456735], [-70.635328, -33.456735], [-70.635307, -33.45673], [-70.63529, -33.456725], [-70.63526, -33.456722], [-70.635233, -33.456713], [-70.635207, -33.456703], [-70.63518, -33.456695], [-70.635155, -33.456685], [-70.63513, -33.456678], [-70.635105, -33.456673], [-70.635082, -33.456667], [-70.635062, -33.456662], [-70.635035, -33.456653], [-70.635003, -33.456645], [-70.634978, -33.45664], [-70.634955, -33.456637], [-70.63493, -33.456632], [-70.634905, -33.456625], [-70.63488, -33.45662], [-70.63486, -33.456617], [-70.634835, -33.456612], [-70.634803, -33.456602], [-70.634783, -33.456598], [-70.634757, -33.456593], [-70.634732, -33.456588], [-70.634707, -33.456585], [-70.634677, -33.45658], [-70.634653, -33.456575], [-70.634628, -33.45657], [-70.634607, -33.456565], [-70.634583, -33.456558], [-70.634553, -33.456553], [-70.63453, -33.45655], [-70.634507, -33.456545], [-70.634482, -33.456538], [-70.634457, -33.456533], [-70.63443, -33.456527], [-70.634405, -33.456522], [-70.634385, -33.456518], [-70.634362, -33.456515], [-70.634337, -33.456512], [-70.634308, -33.456507], [-70.634288, -33.456502], [-70.634258, -33.456497], [-70.634233, -33.456492], [-70.634208, -33.456487], [-70.634185, -33.45648], [-70.634165, -33.456478], [-70.634135, -33.456472], [-70.634112, -33.456465], [-70.634088, -33.456458], [-70.634062, -33.456452], [-70.634042, -33.456447], [-70.634012, -33.456438], [-70.633987, -33.456433], [-70.633963, -33.45643], [-70.633945, -33.456428], [-70.633917, -33.456423], [-70.633893, -33.45642], [-70.633867, -33.456415], [-70.633842, -33.456408], [-70.633822, -33.456403], [-70.633797, -33.456402], [-70.63377, -33.4564], [-70.633742, -33.456395], [-70.633718, -33.456392], [-70.633687, -33.456385], [-70.633663, -33.45638], [-70.63364, -33.456377], [-70.633617, -33.45637], [-70.633598, -33.456365], [-70.633572, -33.456357], [-70.633547, -33.456352], [-70.633522, -33.456345], [-70.633497, -33.45634], [-70.63347, -33.456333], [-70.633443, -33.456328], [-70.633418, -33.456323], [-70.633397, -33.456322], [-70.633372, -33.45632], [-70.633342, -33.456315], [-70.633317, -33.45631], [-70.63329, -33.456305], [-70.633265, -33.4563], [-70.633247, -33.456297], [-70.633217, -33.456288], [-70.633192, -33.456282], [-70.633168, -33.456275], [-70.633143, -33.456272], [-70.63312, -33.456268], [-70.633093, -33.456263], [-70.633073, -33.456258], [-70.633047, -33.456253], [-70.633022, -33.456247], [-70.632992, -33.456242], [-70.632967, -33.456237], [-70.632947, -33.456233], [-70.632923, -33.45623], [-70.632895, -33.456225], [-70.63287, -33.456218], [-70.632845, -33.456212], [-70.63282, -33.456207], [-70.632795, -33.4562], [-70.63277, -33.456193], [-70.632752, -33.456188], [-70.632728, -33.45618], [-70.6327, -33.456173], [-70.632675, -33.456168], [-70.63265, -33.456162], [-70.632625, -33.456157], [-70.632602, -33.45615], [-70.632572, -33.456143], [-70.632545, -33.456137], [-70.632522, -33.456132], [-70.632502, -33.456127], [-70.632473, -33.456122], [-70.632448, -33.456113], [-70.632422, -33.456108], [-70.632395, -33.456102], [-70.63237, -33.456097], [-70.632345, -33.456093], [-70.632318, -33.456088], [-70.632293, -33.456083], [-70.632275, -33.45608], [-70.632245, -33.456073], [-70.632222, -33.456068], [-70.632195, -33.456063], [-70.632175, -33.456058], [-70.632148, -33.456053], [-70.632118, -33.456045], [-70.632093, -33.456038], [-70.63207, -33.45603], [-70.63205, -33.456025], [-70.632018, -33.456015], [-70.631993, -33.45601], [-70.631968, -33.456003], [-70.631942, -33.455997], [-70.631922, -33.45599], [-70.631893, -33.455982], [-70.63187, -33.455975], [-70.631852, -33.455968], [-70.631827, -33.45596], [-70.631795, -33.455952], [-70.63177, -33.455945], [-70.631745, -33.45594], [-70.631727, -33.455937], [-70.631695, -33.455928], [-70.631675, -33.455925], [-70.631645, -33.455918], [-70.631622, -33.455915], [-70.631595, -33.45591], [-70.63157, -33.455905], [-70.631547, -33.455897], [-70.631523, -33.455887], [-70.631498, -33.455882], [-70.631473, -33.455875], [-70.631442, -33.45587], [-70.631417, -33.455863], [-70.631388, -33.45586], [-70.631367, -33.455857], [-70.631343, -33.455855], [-70.631313, -33.45585], [-70.631288, -33.455845], [-70.631268, -33.455842], [-70.631243, -33.455835], [-70.631213, -33.455828], [-70.631193, -33.455825], [-70.631172, -33.455818], [-70.631147, -33.455812], [-70.631115, -33.455803], [-70.631085, -33.4558], [-70.631055, -33.455798], [-70.631033, -33.455795], [-70.631012, -33.455792], [-70.630992, -33.455783], [-70.630973, -33.45577], [-70.63095, -33.455758], [-70.630928, -33.45575], [-70.630907, -33.455748], [-70.630878, -33.455747], [-70.630855, -33.455743], [-70.630835, -33.45574], [-70.630815, -33.455732], [-70.630793, -33.455725], [-70.630772, -33.45572], [-70.630748, -33.45571], [-70.630725, -33.455702], [-70.630705, -33.455693], [-70.630672, -33.45568], [-70.630648, -33.455675], [-70.63062, -33.455668], [-70.630592, -33.455662], [-70.630555, -33.455647], [-70.630532, -33.45564], [-70.63051, -33.455633], [-70.630497, -33.455628], [-70.630488, -33.455625], [-70.630482, -33.455623], [-70.630475, -33.455623], [-70.630465, -33.455622], [-70.630453, -33.455623], [-70.630442, -33.455623], [-70.630427, -33.455623], [-70.630417, -33.455625], [-70.630403, -33.455623], [-70.630388, -33.45562], [-70.630375, -33.455617], [-70.63036, -33.455613], [-70.630348, -33.45561], [-70.630338, -33.455607], [-70.63033, -33.455608], [-70.630315, -33.455605], [-70.630295, -33.455605], [-70.630275, -33.455605], [-70.630258, -33.455607], [-70.630233, -33.455602], [-70.630203, -33.455595], [-70.63018, -33.455593], [-70.630157, -33.45559], [-70.630138, -33.45559], [-70.630108, -33.455582], [-70.630083, -33.455573], [-70.630058, -33.455568], [-70.630038, -33.455567], [-70.630012, -33.455565], [-70.629983, -33.455558], [-70.629958, -33.45555], [-70.62994, -33.455545], [-70.629917, -33.455538], [-70.629888, -33.45553], [-70.629867, -33.455525], [-70.629842, -33.45552], [-70.629823, -33.455515], [-70.6298, -33.455513], [-70.629777, -33.455513], [-70.629752, -33.455513], [-70.62973, -33.455512], [-70.629705, -33.455507], [-70.62968, -33.455502], [-70.62965, -33.455497], [-70.629623, -33.455492], [-70.6296, -33.455487], [-70.629583, -33.455483], [-70.629557, -33.455478], [-70.629533, -33.45547], [-70.629507, -33.45546], [-70.629487, -33.455453], [-70.629457, -33.45544], [-70.629435, -33.455428], [-70.629415, -33.45541], [-70.62939, -33.455403], [-70.629365, -33.455405], [-70.629327, -33.455402], [-70.6293, -33.455395], [-70.629275, -33.45539], [-70.629255, -33.455387], [-70.62923, -33.455382], [-70.629198, -33.455368], [-70.629172, -33.455357], [-70.62914, -33.455347], [-70.62911, -33.455337], [-70.629077, -33.455327], [-70.629045, -33.455317], [-70.629017, -33.45531], [-70.628985, -33.455303], [-70.628965, -33.455302], [-70.62893, -33.455302], [-70.628902, -33.455287], [-70.628877, -33.455275], [-70.628855, -33.455273], [-70.62883, -33.455278], [-70.628808, -33.455283], [-70.628783, -33.455275], [-70.62877, -33.455263], [-70.628745, -33.455253], [-70.628718, -33.455247], [-70.628693, -33.455243], [-70.628675, -33.455245], [-70.628645, -33.45525], [-70.628613, -33.455253], [-70.628587, -33.455248], [-70.628562, -33.455242], [-70.628535, -33.455237], [-70.628517, -33.455232], [-70.628482, -33.455228], [-70.628455, -33.455225], [-70.628428, -33.455222], [-70.628407, -33.455217], [-70.628382, -33.455215], [-70.628352, -33.455213], [-70.628318, -33.455215], [-70.628295, -33.455213], [-70.628267, -33.455213], [-70.628232, -33.455212], [-70.628203, -33.455212], [-70.628177, -33.455213], [-70.628153, -33.455213], [-70.628127, -33.455215], [-70.628093, -33.455217], [-70.628065, -33.455223], [-70.628037, -33.45523], [-70.628007, -33.455232], [-70.627977, -33.455232], [-70.62795, -33.455232], [-70.627922, -33.455232], [-70.627898, -33.455232], [-70.627872, -33.455237], [-70.627847, -33.45524], [-70.62782, -33.455243], [-70.627793, -33.455245], [-70.627765, -33.455248], [-70.627742, -33.455252], [-70.627713, -33.455253], [-70.627685, -33.455255], [-70.627657, -33.455255], [-70.62763, -33.455258], [-70.6276, -33.455258], [-70.627572, -33.455263], [-70.627548, -33.455265], [-70.627522, -33.455268], [-70.627488, -33.455268], [-70.62746, -33.45527], [-70.627432, -33.455273], [-70.627403, -33.455277], [-70.627373, -33.45528], [-70.627345, -33.455282], [-70.627317, -33.455283], [-70.627288, -33.455283], [-70.62726, -33.455283], [-70.627232, -33.455282], [-70.627202, -33.455285], [-70.627173, -33.455288], [-70.627145, -33.455292], [-70.62712, -33.455298], [-70.627093, -33.455305], [-70.627067, -33.455312], [-70.627043, -33.45532], [-70.627018, -33.455325], [-70.626992, -33.45533], [-70.626968, -33.455333], [-70.626943, -33.455337], [-70.626917, -33.455343], [-70.626892, -33.455353], [-70.626868, -33.455363], [-70.626845, -33.455372], [-70.626822, -33.455383], [-70.626798, -33.455397], [-70.626775, -33.45541], [-70.626753, -33.455422], [-70.626728, -33.455437], [-70.626702, -33.455448], [-70.62668, -33.455463], [-70.62666, -33.455478], [-70.626638, -33.455492], [-70.626618, -33.455507], [-70.626597, -33.455522], [-70.626577, -33.455538], [-70.626555, -33.455557], [-70.626542, -33.455575], [-70.626522, -33.455595], [-70.626507, -33.455608], [-70.626483, -33.45563], [-70.626465, -33.455647], [-70.626448, -33.455665], [-70.626432, -33.455682], [-70.626408, -33.4557], [-70.626383, -33.45572], [-70.626367, -33.45573], [-70.626345, -33.455747], [-70.626322, -33.455767], [-70.626303, -33.455783], [-70.626285, -33.455802], [-70.626267, -33.45582], [-70.626253, -33.455835], [-70.626233, -33.455853], [-70.626213, -33.455875], [-70.626195, -33.455892], [-70.626177, -33.45591], [-70.626163, -33.455925], [-70.62614, -33.455945], [-70.626123, -33.455965], [-70.626108, -33.455985], [-70.626095, -33.455998], [-70.626077, -33.456017], [-70.62606, -33.456037], [-70.626038, -33.45606], [-70.626022, -33.456078], [-70.626007, -33.456092], [-70.62599, -33.456113], [-70.625973, -33.45613], [-70.625958, -33.456148], [-70.625948, -33.456165], [-70.62593, -33.456188], [-70.625915, -33.456207], [-70.625902, -33.456227], [-70.625885, -33.456245], [-70.62587, -33.456262], [-70.625853, -33.456277], [-70.625838, -33.456295], [-70.625823, -33.456315], [-70.62581, -33.456337], [-70.625797, -33.456357], [-70.625775, -33.456372], [-70.625753, -33.45639], [-70.625738, -33.456403], [-70.62572, -33.456422], [-70.625697, -33.456443], [-70.62568, -33.456462], [-70.625665, -33.456482], [-70.625653, -33.456498], [-70.625635, -33.456523], [-70.62562, -33.456543], [-70.625605, -33.456562], [-70.625588, -33.45658], [-70.625572, -33.456598], [-70.625557, -33.456617], [-70.625543, -33.456637], [-70.625527, -33.456657], [-70.625512, -33.45667], [-70.625488, -33.456688], [-70.62547, -33.456703], [-70.62545, -33.45672], [-70.625435, -33.456737], [-70.62542, -33.456753], [-70.6254, -33.456773], [-70.62538, -33.456792], [-70.625363, -33.45681], [-70.625347, -33.45683], [-70.625325, -33.456852], [-70.625312, -33.45687], [-70.625297, -33.45689], [-70.62528, -33.45691], [-70.625262, -33.456927], [-70.625245, -33.456947], [-70.625227, -33.456965], [-70.625213, -33.45698], [-70.625193, -33.457003], [-70.625178, -33.45702], [-70.625162, -33.45704], [-70.625148, -33.457057], [-70.625127, -33.457078], [-70.625108, -33.457097], [-70.625088, -33.457113], [-70.625068, -33.457132], [-70.625053, -33.457147], [-70.625032, -33.45717], [-70.625015, -33.457188], [-70.624998, -33.457208], [-70.62498, -33.457225], [-70.624963, -33.457242], [-70.624948, -33.457262], [-70.624932, -33.45728], [-70.624917, -33.4573], [-70.624898, -33.457318], [-70.62488, -33.457335], [-70.62486, -33.457352], [-70.624842, -33.457368], [-70.624825, -33.457383], [-70.624803, -33.457403], [-70.624787, -33.45742], [-70.62477, -33.457437], [-70.624753, -33.457453], [-70.624738, -33.457467], [-70.62472, -33.457487], [-70.624705, -33.457505], [-70.62469, -33.457523], [-70.624672, -33.457542], [-70.624657, -33.45756], [-70.624642, -33.457578], [-70.624623, -33.457597], [-70.62461, -33.45761], [-70.624588, -33.457632], [-70.624572, -33.45765], [-70.624557, -33.457668], [-70.62454, -33.457683], [-70.624522, -33.4577], [-70.624503, -33.457717], [-70.624487, -33.457733], [-70.62447, -33.457755], [-70.624453, -33.45777], [-70.624438, -33.457788], [-70.624422, -33.457807], [-70.624403, -33.457825], [-70.624385, -33.457843], [-70.624365, -33.45786], [-70.624347, -33.457878], [-70.62433, -33.457893], [-70.62431, -33.457912], [-70.624293, -33.457932], [-70.624277, -33.45795], [-70.62426, -33.45797], [-70.624243, -33.457987], [-70.624228, -33.458005], [-70.624213, -33.458023], [-70.624197, -33.458042], [-70.62418, -33.458057], [-70.624168, -33.458073], [-70.624155, -33.458092], [-70.62414, -33.458112], [-70.624125, -33.45813], [-70.624105, -33.45815], [-70.624087, -33.458168], [-70.62407, -33.458183], [-70.624047, -33.458205], [-70.624028, -33.458225], [-70.624012, -33.458245], [-70.623997, -33.458267], [-70.623982, -33.458288], [-70.623965, -33.458308], [-70.62395, -33.458328], [-70.623932, -33.458347], [-70.623915, -33.458367], [-70.623895, -33.458385], [-70.623875, -33.458405], [-70.623858, -33.458425], [-70.623845, -33.45844], [-70.623828, -33.458463], [-70.623812, -33.458485], [-70.623793, -33.458505], [-70.623777, -33.458522], [-70.62376, -33.45854], [-70.623742, -33.458555], [-70.623725, -33.458573], [-70.623712, -33.45859], [-70.62369, -33.458613], [-70.623672, -33.458632], [-70.623653, -33.45865], [-70.623638, -33.458667], [-70.62362, -33.458688], [-70.623603, -33.458708], [-70.623585, -33.458727], [-70.623567, -33.458743], [-70.623552, -33.458758], [-70.623532, -33.458777], [-70.623512, -33.4588], [-70.623493, -33.458817], [-70.623473, -33.458833], [-70.623455, -33.458852], [-70.623435, -33.458868], [-70.623417, -33.458888], [-70.623398, -33.458907], [-70.623378, -33.458925], [-70.623362, -33.458943], [-70.623345, -33.458962], [-70.623327, -33.45898], [-70.623308, -33.458998], [-70.623288, -33.459017], [-70.623268, -33.459035], [-70.62325, -33.459053], [-70.623232, -33.459073], [-70.623217, -33.45909], [-70.6232, -33.459108], [-70.62318, -33.459128], [-70.62316, -33.459148], [-70.623147, -33.459165], [-70.623125, -33.459188], [-70.623107, -33.459205], [-70.623087, -33.459223], [-70.62307, -33.459238], [-70.623055, -33.459253], [-70.623035, -33.459278], [-70.623017, -33.459297], [-70.623, -33.459315], [-70.622983, -33.459335], [-70.622968, -33.459352], [-70.622952, -33.45937], [-70.622933, -33.459388], [-70.622915, -33.459407], [-70.622897, -33.459425], [-70.62288, -33.459443], [-70.622863, -33.459462], [-70.622848, -33.459478], [-70.622832, -33.459497], [-70.622815, -33.459513], [-70.622798, -33.45953], [-70.622783, -33.459545], [-70.622765, -33.459562], [-70.622745, -33.45958], [-70.622723, -33.459603], [-70.622707, -33.459622], [-70.622688, -33.45964], [-70.62267, -33.459658], [-70.622652, -33.459675], [-70.622633, -33.459693], [-70.622615, -33.459712], [-70.622595, -33.45973], [-70.62258, -33.459742], [-70.622557, -33.459762], [-70.62254, -33.459782], [-70.622525, -33.459803], [-70.622512, -33.459818], [-70.622493, -33.45984], [-70.622477, -33.459862], [-70.62246, -33.45988], [-70.622443, -33.4599], [-70.622428, -33.459917], [-70.62241, -33.459935], [-70.62239, -33.459952], [-70.622372, -33.459968], [-70.622357, -33.459985], [-70.622337, -33.460007], [-70.622318, -33.460028], [-70.6223, -33.460045], [-70.622282, -33.460063], [-70.622262, -33.460082], [-70.622245, -33.4601], [-70.622228, -33.460118], [-70.622212, -33.460135], [-70.622192, -33.460153], [-70.622175, -33.460172], [-70.622158, -33.46019], [-70.62214, -33.46021], [-70.622122, -33.460227], [-70.622108, -33.460242], [-70.622087, -33.460263], [-70.62207, -33.46028], [-70.622053, -33.460297], [-70.622035, -33.460313], [-70.62202, -33.460325], [-70.622003, -33.460347], [-70.62198, -33.460368], [-70.621958, -33.460387], [-70.621943, -33.4604], [-70.621918, -33.46042], [-70.621898, -33.460435], [-70.621878, -33.46045], [-70.62186, -33.460468], [-70.621842, -33.460485], [-70.621823, -33.460502], [-70.621807, -33.46052], [-70.62179, -33.460538], [-70.621778, -33.460552], [-70.62176, -33.46057], [-70.621742, -33.460587], [-70.621725, -33.460603], [-70.62171, -33.460617], [-70.621693, -33.460633], [-70.62167, -33.460655], [-70.621653, -33.460673], [-70.62164, -33.460688], [-70.621625, -33.460708], [-70.621608, -33.46073], [-70.621593, -33.460748], [-70.621577, -33.460765], [-70.621558, -33.460782], [-70.621542, -33.460798], [-70.621525, -33.460813], [-70.621507, -33.46083], [-70.621487, -33.460843], [-70.62147, -33.460858], [-70.621447, -33.460878], [-70.621428, -33.460897], [-70.621412, -33.46092], [-70.6214, -33.460937], [-70.621382, -33.46096], [-70.621365, -33.46098], [-70.621347, -33.460998], [-70.621328, -33.461013], [-70.621305, -33.461037], [-70.621283, -33.461055], [-70.621263, -33.461073], [-70.621245, -33.461088], [-70.621232, -33.4611], [-70.621217, -33.461117], [-70.621197, -33.461137], [-70.621178, -33.461153], [-70.621158, -33.46117], [-70.62114, -33.46118], [-70.621115, -33.461198], [-70.621097, -33.461213], [-70.621073, -33.461223], [-70.62105, -33.461235], [-70.621027, -33.461245], [-70.621002, -33.461255], [-70.620978, -33.461265], [-70.620952, -33.461275], [-70.620927, -33.461285], [-70.620905, -33.461293], [-70.62088, -33.461302], [-70.620853, -33.461308], [-70.620827, -33.461313], [-70.620802, -33.461322], [-70.620777, -33.461325], [-70.62075, -33.461327], [-70.620723, -33.461328], [-70.620698, -33.461333], [-70.62067, -33.461335], [-70.620642, -33.461338], [-70.620617, -33.461338], [-70.620592, -33.461338], [-70.620565, -33.46134], [-70.620535, -33.46134], [-70.620505, -33.46134], [-70.620472, -33.461342], [-70.620438, -33.46134], [-70.620408, -33.46134], [-70.620378, -33.461338], [-70.620353, -33.461337], [-70.620325, -33.461335], [-70.620297, -33.461335], [-70.620268, -33.461337], [-70.62024, -33.461337], [-70.620213, -33.461337], [-70.620188, -33.461335], [-70.620163, -33.461332], [-70.620137, -33.461328], [-70.620105, -33.461323], [-70.620075, -33.461318], [-70.620048, -33.461312], [-70.620017, -33.461312], [-70.619987, -33.461312], [-70.619958, -33.46131], [-70.61993, -33.46131], [-70.619903, -33.46131], [-70.619877, -33.461308], [-70.619857, -33.46131], [-70.619832, -33.46131], [-70.619803, -33.461312], [-70.619782, -33.46131], [-70.619757, -33.461307], [-70.619727, -33.461307], [-70.6197, -33.461312], [-70.619672, -33.461313], [-70.619643, -33.461318], [-70.619617, -33.46132], [-70.619593, -33.461322], [-70.61956, -33.461325], [-70.619532, -33.461327], [-70.619505, -33.46133], [-70.61948, -33.461335], [-70.619462, -33.461337], [-70.61943, -33.46134], [-70.619403, -33.461342], [-70.619375, -33.461345], [-70.619352, -33.461347], [-70.61932, -33.461348], [-70.619292, -33.46135], [-70.619263, -33.461353], [-70.619237, -33.461357], [-70.61921, -33.46136], [-70.619192, -33.461363], [-70.619162, -33.461367], [-70.619137, -33.461372], [-70.619112, -33.461377], [-70.619085, -33.46138], [-70.61906, -33.461383], [-70.619035, -33.461387], [-70.619013, -33.461388], [-70.618983, -33.46139], [-70.618957, -33.461395], [-70.61893, -33.4614], [-70.618912, -33.461402], [-70.618883, -33.461405], [-70.618855, -33.461407], [-70.618825, -33.46141], [-70.618798, -33.461412], [-70.618775, -33.461415], [-70.618755, -33.461417], [-70.618723, -33.461417], [-70.618697, -33.461418], [-70.618672, -33.461422], [-70.618652, -33.461423], [-70.61862, -33.461427], [-70.618597, -33.461427], [-70.618568, -33.461428], [-70.618545, -33.46143], [-70.618512, -33.461433], [-70.618485, -33.461435], [-70.618458, -33.461437], [-70.618432, -33.461437], [-70.618412, -33.461437], [-70.61838, -33.461438], [-70.618352, -33.461438], [-70.618325, -33.461442], [-70.618298, -33.461445], [-70.618272, -33.461447], [-70.618245, -33.46145], [-70.618218, -33.461453], [-70.618192, -33.461458], [-70.61817, -33.46146], [-70.618138, -33.461463], [-70.618112, -33.461467], [-70.618083, -33.46147], [-70.618057, -33.461473], [-70.61803, -33.461478], [-70.618005, -33.461483], [-70.617978, -33.461485], [-70.617952, -33.461487], [-70.617927, -33.461488], [-70.617902, -33.461492], [-70.617877, -33.461493], [-70.61785, -33.461495], [-70.617823, -33.461495], [-70.617797, -33.461495], [-70.61777, -33.461498], [-70.617743, -33.4615], [-70.617717, -33.461502], [-70.617693, -33.461503], [-70.617667, -33.461505], [-70.61764, -33.461508], [-70.617613, -33.46151], [-70.617587, -33.461512], [-70.61756, -33.461515], [-70.617533, -33.461518], [-70.617507, -33.46152], [-70.61748, -33.46152], [-70.617457, -33.461518], [-70.617425, -33.461522], [-70.617398, -33.461523], [-70.617373, -33.461525], [-70.617347, -33.461528], [-70.61732, -33.461528], [-70.617293, -33.461527], [-70.617265, -33.46153], [-70.61724, -33.461533], [-70.617212, -33.461537], [-70.617185, -33.461537], [-70.617158, -33.46154], [-70.617132, -33.461542], [-70.617103, -33.461545], [-70.617077, -33.461548], [-70.61705, -33.461548], [-70.617023, -33.46155], [-70.616998, -33.46155], [-70.616972, -33.461553], [-70.616947, -33.461558], [-70.61692, -33.46156], [-70.616893, -33.461563], [-70.616868, -33.461565], [-70.616843, -33.461565], [-70.616818, -33.461567], [-70.616793, -33.46157], [-70.616767, -33.461572], [-70.61674, -33.461575], [-70.616713, -33.461578], [-70.616687, -33.46158], [-70.61666, -33.461582], [-70.616633, -33.461585], [-70.616607, -33.461588], [-70.616578, -33.46159], [-70.616552, -33.461592], [-70.616525, -33.461597], [-70.616497, -33.4616], [-70.61647, -33.461602], [-70.616442, -33.461603], [-70.616417, -33.461603], [-70.61639, -33.461605], [-70.616363, -33.461605], [-70.616337, -33.461607], [-70.616308, -33.461608], [-70.616282, -33.461612], [-70.616255, -33.461615], [-70.616228, -33.461617], [-70.616202, -33.461618], [-70.616175, -33.461622], [-70.616148, -33.461623], [-70.61612, -33.461625], [-70.616093, -33.461625], [-70.616067, -33.461627], [-70.61604, -33.46163], [-70.61601, -33.461633], [-70.615983, -33.461638], [-70.615957, -33.461638], [-70.61593, -33.461638], [-70.615905, -33.461638], [-70.61588, -33.461638], [-70.615853, -33.461638], [-70.615827, -33.46164], [-70.615802, -33.46164], [-70.615773, -33.461642], [-70.615747, -33.461643], [-70.615718, -33.461645], [-70.61569, -33.461647], [-70.615665, -33.461648], [-70.61564, -33.46165], [-70.615612, -33.461652], [-70.615592, -33.461653], [-70.615563, -33.461653], [-70.615533, -33.461655], [-70.615508, -33.461658], [-70.61548, -33.46166], [-70.615457, -33.461662], [-70.615433, -33.46166], [-70.615403, -33.461662], [-70.615375, -33.461667], [-70.61535, -33.46167], [-70.615323, -33.461673], [-70.615298, -33.461675], [-70.61527, -33.461678], [-70.615243, -33.46168], [-70.615217, -33.461682], [-70.615188, -33.461687], [-70.615162, -33.46169], [-70.615135, -33.461692], [-70.615108, -33.461695], [-70.615087, -33.461697], [-70.615055, -33.461698], [-70.615028, -33.4617], [-70.615002, -33.461703], [-70.614975, -33.461703], [-70.614948, -33.461705], [-70.61492, -33.461708], [-70.614893, -33.461708], [-70.614865, -33.461713], [-70.614838, -33.461717], [-70.614812, -33.461715], [-70.614785, -33.461717], [-70.614758, -33.46172], [-70.61473, -33.461722], [-70.614703, -33.461723], [-70.614677, -33.461725], [-70.614647, -33.461727], [-70.614622, -33.46173], [-70.614602, -33.461732], [-70.614572, -33.461733], [-70.614547, -33.461737], [-70.61452, -33.461738], [-70.614495, -33.46174], [-70.61447, -33.46174], [-70.614442, -33.461742], [-70.614415, -33.461742], [-70.614388, -33.461743], [-70.614363, -33.461743], [-70.614338, -33.461745], [-70.614313, -33.461745], [-70.614287, -33.461747], [-70.61426, -33.461747], [-70.614235, -33.46175], [-70.614207, -33.461752], [-70.61418, -33.461755], [-70.614155, -33.461757], [-70.61413, -33.461758], [-70.614107, -33.46176], [-70.61408, -33.461763], [-70.614053, -33.461767], [-70.614027, -33.461768], [-70.614002, -33.461768], [-70.613977, -33.46177], [-70.61395, -33.461772], [-70.613923, -33.461772], [-70.6139, -33.461775], [-70.613875, -33.461777], [-70.61385, -33.461778], [-70.613825, -33.46178], [-70.6138, -33.461785], [-70.613773, -33.46179], [-70.613745, -33.461792], [-70.613718, -33.461793], [-70.613693, -33.461795], [-70.613668, -33.461798], [-70.613643, -33.4618], [-70.613618, -33.461802], [-70.613592, -33.461803], [-70.613567, -33.461803], [-70.613538, -33.461805], [-70.613512, -33.461807], [-70.613485, -33.46181], [-70.613462, -33.461813], [-70.613437, -33.461815], [-70.61341, -33.461817], [-70.613385, -33.461818], [-70.613358, -33.461823], [-70.613335, -33.461825], [-70.613305, -33.461827], [-70.613278, -33.461828], [-70.613252, -33.461832], [-70.613225, -33.461837], [-70.6132, -33.461837], [-70.613175, -33.461838], [-70.613148, -33.461838], [-70.613122, -33.46184], [-70.613095, -33.461842], [-70.613068, -33.461843], [-70.613043, -33.461843], [-70.613018, -33.461847], [-70.613, -33.46185], [-70.612972, -33.461853], [-70.612947, -33.461855], [-70.61292, -33.461858], [-70.612893, -33.46186], [-70.612867, -33.461862], [-70.612838, -33.461867], [-70.612812, -33.46187], [-70.612787, -33.461872], [-70.61276, -33.461872], [-70.612735, -33.461872], [-70.612708, -33.461873], [-70.612683, -33.461877], [-70.612658, -33.46188], [-70.612633, -33.461882], [-70.612608, -33.46188], [-70.612582, -33.461882], [-70.612555, -33.461885], [-70.61253, -33.46189], [-70.612505, -33.461892], [-70.612478, -33.461893], [-70.612453, -33.461897], [-70.612427, -33.461897], [-70.612402, -33.461898], [-70.612377, -33.461898], [-70.612352, -33.461902], [-70.612325, -33.461903], [-70.612298, -33.461907], [-70.612273, -33.461908], [-70.612248, -33.46191], [-70.612223, -33.461913], [-70.612205, -33.461915], [-70.612175, -33.461917], [-70.61215, -33.46192], [-70.612125, -33.461925], [-70.6121, -33.461927], [-70.612075, -33.461928], [-70.612048, -33.46193], [-70.612023, -33.461932], [-70.611995, -33.461932], [-70.61197, -33.461935], [-70.611945, -33.461937], [-70.611918, -33.461938], [-70.611893, -33.461938], [-70.611867, -33.461938], [-70.611843, -33.46194], [-70.61182, -33.461938], [-70.611797, -33.461938], [-70.611772, -33.461938], [-70.611747, -33.461937], [-70.61172, -33.461935], [-70.611695, -33.461933], [-70.611668, -33.461933], [-70.611643, -33.461932], [-70.611617, -33.461928], [-70.611592, -33.461927], [-70.611565, -33.461923], [-70.61154, -33.461922], [-70.611513, -33.461923], [-70.611487, -33.461923], [-70.611462, -33.461923], [-70.611435, -33.461922], [-70.611408, -33.461923], [-70.611382, -33.461922], [-70.611355, -33.461923], [-70.611328, -33.461923], [-70.611302, -33.461925], [-70.611275, -33.461925], [-70.61125, -33.461927], [-70.611222, -33.461928], [-70.611197, -33.46193], [-70.61117, -33.461932], [-70.611143, -33.461937], [-70.611118, -33.461942], [-70.611093, -33.461945], [-70.611068, -33.461945], [-70.611042, -33.461947], [-70.611015, -33.461945], [-70.61099, -33.461948], [-70.610965, -33.46195], [-70.61094, -33.461952], [-70.610915, -33.461955], [-70.610892, -33.461957], [-70.610868, -33.461958], [-70.610843, -33.46196], [-70.61082, -33.46196], [-70.610793, -33.461963], [-70.610767, -33.461965], [-70.610743, -33.461968], [-70.610718, -33.46197], [-70.610693, -33.461972], [-70.610668, -33.461973], [-70.610643, -33.461975], [-70.610617, -33.461977], [-70.610595, -33.461978], [-70.610565, -33.461982], [-70.610538, -33.461983], [-70.610512, -33.461985], [-70.610487, -33.461985], [-70.61046, -33.461987], [-70.610435, -33.461985], [-70.61041, -33.461987], [-70.610385, -33.461988], [-70.61036, -33.461987], [-70.610335, -33.461982], [-70.61031, -33.461978], [-70.610283, -33.461972], [-70.610265, -33.461967], [-70.61024, -33.461953], [-70.61022, -33.46194], [-70.6102, -33.461927], [-70.61018, -33.461913], [-70.610162, -33.461895], [-70.610148, -33.461875], [-70.610138, -33.461857], [-70.610128, -33.461833], [-70.610125, -33.461813], [-70.610117, -33.461787], [-70.610115, -33.461763], [-70.610112, -33.461742], [-70.610108, -33.46172], [-70.610105, -33.461698], [-70.610105, -33.461675], [-70.610103, -33.461652], [-70.610102, -33.46163], [-70.610102, -33.46161], [-70.610103, -33.461587], [-70.610102, -33.461565], [-70.610103, -33.461543], [-70.610103, -33.461522], [-70.610103, -33.461498], [-70.610103, -33.461478], [-70.610103, -33.461455], [-70.610103, -33.461433], [-70.610102, -33.461415], [-70.610102, -33.461388], [-70.6101, -33.46137], [-70.610097, -33.46135], [-70.610093, -33.46133], [-70.610092, -33.46131], [-70.610088, -33.461288], [-70.610087, -33.461268], [-70.610087, -33.461253], [-70.610083, -33.461225], [-70.61008, -33.461205], [-70.610072, -33.461182], [-70.610065, -33.461163], [-70.610065, -33.46114], [-70.610062, -33.461118], [-70.610057, -33.461095], [-70.610053, -33.461072], [-70.610048, -33.46105], [-70.610043, -33.461028], [-70.610038, -33.461008], [-70.610033, -33.460987], [-70.610032, -33.460968], [-70.610033, -33.460947], [-70.610033, -33.460923], [-70.610032, -33.4609], [-70.610027, -33.460878], [-70.610025, -33.460862], [-70.610022, -33.46084], [-70.610017, -33.460815], [-70.61001, -33.460795], [-70.610005, -33.460773], [-70.610003, -33.460753], [-70.609998, -33.460732], [-70.609995, -33.460702], [-70.60999, -33.46068], [-70.609987, -33.460657], [-70.60998, -33.460635], [-70.609977, -33.460615], [-70.609973, -33.460595], [-70.60997, -33.460575], [-70.609965, -33.460555], [-70.609962, -33.460532], [-70.609955, -33.46051], [-70.609947, -33.460485], [-70.60994, -33.460463], [-70.609938, -33.460442], [-70.609933, -33.46042], [-70.609927, -33.460397], [-70.60992, -33.460373], [-70.60991, -33.460352], [-70.609902, -33.46033], [-70.609895, -33.460307], [-70.609888, -33.460283], [-70.609887, -33.46026], [-70.609883, -33.460238], [-70.609882, -33.460217], [-70.609878, -33.460193], [-70.609873, -33.46017], [-70.609867, -33.46015], [-70.609862, -33.460127], [-70.609858, -33.460107], [-70.60986, -33.460087], [-70.609857, -33.460068], [-70.609855, -33.460052], [-70.609853, -33.460028], [-70.60985, -33.460008], [-70.609848, -33.459987], [-70.609842, -33.459968], [-70.609837, -33.459942], [-70.609833, -33.45992], [-70.609828, -33.459897], [-70.609823, -33.459875], [-70.609817, -33.459857], [-70.609808, -33.459832], [-70.609802, -33.459808], [-70.609797, -33.459787], [-70.609795, -33.459765], [-70.609793, -33.459743], [-70.609792, -33.459722], [-70.60979, -33.4597], [-70.609787, -33.459677], [-70.609787, -33.459653], [-70.609785, -33.459632], [-70.609787, -33.45961], [-70.609783, -33.45959], [-70.609782, -33.459568], [-70.609777, -33.459547], [-70.609775, -33.459525], [-70.609773, -33.459502], [-70.60977, -33.459482], [-70.609763, -33.459453], [-70.609758, -33.459432], [-70.609755, -33.45941], [-70.60975, -33.459387], [-70.609745, -33.459363], [-70.60974, -33.45934], [-70.609735, -33.45932], [-70.60973, -33.459302], [-70.609725, -33.459283], [-70.60972, -33.459262], [-70.60972, -33.459242], [-70.609718, -33.459218], [-70.609715, -33.459197], [-70.609713, -33.459175], [-70.60971, -33.459155], [-70.609708, -33.459132], [-70.609705, -33.45911], [-70.6097, -33.45909], [-70.609693, -33.45907], [-70.60969, -33.459052], [-70.609683, -33.459032], [-70.60968, -33.459015], [-70.609677, -33.458997], [-70.609675, -33.458972], [-70.609673, -33.45895], [-70.609673, -33.458927], [-70.609673, -33.458905], [-70.609672, -33.45888], [-70.609667, -33.458857], [-70.609662, -33.458835], [-70.609657, -33.45881], [-70.609653, -33.458788], [-70.609648, -33.458765], [-70.609645, -33.458743], [-70.609642, -33.458725], [-70.60964, -33.458703], [-70.609635, -33.458683], [-70.609632, -33.458662], [-70.609628, -33.458638], [-70.609627, -33.458617], [-70.609625, -33.458602], [-70.60962, -33.458575], [-70.609618, -33.458552], [-70.609617, -33.458532], [-70.609615, -33.45851], [-70.609612, -33.458488], [-70.609605, -33.458467], [-70.6096, -33.458443], [-70.609595, -33.45842], [-70.609593, -33.458397], [-70.60959, -33.458377], [-70.609585, -33.458355], [-70.60958, -33.458335], [-70.609575, -33.458313], [-70.609575, -33.458293], [-70.609572, -33.458272], [-70.609567, -33.458248], [-70.609562, -33.458223], [-70.60956, -33.458207], [-70.609558, -33.45818], [-70.609557, -33.45816], [-70.60956, -33.458138], [-70.609562, -33.458117], [-70.609562, -33.458097], [-70.60956, -33.458072], [-70.609557, -33.45805], [-70.609557, -33.45803], [-70.609557, -33.458013], [-70.609555, -33.457992], [-70.609555, -33.45797], [-70.609552, -33.45795], [-70.609547, -33.45793], [-70.60954, -33.45791], [-70.609533, -33.457888], [-70.609525, -33.457868], [-70.609518, -33.457847], [-70.609513, -33.457818], [-70.609512, -33.457797], [-70.609505, -33.457775], [-70.609502, -33.457757], [-70.609498, -33.457737], [-70.609498, -33.457718], [-70.609497, -33.457697], [-70.609495, -33.457672], [-70.609493, -33.45765], [-70.609485, -33.457628], [-70.609482, -33.457608], [-70.609478, -33.457587], [-70.609478, -33.457565], [-70.609473, -33.457545], [-70.609468, -33.457523], [-70.609465, -33.457502], [-70.609465, -33.457482], [-70.609463, -33.457462], [-70.60946, -33.457442], [-70.609455, -33.457418], [-70.609452, -33.457398], [-70.609445, -33.457378], [-70.609442, -33.45736], [-70.609438, -33.457345], [-70.609433, -33.457318], [-70.60943, -33.457298], [-70.609427, -33.457277], [-70.60942, -33.457255], [-70.609418, -33.457235], [-70.609415, -33.457213], [-70.60941, -33.45719], [-70.609408, -33.457167], [-70.609405, -33.45715], [-70.6094, -33.457122], [-70.609397, -33.457102], [-70.609393, -33.457082], [-70.609388, -33.45706], [-70.609387, -33.457038], [-70.609385, -33.457017], [-70.60938, -33.456988], [-70.609373, -33.456968], [-70.60937, -33.456948], [-70.609367, -33.456928], [-70.609365, -33.456907], [-70.609365, -33.456885], [-70.609363, -33.456862], [-70.609365, -33.456838], [-70.609363, -33.456813], [-70.609362, -33.456792], [-70.609362, -33.456767], [-70.609355, -33.456747], [-70.609348, -33.456732], [-70.609347, -33.456702], [-70.60935, -33.456678], [-70.609348, -33.456652], [-70.609347, -33.456632], [-70.609343, -33.45661], [-70.609342, -33.456587], [-70.609338, -33.456563], [-70.609338, -33.456542], [-70.609337, -33.45652], [-70.609333, -33.456498], [-70.609332, -33.456475], [-70.60933, -33.456455], [-70.609327, -33.456433], [-70.609322, -33.45641], [-70.609317, -33.456388], [-70.609313, -33.456367], [-70.60931, -33.456347], [-70.609308, -33.456323], [-70.609303, -33.456302], [-70.609298, -33.45628], [-70.609293, -33.456257], [-70.60929, -33.45624], [-70.609285, -33.456215], [-70.609282, -33.456188], [-70.609277, -33.456167], [-70.609272, -33.456145], [-70.609268, -33.456127], [-70.609267, -33.456107], [-70.609265, -33.456085], [-70.609262, -33.456058], [-70.60926, -33.456035], [-70.609257, -33.456017], [-70.609255, -33.455997], [-70.609252, -33.455968], [-70.60925, -33.455947], [-70.609245, -33.45593], [-70.609242, -33.455908], [-70.609242, -33.455883], [-70.609238, -33.455863], [-70.609235, -33.455845], [-70.609235, -33.45583], [-70.60923, -33.455808], [-70.609228, -33.455788], [-70.609225, -33.455768], [-70.60922, -33.455747], [-70.609215, -33.455728], [-70.609208, -33.455705], [-70.6092, -33.45568], [-70.609197, -33.455657], [-70.609195, -33.455635], [-70.609195, -33.45562], [-70.609192, -33.455598], [-70.609187, -33.455573], [-70.609185, -33.45555], [-70.609183, -33.45553], [-70.609182, -33.455512], [-70.60918, -33.45549], [-70.609177, -33.455465], [-70.609173, -33.455443], [-70.609173, -33.45542], [-70.60917, -33.4554], [-70.609168, -33.455378], [-70.609165, -33.455353], [-70.609163, -33.455335], [-70.60916, -33.455313], [-70.609155, -33.455292], [-70.609152, -33.45527], [-70.60915, -33.455248], [-70.609145, -33.455228], [-70.609143, -33.455208], [-70.609143, -33.455185], [-70.609142, -33.455165], [-70.609138, -33.455145], [-70.609133, -33.455123], [-70.609132, -33.4551], [-70.60913, -33.455078], [-70.609127, -33.455058], [-70.609123, -33.455037], [-70.609123, -33.455015], [-70.609122, -33.454993], [-70.60912, -33.454972], [-70.609118, -33.454948], [-70.609118, -33.454928], [-70.609113, -33.454903], [-70.609112, -33.454882], [-70.609105, -33.454862], [-70.609102, -33.454845], [-70.609095, -33.454822], [-70.609092, -33.4548], [-70.609087, -33.454778], [-70.609083, -33.454757], [-70.609078, -33.454735], [-70.609078, -33.454712], [-70.609075, -33.45469], [-70.609072, -33.45467], [-70.60907, -33.454647], [-70.609067, -33.45463], [-70.609062, -33.454605], [-70.609057, -33.454585], [-70.60905, -33.454563], [-70.609045, -33.454545], [-70.60904, -33.454518], [-70.609037, -33.454497], [-70.609033, -33.454475], [-70.609027, -33.454453], [-70.609023, -33.454435], [-70.609018, -33.454413], [-70.609015, -33.454387], [-70.60901, -33.454367], [-70.609008, -33.454352], [-70.609002, -33.454332], [-70.608993, -33.454308], [-70.608992, -33.454285], [-70.608987, -33.454262], [-70.608983, -33.454247], [-70.608977, -33.454225], [-70.60897, -33.4542], [-70.608963, -33.45418], [-70.608958, -33.454158], [-70.608953, -33.454138], [-70.608947, -33.454117], [-70.60894, -33.454097], [-70.608933, -33.454077], [-70.608927, -33.45406], [-70.60892, -33.454038], [-70.608915, -33.45401], [-70.608913, -33.453988], [-70.608912, -33.453963], [-70.608908, -33.453945], [-70.608907, -33.453922], [-70.608903, -33.453895], [-70.608902, -33.453872], [-70.608897, -33.45385], [-70.608895, -33.453832], [-70.608895, -33.453803], [-70.608897, -33.45378], [-70.608893, -33.453757], [-70.608893, -33.453733], [-70.608893, -33.453712], [-70.608895, -33.453688], [-70.608893, -33.453665], [-70.608895, -33.453643], [-70.608895, -33.453623], [-70.608902, -33.453602], [-70.608908, -33.453578], [-70.608915, -33.453558], [-70.60892, -33.453537], [-70.608925, -33.453515], [-70.608927, -33.453493], [-70.608928, -33.453473], [-70.608932, -33.453453], [-70.608935, -33.453433], [-70.60894, -33.453412], [-70.608945, -33.453392], [-70.608953, -33.45337], [-70.60896, -33.453352], [-70.608962, -33.453332], [-70.608967, -33.453308], [-70.60897, -33.453287], [-70.608975, -33.45327], [-70.608978, -33.453245], [-70.60898, -33.453227], [-70.608988, -33.453208], [-70.609005, -33.45319], [-70.609017, -33.45317], [-70.609028, -33.45315], [-70.609038, -33.453127], [-70.60905, -33.453105], [-70.609062, -33.453085], [-70.609072, -33.453062], [-70.60908, -33.45304], [-70.609087, -33.453017], [-70.609092, -33.452995], [-70.6091, -33.452975], [-70.609115, -33.452957], [-70.609125, -33.452938], [-70.609135, -33.45292], [-70.609148, -33.452902], [-70.60916, -33.45288], [-70.609168, -33.45286], [-70.609177, -33.452835], [-70.609183, -33.45281], [-70.609185, -33.452787], [-70.60919, -33.452768], [-70.609197, -33.452745], [-70.609202, -33.452728], [-70.60921, -33.452703], [-70.609215, -33.452683], [-70.609218, -33.452663], [-70.609223, -33.452642], [-70.609232, -33.45262], [-70.60924, -33.452598], [-70.609247, -33.452578], [-70.609252, -33.452562], [-70.609257, -33.45254], [-70.609265, -33.452515], [-70.609272, -33.452495], [-70.60928, -33.452473], [-70.609285, -33.45246], [-70.609293, -33.452437], [-70.609305, -33.45241], [-70.609313, -33.45239], [-70.60932, -33.45237], [-70.609325, -33.45235], [-70.609333, -33.452328], [-70.609343, -33.452305], [-70.609352, -33.452285], [-70.60936, -33.452267], [-70.609365, -33.45225], [-70.609367, -33.452232], [-70.609372, -33.452212], [-70.609377, -33.452197], [-70.609387, -33.452172], [-70.609397, -33.45215], [-70.609403, -33.452128], [-70.60941, -33.452107], [-70.609418, -33.452083], [-70.609427, -33.452062], [-70.609437, -33.452043], [-70.609442, -33.452022], [-70.609452, -33.451997], [-70.60946, -33.45198], [-70.609468, -33.451955], [-70.609487, -33.451932], [-70.609493, -33.451917], [-70.609502, -33.451893], [-70.60951, -33.45187], [-70.609518, -33.451852], [-70.609528, -33.45183], [-70.609533, -33.451812], [-70.609547, -33.451788], [-70.609557, -33.451768], [-70.609563, -33.451748], [-70.609568, -33.451727], [-70.609575, -33.451707], [-70.609583, -33.45169], [-70.609593, -33.451667], [-70.609602, -33.451652], [-70.60961, -33.45163], [-70.609622, -33.451605], [-70.60963, -33.451585], [-70.609638, -33.451565], [-70.609648, -33.451547], [-70.609655, -33.451527], [-70.609662, -33.451503], [-70.609668, -33.451485], [-70.609678, -33.451467], [-70.609685, -33.451445], [-70.609692, -33.451425], [-70.609693, -33.451403], [-70.609697, -33.451382], [-70.609698, -33.45136], [-70.609705, -33.45134], [-70.60971, -33.451322], [-70.609718, -33.451302], [-70.609727, -33.451282], [-70.609738, -33.451265], [-70.609753, -33.45124], [-70.609762, -33.451217], [-70.60976, -33.451193], [-70.609765, -33.45117], [-70.60977, -33.451147], [-70.60978, -33.451125], [-70.609793, -33.451102], [-70.609798, -33.451078], [-70.609808, -33.451055], [-70.609812, -33.451035], [-70.60982, -33.451013], [-70.609827, -33.450993], [-70.609835, -33.450973], [-70.609842, -33.450952], [-70.60985, -33.450932], [-70.60986, -33.450912], [-70.609868, -33.45089], [-70.609873, -33.45087], [-70.60988, -33.450847], [-70.609885, -33.450825], [-70.609892, -33.450803], [-70.609898, -33.450787], [-70.609905, -33.450765], [-70.609915, -33.45074], [-70.609922, -33.450723], [-70.609927, -33.4507], [-70.609935, -33.45068], [-70.609947, -33.450652], [-70.609955, -33.45063], [-70.609962, -33.450608], [-70.609972, -33.450587], [-70.60998, -33.45057], [-70.609988, -33.450543], [-70.609995, -33.450523], [-70.61, -33.4505], [-70.610007, -33.45048], [-70.610013, -33.45046], [-70.610017, -33.450438], [-70.610027, -33.450417], [-70.610032, -33.4504], [-70.61004, -33.450375], [-70.610048, -33.450353], [-70.610058, -33.450333], [-70.610067, -33.450315], [-70.610072, -33.450295], [-70.610078, -33.45027], [-70.610085, -33.450248], [-70.610092, -33.450228], [-70.610098, -33.450212], [-70.610107, -33.450187], [-70.610112, -33.450165], [-70.610118, -33.450143], [-70.610125, -33.450123], [-70.61013, -33.450103], [-70.610137, -33.450082], [-70.610142, -33.450062], [-70.610147, -33.450042], [-70.610153, -33.45002], [-70.61016, -33.45], [-70.610165, -33.449978], [-70.610172, -33.449957], [-70.610175, -33.449935], [-70.61018, -33.449913], [-70.610183, -33.449892], [-70.61019, -33.449873], [-70.610195, -33.449858], [-70.610203, -33.449837], [-70.610212, -33.449812], [-70.610217, -33.44979], [-70.61022, -33.449768], [-70.610223, -33.44975], [-70.610232, -33.44973], [-70.610242, -33.449707], [-70.610248, -33.449687], [-70.610253, -33.449665], [-70.610258, -33.449642], [-70.610263, -33.449622], [-70.610263, -33.4496], [-70.610272, -33.449578], [-70.61028, -33.449558], [-70.610292, -33.44954], [-70.610303, -33.449517], [-70.610315, -33.449497], [-70.610323, -33.44948], [-70.610333, -33.449457], [-70.61034, -33.449437], [-70.610348, -33.449413], [-70.610355, -33.449393], [-70.610362, -33.449377], [-70.610372, -33.449355], [-70.610382, -33.449337], [-70.610392, -33.449317], [-70.6104, -33.449297], [-70.610407, -33.449277], [-70.610413, -33.449257], [-70.61042, -33.449235], [-70.610425, -33.449218], [-70.610432, -33.449195], [-70.610437, -33.449175], [-70.610442, -33.449153], [-70.610447, -33.449133], [-70.610452, -33.44911], [-70.610458, -33.449088], [-70.610468, -33.449068], [-70.610475, -33.449047], [-70.610482, -33.44903], [-70.61049, -33.449003], [-70.610498, -33.448983], [-70.610508, -33.44896], [-70.610513, -33.448942], [-70.610523, -33.448922], [-70.610532, -33.448895], [-70.610537, -33.448872], [-70.61054, -33.448857], [-70.610547, -33.448835], [-70.610555, -33.448812], [-70.610562, -33.448783], [-70.610567, -33.448763], [-70.610573, -33.448742], [-70.61058, -33.44872], [-70.610587, -33.448698], [-70.610595, -33.448675], [-70.610602, -33.448653], [-70.610607, -33.448637], [-70.610613, -33.448617], [-70.610622, -33.448592], [-70.61063, -33.448568], [-70.610633, -33.44855], [-70.61064, -33.448528], [-70.610648, -33.448503], [-70.610657, -33.448483], [-70.610665, -33.44846], [-70.61067, -33.448443], [-70.610678, -33.448417], [-70.610682, -33.448395], [-70.61069, -33.44837], [-70.610697, -33.448347], [-70.610703, -33.448327], [-70.610712, -33.448305], [-70.610718, -33.448285], [-70.610728, -33.448262], [-70.610735, -33.448243], [-70.610748, -33.448217], [-70.610757, -33.448195], [-70.610765, -33.448175], [-70.610772, -33.448153], [-70.61078, -33.44813], [-70.610787, -33.44811], [-70.610793, -33.44809], [-70.610802, -33.44807], [-70.61081, -33.448048], [-70.610818, -33.448028], [-70.610823, -33.448007], [-70.610832, -33.447985], [-70.610838, -33.447968], [-70.610845, -33.44794], [-70.610853, -33.447917], [-70.61086, -33.447895], [-70.610862, -33.447873], [-70.610868, -33.447853], [-70.610873, -33.447832], [-70.610877, -33.447808], [-70.610883, -33.447788], [-70.61089, -33.447767], [-70.610895, -33.447747], [-70.610902, -33.447723], [-70.610905, -33.447703], [-70.610912, -33.447682], [-70.610918, -33.44766], [-70.610927, -33.447638], [-70.610933, -33.447618], [-70.610943, -33.447597], [-70.610953, -33.447577], [-70.610962, -33.447557], [-70.610968, -33.447538], [-70.610973, -33.447518], [-70.610983, -33.447497], [-70.610993, -33.447475], [-70.611005, -33.447453], [-70.611012, -33.447432], [-70.61102, -33.447412], [-70.611025, -33.447392], [-70.611028, -33.44737], [-70.611035, -33.44735], [-70.611047, -33.447332], [-70.611055, -33.44731], [-70.611067, -33.44729], [-70.611078, -33.44727], [-70.611098, -33.447255], [-70.611115, -33.447235], [-70.611137, -33.447215], [-70.611152, -33.447195], [-70.61116, -33.447172], [-70.611167, -33.447153], [-70.611188, -33.447128], [-70.611197, -33.44711], [-70.611203, -33.447092], [-70.611205, -33.447067], [-70.611213, -33.447043], [-70.611222, -33.447023], [-70.611233, -33.446998], [-70.611242, -33.446978], [-70.611248, -33.446958], [-70.61125, -33.446938], [-70.611252, -33.44692], [-70.611253, -33.446898], [-70.611253, -33.446877], [-70.611245, -33.446855], [-70.61125, -33.446835], [-70.611257, -33.446815], [-70.611262, -33.446792], [-70.611268, -33.446772], [-70.611275, -33.446748], [-70.61128, -33.446727], [-70.611285, -33.446703], [-70.611292, -33.44668], [-70.611297, -33.44666], [-70.611303, -33.446638], [-70.611308, -33.446617], [-70.611313, -33.446595], [-70.611322, -33.446572], [-70.61133, -33.446548], [-70.611338, -33.446527], [-70.611347, -33.446503], [-70.611355, -33.44648], [-70.611362, -33.446457], [-70.611367, -33.446437], [-70.61137, -33.446415], [-70.611375, -33.446393], [-70.611378, -33.446372], [-70.611378, -33.446357], [-70.611383, -33.446333], [-70.611383, -33.446312], [-70.61138, -33.446295], [-70.611385, -33.446273], [-70.611392, -33.446253], [-70.611397, -33.446232], [-70.611402, -33.44621], [-70.61141, -33.446193], [-70.611422, -33.446167], [-70.611425, -33.446147], [-70.61143, -33.446125], [-70.61144, -33.446103], [-70.611443, -33.446082], [-70.611442, -33.446058], [-70.61144, -33.44604], [-70.611448, -33.446018], [-70.611453, -33.445997], [-70.611458, -33.445973], [-70.611463, -33.44595], [-70.611468, -33.445932], [-70.611477, -33.445907], [-70.611483, -33.445885], [-70.611492, -33.445863], [-70.6115, -33.445842], [-70.611508, -33.44582], [-70.611517, -33.445798], [-70.611522, -33.44578], [-70.611528, -33.445758], [-70.611535, -33.445737], [-70.611543, -33.445715], [-70.61155, -33.445692], [-70.611558, -33.445672], [-70.611565, -33.44565], [-70.611572, -33.44563], [-70.611575, -33.44561], [-70.61158, -33.445588], [-70.611587, -33.445568], [-70.611595, -33.445547], [-70.611607, -33.445527], [-70.611613, -33.445505], [-70.61162, -33.445483], [-70.611627, -33.445462], [-70.611632, -33.44544], [-70.611637, -33.445418], [-70.611643, -33.445397], [-70.611652, -33.445375], [-70.611657, -33.445353], [-70.611662, -33.44533], [-70.611667, -33.445307], [-70.611675, -33.445282], [-70.611683, -33.44526], [-70.611688, -33.445238], [-70.611695, -33.445215], [-70.611703, -33.445193], [-70.61171, -33.445172], [-70.611717, -33.445152], [-70.611723, -33.445132], [-70.611732, -33.445108], [-70.611742, -33.445087], [-70.61175, -33.445065], [-70.61176, -33.445045], [-70.611767, -33.445023], [-70.611775, -33.445003], [-70.611783, -33.444983], [-70.611788, -33.444962], [-70.611795, -33.444942], [-70.611803, -33.44492], [-70.611812, -33.4449], [-70.611817, -33.44488], [-70.611825, -33.44486], [-70.611832, -33.444838], [-70.611837, -33.444818], [-70.611843, -33.444795], [-70.61185, -33.444773], [-70.611857, -33.444752], [-70.611865, -33.44473], [-70.611873, -33.444707], [-70.611882, -33.444687], [-70.611887, -33.444665], [-70.611893, -33.444643], [-70.611898, -33.444622], [-70.611907, -33.444603], [-70.611915, -33.444585], [-70.611923, -33.444565], [-70.611932, -33.444543], [-70.61194, -33.444523], [-70.611947, -33.444502], [-70.611952, -33.444482], [-70.611957, -33.44446], [-70.611965, -33.444438], [-70.611973, -33.444418], [-70.61198, -33.444398], [-70.611988, -33.444375], [-70.611997, -33.444353], [-70.612005, -33.44433], [-70.612013, -33.444308], [-70.612022, -33.444285], [-70.612025, -33.444265], [-70.612032, -33.444243], [-70.612038, -33.444222], [-70.612047, -33.444202], [-70.612057, -33.444182], [-70.612065, -33.44416], [-70.612072, -33.444138], [-70.61208, -33.444117], [-70.612088, -33.444097], [-70.612098, -33.444075], [-70.612108, -33.444055], [-70.612107, -33.444033], [-70.612107, -33.444012], [-70.612112, -33.44399], [-70.61212, -33.44397], [-70.612125, -33.443948], [-70.612128, -33.443932], [-70.612135, -33.443905], [-70.612143, -33.443885], [-70.612147, -33.443863], [-70.612153, -33.443842], [-70.612155, -33.44382], [-70.612158, -33.4438], [-70.612163, -33.443777], [-70.612168, -33.443753], [-70.612173, -33.443733], [-70.612182, -33.443713], [-70.612188, -33.443693], [-70.612195, -33.44367], [-70.612203, -33.443648], [-70.61221, -33.443627], [-70.612217, -33.443607], [-70.612222, -33.443583], [-70.612227, -33.443567], [-70.612235, -33.44354], [-70.612243, -33.443518], [-70.612252, -33.443498], [-70.612257, -33.443483], [-70.612267, -33.443458], [-70.612277, -33.443438], [-70.612283, -33.443417], [-70.612288, -33.443395], [-70.612295, -33.443372], [-70.612302, -33.44335], [-70.612308, -33.443328], [-70.612313, -33.443305], [-70.61232, -33.443285], [-70.612328, -33.443265], [-70.612337, -33.443245], [-70.612343, -33.443225], [-70.612352, -33.443205], [-70.612362, -33.443182], [-70.612368, -33.443158], [-70.612375, -33.443137], [-70.612382, -33.443117], [-70.61239, -33.443095], [-70.6124, -33.443073], [-70.612408, -33.443052], [-70.612417, -33.443032], [-70.612423, -33.443012], [-70.612427, -33.44299], [-70.612435, -33.44297], [-70.612445, -33.442948], [-70.612453, -33.442928], [-70.61246, -33.442907], [-70.612467, -33.442887], [-70.612475, -33.442867], [-70.612485, -33.442847], [-70.612498, -33.442825], [-70.612505, -33.442803], [-70.612512, -33.442783], [-70.612517, -33.442762], [-70.612522, -33.442742], [-70.612528, -33.442723], [-70.612532, -33.4427], [-70.612542, -33.44268], [-70.612548, -33.44266], [-70.612555, -33.44264], [-70.612565, -33.442618], [-70.612575, -33.442597], [-70.612583, -33.442575], [-70.612587, -33.44255], [-70.61259, -33.442527], [-70.612593, -33.442503], [-70.612597, -33.44248], [-70.612595, -33.442453], [-70.612598, -33.442428], [-70.612602, -33.442403], [-70.612605, -33.442382], [-70.612612, -33.44236], [-70.612615, -33.442337], [-70.61262, -33.442315], [-70.612628, -33.44229], [-70.612637, -33.442263], [-70.61264, -33.442243], [-70.61264, -33.442225], [-70.61264, -33.442205], [-70.612643, -33.442185], [-70.612647, -33.442165], [-70.612652, -33.44214], [-70.612655, -33.442118], [-70.612665, -33.4421], [-70.612673, -33.442073], [-70.612683, -33.442048], [-70.61269, -33.442027], [-70.612692, -33.442008], [-70.612692, -33.441988], [-70.612693, -33.441967], [-70.612695, -33.441947], [-70.6127, -33.441928], [-70.612712, -33.441907], [-70.61272, -33.441892], [-70.612727, -33.441868], [-70.612738, -33.441847], [-70.612748, -33.441823], [-70.61276, -33.441802], [-70.612772, -33.44178], [-70.612783, -33.441765], [-70.612792, -33.441745], [-70.6128, -33.44172], [-70.612807, -33.441698], [-70.612813, -33.441675], [-70.612822, -33.441652], [-70.61283, -33.441628], [-70.612837, -33.441608], [-70.612847, -33.441588], [-70.612855, -33.441568], [-70.612863, -33.441547], [-70.612873, -33.441527], [-70.61288, -33.441508], [-70.612892, -33.441482], [-70.612907, -33.441457], [-70.612918, -33.441437], [-70.612932, -33.441412], [-70.612947, -33.44139], [-70.612955, -33.441368], [-70.612962, -33.441345], [-70.612972, -33.441328], [-70.612978, -33.441307], [-70.612987, -33.441287], [-70.612995, -33.441265], [-70.613003, -33.441245], [-70.613012, -33.441225], [-70.613018, -33.441205], [-70.613027, -33.441183], [-70.613035, -33.44116], [-70.613045, -33.441138], [-70.613058, -33.441115], [-70.61307, -33.441095], [-70.61308, -33.441073], [-70.613092, -33.441055], [-70.613105, -33.441033], [-70.613118, -33.441012], [-70.613128, -33.44099], [-70.613138, -33.440968], [-70.61315, -33.440948], [-70.61316, -33.440927], [-70.61317, -33.440905], [-70.613183, -33.440885], [-70.61319, -33.440862], [-70.613197, -33.440842], [-70.61321, -33.440822], [-70.613222, -33.440802], [-70.61323, -33.440783], [-70.613235, -33.440763], [-70.613243, -33.440745], [-70.613247, -33.440725], [-70.613252, -33.440703], [-70.613255, -33.440687], [-70.613265, -33.440665], [-70.613272, -33.440643], [-70.613278, -33.440625], [-70.613287, -33.440602], [-70.613292, -33.440582], [-70.613295, -33.44056], [-70.613307, -33.440537], [-70.613313, -33.44052], [-70.61331, -33.440505], [-70.613298, -33.440498], [-70.613308, -33.440492], [-70.613313, -33.440482], [-70.613318, -33.44047], [-70.613323, -33.440465], [-70.61333, -33.440458], [-70.613342, -33.44045], [-70.613357, -33.440442], [-70.613362, -33.440423], [-70.613357, -33.440407], [-70.613358, -33.4404], [-70.61336, -33.440387], [-70.613358, -33.440373], [-70.613358, -33.440358], [-70.613365, -33.440345], [-70.613373, -33.440335], [-70.61338, -33.440327], [-70.613382, -33.440315], [-70.613385, -33.440303], [-70.613387, -33.44029], [-70.613388, -33.440277], [-70.61339, -33.440265], [-70.613395, -33.440252], [-70.613393, -33.44024], [-70.613392, -33.440228], [-70.61339, -33.440218], [-70.613388, -33.440208], [-70.613388, -33.4402], [-70.613392, -33.440192], [-70.613397, -33.440182], [-70.613403, -33.440172], [-70.613412, -33.440162], [-70.613415, -33.440157], [-70.613418, -33.440148], [-70.61342, -33.440142], [-70.613418, -33.440132], [-70.613422, -33.440117], [-70.613425, -33.440103], [-70.613428, -33.44009], [-70.613428, -33.440082], [-70.613428, -33.440072], [-70.613428, -33.440063], [-70.613428, -33.440055], [-70.613435, -33.440043], [-70.613435, -33.440032], [-70.613442, -33.440017], [-70.61345, -33.440005], [-70.613457, -33.439993], [-70.613457, -33.439985], [-70.613462, -33.439978], [-70.613463, -33.439967], [-70.61347, -33.439953], [-70.613475, -33.439948], [-70.613487, -33.43994], [-70.613495, -33.439932], [-70.613502, -33.43992], [-70.613508, -33.43991], [-70.613517, -33.4399], [-70.613525, -33.439883], [-70.61353, -33.439867], [-70.613538, -33.439855], [-70.613547, -33.439847], [-70.613555, -33.439838], [-70.613562, -33.439828], [-70.613572, -33.439822], [-70.613585, -33.439807], [-70.613595, -33.439797], [-70.613605, -33.439788], [-70.613612, -33.439782], [-70.613617, -33.439773], [-70.613622, -33.439765], [-70.613627, -33.439753], [-70.613632, -33.43974], [-70.613637, -33.439727], [-70.613637, -33.439712], [-70.613632, -33.439695], [-70.613627, -33.439678], [-70.613623, -33.439665], [-70.61362, -33.439657], [-70.61362, -33.439647], [-70.613622, -33.439638], [-70.613623, -33.439627], [-70.613627, -33.439613], [-70.613628, -33.4396], [-70.61363, -33.439587], [-70.613632, -33.439573], [-70.61363, -33.43956], [-70.613632, -33.439547], [-70.613638, -33.439528], [-70.613645, -33.43951], [-70.61366, -33.439493], [-70.613673, -33.439472], [-70.613692, -33.439447], [-70.6137, -33.43943], [-70.61371, -33.439403], [-70.61372, -33.43938], [-70.613723, -33.439357], [-70.613725, -33.439335], [-70.613718, -33.439308], [-70.613712, -33.439288], [-70.6137, -33.439268], [-70.613685, -33.439247], [-70.613668, -33.439223], [-70.61365, -33.439208], [-70.613628, -33.43919], [-70.613607, -33.439175], [-70.613583, -33.43916], [-70.613558, -33.439145], [-70.613528, -33.439128], [-70.613502, -33.439115], [-70.613473, -33.439103], [-70.613442, -33.439097], [-70.613415, -33.43909], [-70.613388, -33.439087], [-70.613362, -33.439083], [-70.613335, -33.439082], [-70.613308, -33.439078], [-70.613282, -33.439073], [-70.613257, -33.439067], [-70.613238, -33.43906], [-70.61321, -33.439055], [-70.613178, -33.43905], [-70.613148, -33.439047], [-70.613112, -33.439043], [-70.613085, -33.439038], [-70.613058, -33.439032], [-70.613033, -33.439027], [-70.613008, -33.439018], [-70.612983, -33.43901], [-70.612958, -33.439003], [-70.612928, -33.438998], [-70.612903, -33.438995], [-70.612878, -33.43899], [-70.612855, -33.438982], [-70.612828, -33.438975], [-70.6128, -33.43897], [-70.612773, -33.438965], [-70.612745, -33.438962], [-70.612717, -33.438955], [-70.61269, -33.43895], [-70.612662, -33.438942], [-70.612633, -33.438935], [-70.612605, -33.438928], [-70.612578, -33.438925], [-70.61255, -33.438923], [-70.612525, -33.43892], [-70.612498, -33.438918], [-70.61247, -33.438913], [-70.61244, -33.438903], [-70.61241, -33.4389], [-70.612383, -33.438893], [-70.612355, -33.438885], [-70.612322, -33.438877], [-70.612292, -33.438868], [-70.612265, -33.438858], [-70.612235, -33.438852], [-70.612207, -33.438845], [-70.612177, -33.438837], [-70.612145, -33.438832], [-70.612113, -33.438827], [-70.612083, -33.438823], [-70.612057, -33.438818], [-70.612032, -33.438812], [-70.612007, -33.438803], [-70.611978, -33.438795], [-70.611953, -33.438787], [-70.611923, -33.43878], [-70.611897, -33.438773], [-70.61187, -33.438767], [-70.611843, -33.438762], [-70.611817, -33.438757], [-70.611792, -33.43875], [-70.61177, -33.438745], [-70.611742, -33.438737], [-70.611713, -33.438725], [-70.611687, -33.438718], [-70.611658, -33.438712], [-70.61163, -33.438707], [-70.6116, -33.438698], [-70.611573, -33.438692], [-70.611545, -33.438683], [-70.61152, -33.438673], [-70.611493, -33.438667], [-70.611467, -33.43866], [-70.611438, -33.438653], [-70.61141, -33.438648], [-70.61138, -33.438642], [-70.611352, -33.438637], [-70.611323, -33.438633], [-70.611295, -33.438632], [-70.611268, -33.438625], [-70.61124, -33.43862], [-70.611212, -33.438615], [-70.611183, -33.438613], [-70.611157, -33.438612], [-70.611128, -33.438607], [-70.611098, -33.4386], [-70.61107, -33.438595], [-70.611043, -33.438588], [-70.611018, -33.438578], [-70.610995, -33.43857], [-70.61097, -33.438563], [-70.610947, -33.438553], [-70.61092, -33.438547], [-70.610893, -33.438538], [-70.610867, -33.43853], [-70.61084, -33.438527], [-70.610813, -33.438525], [-70.610788, -33.438522], [-70.610763, -33.43852], [-70.610738, -33.438517], [-70.61071, -33.43851], [-70.61068, -33.438503], [-70.610648, -33.4385], [-70.610622, -33.438498], [-70.610595, -33.438493], [-70.610573, -33.438492], [-70.610542, -33.438492], [-70.610515, -33.438493], [-70.610488, -33.438492], [-70.610462, -33.438493], [-70.610437, -33.438493], [-70.610407, -33.438493], [-70.61038, -33.438493], [-70.610353, -33.438492], [-70.610325, -33.438493], [-70.610295, -33.438497], [-70.610268, -33.4385], [-70.610242, -33.438502], [-70.610213, -33.438502], [-70.610187, -33.438505], [-70.610162, -33.438505], [-70.610135, -33.438507], [-70.610108, -33.438508], [-70.610083, -33.43851], [-70.610055, -33.438512], [-70.610028, -33.438513], [-70.61, -33.438515], [-70.609975, -33.438513], [-70.60995, -33.438515], [-70.609927, -33.438517], [-70.6099, -33.438517], [-70.609877, -33.438517], [-70.609855, -33.438515], [-70.609832, -33.438517], [-70.609807, -33.438517], [-70.609783, -33.438517], [-70.609757, -33.438517], [-70.609733, -33.438518], [-70.609712, -33.438522], [-70.609687, -33.438523], [-70.609665, -33.438523], [-70.609638, -33.438525], [-70.609608, -33.438528], [-70.609582, -33.43853], [-70.609555, -33.438532], [-70.60953, -33.438533], [-70.609507, -33.438535], [-70.609482, -33.438535], [-70.609453, -33.438537], [-70.609427, -33.438538], [-70.609398, -33.438542], [-70.609373, -33.438542], [-70.609348, -33.438542], [-70.60932, -33.438545], [-70.609293, -33.438545], [-70.609268, -33.438545], [-70.609242, -33.438545], [-70.609212, -33.438545], [-70.60919, -33.438543], [-70.609157, -33.438542], [-70.60913, -33.438542], [-70.609105, -33.438542], [-70.609077, -33.438538], [-70.609052, -33.438538], [-70.609027, -33.438537], [-70.609002, -33.438538], [-70.608975, -33.438538], [-70.608948, -33.43854], [-70.60892, -33.43854], [-70.608893, -33.43854], [-70.608867, -33.438537], [-70.608847, -33.438533], [-70.608815, -33.43853], [-70.608792, -33.438523], [-70.608767, -33.438518], [-70.60874, -33.438517], [-70.608717, -33.438512], [-70.608688, -33.43851], [-70.60866, -33.438512], [-70.608633, -33.438517], [-70.608608, -33.43852], [-70.608582, -33.438525], [-70.60856, -33.438522], [-70.608538, -33.438517], [-70.60852, -33.438515], [-70.608488, -33.438515], [-70.60846, -33.438517], [-70.608435, -33.438515], [-70.60841, -33.438517], [-70.608385, -33.438517], [-70.608362, -33.438517], [-70.608337, -33.438517], [-70.608312, -33.438517], [-70.608285, -33.438517], [-70.608258, -33.438517], [-70.608232, -33.438518], [-70.608203, -33.438522], [-70.608177, -33.438527], [-70.60815, -33.438527], [-70.608122, -33.438527], [-70.608093, -33.438527], [-70.608065, -33.43853], [-70.608043, -33.438532], [-70.60801, -33.438535], [-70.607987, -33.438537], [-70.607957, -33.438538], [-70.60793, -33.438537], [-70.607898, -33.438532], [-70.607872, -33.438525], [-70.607848, -33.438523], [-70.607823, -33.438522], [-70.607797, -33.438518], [-70.60777, -33.438522], [-70.607745, -33.438522], [-70.607718, -33.438518], [-70.607692, -33.438517], [-70.607667, -33.438512], [-70.60764, -33.438508], [-70.607615, -33.438503], [-70.607588, -33.438498], [-70.607562, -33.438495], [-70.607537, -33.438487], [-70.607512, -33.438485], [-70.60749, -33.438483], [-70.607465, -33.43848], [-70.607432, -33.438472], [-70.607405, -33.438467], [-70.607378, -33.43846], [-70.607352, -33.438453], [-70.607325, -33.438447], [-70.6073, -33.438438], [-70.607275, -33.438432], [-70.60725, -33.438425], [-70.607225, -33.438418], [-70.607198, -33.438412], [-70.607173, -33.438407], [-70.607153, -33.438403], [-70.607123, -33.438397], [-70.6071, -33.438392], [-70.607073, -33.438385], [-70.60705, -33.438377], [-70.607025, -33.438372], [-70.607002, -33.438365], [-70.606977, -33.438358], [-70.606953, -33.438352], [-70.606933, -33.438347], [-70.606902, -33.43834], [-70.606877, -33.438333], [-70.606853, -33.43833], [-70.606828, -33.438325], [-70.606803, -33.438315], [-70.606778, -33.438308], [-70.606757, -33.4383], [-70.606732, -33.438293], [-70.606708, -33.438287], [-70.606683, -33.438282], [-70.606657, -33.438278], [-70.60663, -33.438273], [-70.606603, -33.438272], [-70.606578, -33.438268], [-70.606553, -33.438265], [-70.606528, -33.438262], [-70.606502, -33.43826], [-70.606475, -33.438257], [-70.606448, -33.438255], [-70.606423, -33.438252], [-70.6064, -33.43825], [-70.606373, -33.438248], [-70.606348, -33.438243], [-70.606323, -33.438238], [-70.6063, -33.43823], [-70.606275, -33.438223], [-70.606252, -33.438217], [-70.606228, -33.43821], [-70.606202, -33.438205], [-70.606177, -33.438198], [-70.606153, -33.438193], [-70.606127, -33.43819], [-70.606102, -33.438185], [-70.606078, -33.438178], [-70.606057, -33.43817], [-70.606035, -33.438163], [-70.606012, -33.438158], [-70.60599, -33.43815], [-70.605965, -33.438145], [-70.605938, -33.43814], [-70.605913, -33.438133], [-70.605888, -33.438128], [-70.605867, -33.438127], [-70.605842, -33.438125], [-70.605813, -33.438123], [-70.605787, -33.438118], [-70.605763, -33.438112], [-70.605738, -33.438108], [-70.605712, -33.438103], [-70.605687, -33.4381], [-70.60566, -33.438097], [-70.605633, -33.43809], [-70.605608, -33.438087], [-70.605583, -33.43808], [-70.605558, -33.438073], [-70.605532, -33.438067], [-70.605508, -33.438063], [-70.605483, -33.438058], [-70.605457, -33.43805], [-70.60543, -33.438043], [-70.605408, -33.438042], [-70.605377, -33.43804], [-70.605348, -33.438035], [-70.605323, -33.43803], [-70.605303, -33.438023], [-70.605277, -33.438017], [-70.605247, -33.43801], [-70.605222, -33.438002], [-70.605197, -33.437995], [-70.60517, -33.437987], [-70.605145, -33.437977], [-70.60512, -33.437968], [-70.605095, -33.437965], [-70.60507, -33.437958], [-70.605042, -33.437952], [-70.605017, -33.437943], [-70.604988, -33.437935], [-70.604962, -33.437933], [-70.604933, -33.437932], [-70.604907, -33.437932], [-70.604885, -33.437935], [-70.604858, -33.43793], [-70.604828, -33.437923], [-70.604802, -33.437915], [-70.604775, -33.43791], [-70.604755, -33.437898], [-70.604735, -33.437887], [-70.604712, -33.43788], [-70.60469, -33.43787], [-70.604667, -33.437865], [-70.60464, -33.43786], [-70.604613, -33.437853], [-70.604593, -33.437845], [-70.604567, -33.437843], [-70.604545, -33.437837], [-70.604522, -33.437835], [-70.604498, -33.437828], [-70.604482, -33.43782], [-70.604455, -33.43781], [-70.604432, -33.437802], [-70.604408, -33.437798], [-70.604382, -33.437793], [-70.604357, -33.437788], [-70.60433, -33.437787], [-70.604305, -33.437785], [-70.60428, -33.437778], [-70.604255, -33.437772], [-70.60423, -33.437765], [-70.604212, -33.437758], [-70.604182, -33.43775], [-70.604157, -33.437745], [-70.60413, -33.437738], [-70.60411, -33.437735], [-70.604083, -33.437728], [-70.604053, -33.437718], [-70.604027, -33.43771], [-70.604, -33.437702], [-70.603973, -33.437693], [-70.603948, -33.437683], [-70.603923, -33.437675], [-70.603897, -33.437668], [-70.603872, -33.437663], [-70.603848, -33.437658], [-70.603822, -33.437648], [-70.603795, -33.437643], [-70.603768, -33.437643], [-70.603735, -33.437645], [-70.603708, -33.437642], [-70.603685, -33.437638], [-70.603658, -33.437633], [-70.603633, -33.437628], [-70.603607, -33.437625], [-70.603582, -33.43762], [-70.603555, -33.437613], [-70.60353, -33.437608], [-70.603503, -33.437605], [-70.60348, -33.4376], [-70.603455, -33.437593], [-70.60343, -33.437592], [-70.603405, -33.437587], [-70.60338, -33.437583], [-70.603353, -33.437582], [-70.603327, -33.437578], [-70.603303, -33.437573], [-70.603277, -33.437568], [-70.603252, -33.437563], [-70.603225, -33.437557], [-70.603195, -33.437552], [-70.60317, -33.437543], [-70.603145, -33.437535], [-70.603118, -33.43753], [-70.603093, -33.437525], [-70.603072, -33.437522], [-70.60304, -33.437515], [-70.603015, -33.437507], [-70.60299, -33.437502], [-70.602967, -33.437497], [-70.602943, -33.43749], [-70.60292, -33.437485], [-70.602895, -33.437482], [-70.602872, -33.437478], [-70.602845, -33.437475], [-70.602822, -33.437468], [-70.602797, -33.437465], [-70.602775, -33.437462], [-70.602748, -33.437458], [-70.602723, -33.437453], [-70.6027, -33.437447], [-70.602675, -33.437443], [-70.60265, -33.437438], [-70.602627, -33.437432], [-70.602603, -33.437423], [-70.602578, -33.437417], [-70.602552, -33.437408], [-70.602528, -33.4374], [-70.602505, -33.437393], [-70.60248, -33.437383], [-70.602453, -33.437377], [-70.602427, -33.437373], [-70.602397, -33.43737], [-70.602367, -33.437363], [-70.602338, -33.437358], [-70.602307, -33.437352], [-70.602278, -33.437345], [-70.60225, -33.437338], [-70.602225, -33.437332], [-70.602198, -33.437327], [-70.602172, -33.437318], [-70.602148, -33.437312], [-70.602123, -33.437305], [-70.602098, -33.4373], [-70.602072, -33.437297], [-70.602047, -33.437292], [-70.602025, -33.437287], [-70.602, -33.437283], [-70.601975, -33.437275], [-70.601955, -33.43727], [-70.601928, -33.437263], [-70.6019, -33.437257], [-70.601877, -33.43725], [-70.601853, -33.437242], [-70.601835, -33.437237], [-70.601807, -33.437228], [-70.601782, -33.437222], [-70.601757, -33.437213], [-70.601733, -33.437208], [-70.601708, -33.437205], [-70.601683, -33.4372], [-70.601657, -33.437195], [-70.601632, -33.43719], [-70.601607, -33.437185], [-70.601583, -33.437178], [-70.60156, -33.437172], [-70.601537, -33.437165], [-70.601513, -33.437158], [-70.601488, -33.437152], [-70.601463, -33.437145], [-70.601438, -33.437137], [-70.601413, -33.43713], [-70.601388, -33.437125], [-70.601362, -33.43712], [-70.601335, -33.437117], [-70.60131, -33.437112], [-70.601285, -33.437107], [-70.601262, -33.4371], [-70.601238, -33.437093], [-70.601213, -33.437087], [-70.601188, -33.437083], [-70.60116, -33.437083], [-70.601135, -33.437082], [-70.60111, -33.43708], [-70.601087, -33.437078], [-70.60106, -33.437073], [-70.601033, -33.437068], [-70.601003, -33.437065], [-70.60098, -33.437068], [-70.60096, -33.437075], [-70.600935, -33.437088], [-70.600915, -33.437105], [-70.600898, -33.437123], [-70.600887, -33.43714], [-70.60087, -33.437165], [-70.600862, -33.437185], [-70.600855, -33.437207], [-70.60085, -33.437227], [-70.600843, -33.437247], [-70.600833, -33.437268], [-70.600823, -33.43729], [-70.600813, -33.437313], [-70.600805, -33.437335], [-70.6008, -33.437357], [-70.600787, -33.437388], [-70.600775, -33.437412], [-70.600755, -33.437437], [-70.600747, -33.437462], [-70.600732, -33.43749], [-70.600722, -33.437512], [-70.600717, -33.437533], [-70.600708, -33.437553], [-70.600703, -33.437583], [-70.600697, -33.437607], [-70.600692, -33.437628], [-70.600687, -33.437652], [-70.600682, -33.437675], [-70.600673, -33.437695], [-70.600665, -33.437717], [-70.600658, -33.437738], [-70.60065, -33.437758], [-70.600645, -33.43778], [-70.600642, -33.437803], [-70.600637, -33.437825], [-70.600632, -33.437847], [-70.600628, -33.437867], [-70.600622, -33.437885], [-70.600615, -33.437905], [-70.600608, -33.437927], [-70.6006, -33.43795], [-70.600592, -33.437972], [-70.600585, -33.437993], [-70.600577, -33.438017], [-70.600568, -33.43803], [-70.60056, -33.438057], [-70.600553, -33.43808], [-70.600545, -33.438105], [-70.600537, -33.438128], [-70.600527, -33.438153], [-70.60052, -33.438177], [-70.600515, -33.4382], [-70.600508, -33.438225], [-70.600502, -33.438247], [-70.600497, -33.438272], [-70.600492, -33.438295], [-70.600487, -33.438317], [-70.600482, -33.438342], [-70.600472, -33.438365], [-70.600463, -33.438387], [-70.600455, -33.438412], [-70.600452, -33.438433], [-70.600445, -33.438453], [-70.600442, -33.438472], [-70.60044, -33.438493], [-70.600435, -33.43851], [-70.60043, -33.43853], [-70.600425, -33.438552], [-70.600423, -33.43857], [-70.600417, -33.438592], [-70.60041, -33.438613], [-70.600405, -33.438633], [-70.600393, -33.438657], [-70.600378, -33.438675], [-70.600365, -33.438692], [-70.600355, -33.43871], [-70.600335, -33.438737], [-70.6003, -33.438768], [-70.600267, -33.438803], [-70.600222, -33.438845], [-70.600187, -33.438882], [-70.600172, -33.438907], [-70.600167, -33.438925], [-70.600163, -33.438942], [-70.600158, -33.438963], [-70.600152, -33.438983], [-70.600148, -33.439002], [-70.600143, -33.439022], [-70.60014, -33.439043], [-70.600133, -33.439065], [-70.600127, -33.439088], [-70.600117, -33.439113], [-70.600108, -33.439137], [-70.600103, -33.43916], [-70.600098, -33.439182], [-70.600097, -33.439207], [-70.600098, -33.439232], [-70.600102, -33.439255], [-70.600103, -33.439273], [-70.600115, -33.439288], [-70.60013, -33.439313], [-70.600137, -33.439335], [-70.600143, -33.439355], [-70.600142, -33.439377], [-70.600138, -33.439397], [-70.60014, -33.439415], [-70.600137, -33.439435], [-70.600135, -33.439455], [-70.600133, -33.439475], [-70.600133, -33.439497], [-70.600133, -33.439517], [-70.600128, -33.439537], [-70.600125, -33.439555], [-70.600122, -33.439573], [-70.60012, -33.439592], [-70.600118, -33.43961], [-70.600115, -33.439628], [-70.600112, -33.43965], [-70.600107, -33.439672], [-70.600102, -33.439693], [-70.600095, -33.439713], [-70.600093, -33.439735], [-70.600088, -33.439755], [-70.600085, -33.439777], [-70.60008, -33.4398], [-70.60008, -33.439818], [-70.600075, -33.439838], [-70.600062, -33.439862], [-70.600052, -33.439885], [-70.600043, -33.439912], [-70.600033, -33.439937], [-70.600027, -33.439962], [-70.600018, -33.439987], [-70.60001, -33.440012], [-70.600005, -33.440037], [-70.599995, -33.440062], [-70.599988, -33.440085], [-70.59998, -33.440107], [-70.599973, -33.440132], [-70.599967, -33.440157], [-70.59996, -33.440183], [-70.599952, -33.440208], [-70.599945, -33.440233], [-70.59994, -33.440257], [-70.599937, -33.440282], [-70.599932, -33.440307], [-70.599928, -33.440328], [-70.599925, -33.440353], [-70.599918, -33.440377], [-70.599912, -33.4404], [-70.599903, -33.440425], [-70.599893, -33.44045], [-70.599887, -33.440473], [-70.599882, -33.440497], [-70.599877, -33.44052], [-70.599873, -33.440543], [-70.599872, -33.440567], [-70.599868, -33.440592], [-70.599865, -33.440613], [-70.599862, -33.440635], [-70.599853, -33.440665], [-70.599848, -33.440683], [-70.599842, -33.440712], [-70.599837, -33.440728], [-70.599832, -33.440753], [-70.599823, -33.440775], [-70.599817, -33.440798], [-70.59981, -33.440822], [-70.599807, -33.440843], [-70.599797, -33.440868], [-70.599793, -33.440892], [-70.599787, -33.44091], [-70.599777, -33.440933], [-70.59977, -33.440955], [-70.599762, -33.440977], [-70.599755, -33.440998], [-70.599747, -33.441022], [-70.599738, -33.441043], [-70.599732, -33.441067], [-70.599727, -33.44109], [-70.599723, -33.441113], [-70.599718, -33.441137], [-70.599717, -33.44116], [-70.599713, -33.441187], [-70.599707, -33.441208], [-70.599703, -33.441225], [-70.599702, -33.441247], [-70.599693, -33.441273], [-70.599687, -33.441297], [-70.599682, -33.441312], [-70.599675, -33.441333], [-70.599667, -33.44136], [-70.599665, -33.44138], [-70.599662, -33.441402], [-70.599653, -33.44143], [-70.599645, -33.441448], [-70.59964, -33.44147], [-70.599635, -33.441493], [-70.599627, -33.441522], [-70.599622, -33.44154], [-70.599613, -33.441567], [-70.59961, -33.441585], [-70.599605, -33.441608], [-70.5996, -33.44163], [-70.599593, -33.441657], [-70.599588, -33.441675], [-70.599587, -33.441698], [-70.59958, -33.441725], [-70.599575, -33.44175], [-70.599573, -33.441768], [-70.599568, -33.44179], [-70.599563, -33.441815], [-70.59956, -33.441838], [-70.59956, -33.441855], [-70.599558, -33.441877], [-70.599557, -33.441903], [-70.599555, -33.441925], [-70.599553, -33.441943], [-70.599548, -33.441965], [-70.599543, -33.441985], [-70.599538, -33.442012], [-70.599535, -33.442033], [-70.59953, -33.442052], [-70.599532, -33.442078], [-70.599532, -33.442098], [-70.599528, -33.44212], [-70.599528, -33.44214], [-70.599523, -33.442163], [-70.599518, -33.442187], [-70.599513, -33.442212], [-70.59951, -33.442237], [-70.599508, -33.442257], [-70.599508, -33.442277], [-70.59951, -33.4423], [-70.599512, -33.44232], [-70.599508, -33.442342], [-70.599503, -33.442362], [-70.599498, -33.442385], [-70.599497, -33.442408], [-70.59949, -33.442432], [-70.599487, -33.442455], [-70.599485, -33.442478], [-70.599485, -33.442502], [-70.599482, -33.442525], [-70.599473, -33.442548], [-70.599465, -33.442573], [-70.599457, -33.442597], [-70.59945, -33.44262], [-70.59944, -33.442645], [-70.599433, -33.442675], [-70.599425, -33.442698], [-70.599418, -33.442717], [-70.599413, -33.442743], [-70.599407, -33.442762], [-70.5994, -33.442788], [-70.5994, -33.442803], [-70.599397, -33.442825], [-70.599393, -33.442852], [-70.59939, -33.44287], [-70.599385, -33.44289], [-70.599378, -33.442912], [-70.599372, -33.442935], [-70.599365, -33.442957], [-70.599358, -33.442982], [-70.599353, -33.442997], [-70.599353, -33.443017], [-70.599353, -33.443037], [-70.599353, -33.443058], [-70.599352, -33.44308], [-70.599357, -33.443105], [-70.59936, -33.443128], [-70.59936, -33.443153], [-70.599357, -33.443178], [-70.599352, -33.443207], [-70.59935, -33.443227], [-70.599348, -33.443257], [-70.599345, -33.443275], [-70.599338, -33.443303], [-70.599335, -33.443328], [-70.599332, -33.443353], [-70.59933, -33.443372], [-70.599325, -33.443395], [-70.599322, -33.443422], [-70.59932, -33.44344], [-70.599315, -33.443463], [-70.599312, -33.443487], [-70.599305, -33.443517], [-70.599303, -33.44354], [-70.599302, -33.443562], [-70.599302, -33.44358], [-70.599298, -33.443605], [-70.599298, -33.443625], [-70.599298, -33.44365], [-70.5993, -33.443665], [-70.599292, -33.443692], [-70.599287, -33.443708], [-70.599283, -33.443732], [-70.599278, -33.443755], [-70.599273, -33.443778], [-70.599265, -33.443803], [-70.59926, -33.443825], [-70.599257, -33.443848], [-70.599253, -33.443872], [-70.59925, -33.443893], [-70.599248, -33.443918], [-70.599247, -33.44394], [-70.599245, -33.443963], [-70.599243, -33.443985], [-70.59924, -33.444008], [-70.599237, -33.444032], [-70.599237, -33.444055], [-70.599233, -33.444078], [-70.599227, -33.444103], [-70.599223, -33.444128], [-70.59922, -33.444152], [-70.599217, -33.444178], [-70.599218, -33.444202], [-70.599215, -33.444225], [-70.599217, -33.444247], [-70.599215, -33.444268], [-70.599217, -33.444293], [-70.599217, -33.444315], [-70.599217, -33.444338], [-70.599215, -33.444362], [-70.599213, -33.444383], [-70.599208, -33.444408], [-70.599203, -33.444432], [-70.599197, -33.444455], [-70.599195, -33.44448], [-70.59919, -33.444505], [-70.599185, -33.444528], [-70.599182, -33.444553], [-70.599178, -33.444577], [-70.599177, -33.4446], [-70.599172, -33.444623], [-70.599168, -33.444647], [-70.599168, -33.44467], [-70.599168, -33.444693], [-70.599165, -33.444717], [-70.59916, -33.444738], [-70.599157, -33.444762], [-70.599153, -33.444783], [-70.599152, -33.444805], [-70.59915, -33.444827], [-70.599152, -33.44485], [-70.59915, -33.444873], [-70.599147, -33.444897], [-70.599142, -33.44492], [-70.599135, -33.444943], [-70.599132, -33.444968], [-70.59913, -33.44499], [-70.599128, -33.445013], [-70.599125, -33.445035], [-70.599122, -33.445057], [-70.599118, -33.44508], [-70.599115, -33.445103], [-70.599113, -33.445123], [-70.59911, -33.445145], [-70.599107, -33.445168], [-70.599107, -33.445192], [-70.599105, -33.445212], [-70.599103, -33.445233], [-70.599098, -33.445253], [-70.599092, -33.445275], [-70.599087, -33.445297], [-70.599082, -33.445318], [-70.599078, -33.445342], [-70.599075, -33.445363], [-70.59907, -33.445387], [-70.599065, -33.445412], [-70.59906, -33.445435], [-70.599057, -33.445457], [-70.599053, -33.44548], [-70.599047, -33.445503], [-70.59904, -33.445527], [-70.599033, -33.44555], [-70.59903, -33.445573], [-70.599028, -33.445598], [-70.599023, -33.445622], [-70.59902, -33.445642], [-70.599017, -33.445665], [-70.599013, -33.445688], [-70.599012, -33.44571], [-70.599012, -33.445733], [-70.599008, -33.445757], [-70.599005, -33.445778], [-70.598998, -33.4458], [-70.598995, -33.445825], [-70.598993, -33.445848], [-70.59899, -33.44587], [-70.598987, -33.445893], [-70.598985, -33.445917], [-70.598982, -33.44594], [-70.59898, -33.445963], [-70.598972, -33.445985], [-70.598967, -33.446008], [-70.59896, -33.446032], [-70.598953, -33.446055], [-70.598948, -33.446078], [-70.598943, -33.446102], [-70.598942, -33.446125], [-70.598942, -33.446148], [-70.598942, -33.446172], [-70.598937, -33.446195], [-70.598935, -33.446218], [-70.598942, -33.446242], [-70.598942, -33.446263], [-70.598942, -33.446287], [-70.59894, -33.44631], [-70.598937, -33.446333], [-70.598932, -33.446357], [-70.598928, -33.44638], [-70.598925, -33.446403], [-70.59892, -33.446425], [-70.598915, -33.446448], [-70.598907, -33.446472], [-70.5989, -33.446495], [-70.598895, -33.446518], [-70.598892, -33.446542], [-70.598892, -33.446565], [-70.59889, -33.446587], [-70.598892, -33.446608], [-70.598892, -33.446632], [-70.598887, -33.446655], [-70.598875, -33.44668], [-70.598872, -33.446703], [-70.598875, -33.446725], [-70.598882, -33.446745], [-70.598888, -33.446765], [-70.598888, -33.446787], [-70.598885, -33.446812], [-70.598875, -33.446832], [-70.598865, -33.446853], [-70.59886, -33.446877], [-70.598853, -33.446897], [-70.598855, -33.446918], [-70.598853, -33.446947], [-70.598847, -33.446968], [-70.598843, -33.446992], [-70.59884, -33.447013], [-70.59884, -33.447035], [-70.59884, -33.447062], [-70.598838, -33.447082], [-70.598837, -33.447107], [-70.598833, -33.447128], [-70.59883, -33.447152], [-70.598825, -33.447175], [-70.59882, -33.447197], [-70.598817, -33.447222], [-70.598813, -33.447242], [-70.59881, -33.447265], [-70.59881, -33.447287], [-70.598808, -33.447307], [-70.598797, -33.447327], [-70.598788, -33.447348], [-70.598785, -33.447372], [-70.598783, -33.447392], [-70.59878, -33.447413], [-70.598775, -33.447435], [-70.598767, -33.447457], [-70.598762, -33.447478], [-70.598753, -33.4475], [-70.598747, -33.447523], [-70.598743, -33.447547], [-70.598742, -33.44757], [-70.598743, -33.447592], [-70.598743, -33.447613], [-70.59874, -33.447637], [-70.598743, -33.447658], [-70.598742, -33.44768], [-70.598738, -33.447703], [-70.598738, -33.447727], [-70.598732, -33.447752], [-70.598725, -33.447777], [-70.598718, -33.447802], [-70.598712, -33.447828], [-70.598708, -33.447857], [-70.598708, -33.447885], [-70.598708, -33.447912], [-70.59871, -33.44794], [-70.598707, -33.447963], [-70.598707, -33.447988], [-70.598707, -33.448013], [-70.598703, -33.448038], [-70.5987, -33.44806], [-70.598695, -33.448083], [-70.59869, -33.448103], [-70.598685, -33.448128], [-70.59868, -33.448152], [-70.598678, -33.448173], [-70.598677, -33.448195], [-70.598678, -33.448218], [-70.598677, -33.448238], [-70.598672, -33.448258], [-70.598668, -33.448282], [-70.598667, -33.448305], [-70.598665, -33.448327], [-70.598663, -33.44835], [-70.59866, -33.44837], [-70.598655, -33.448392], [-70.598648, -33.448412], [-70.598645, -33.448435], [-70.59864, -33.448457], [-70.598638, -33.448478], [-70.598642, -33.4485], [-70.598642, -33.448522], [-70.598642, -33.448545], [-70.59864, -33.448572], [-70.598638, -33.448588], [-70.598633, -33.448615], [-70.598628, -33.448638], [-70.59862, -33.448658], [-70.598615, -33.448677], [-70.59861, -33.448705], [-70.598607, -33.448728], [-70.598602, -33.448745], [-70.598592, -33.448768], [-70.59858, -33.448788], [-70.598568, -33.448808], [-70.598555, -33.448828], [-70.598542, -33.448845], [-70.598527, -33.448862], [-70.598508, -33.44888], [-70.598492, -33.448898], [-70.598475, -33.448913], [-70.59846, -33.44893], [-70.598437, -33.44895], [-70.59842, -33.448962], [-70.598402, -33.448977], [-70.598382, -33.44899], [-70.598365, -33.449005], [-70.598348, -33.44902], [-70.598328, -33.449038], [-70.59831, -33.449053], [-70.598287, -33.44907], [-70.598267, -33.449083], [-70.59825, -33.449095], [-70.598233, -33.449107], [-70.598212, -33.449118], [-70.598192, -33.449132], [-70.598172, -33.449145], [-70.59815, -33.449158], [-70.598128, -33.449173], [-70.598105, -33.449187], [-70.598078, -33.4492], [-70.598053, -33.449213], [-70.598033, -33.449228], [-70.598013, -33.449245], [-70.597995, -33.449262], [-70.597977, -33.449282], [-70.59796, -33.449302], [-70.597942, -33.449325], [-70.597928, -33.449347], [-70.59791, -33.44937], [-70.5979, -33.449392], [-70.597897, -33.449408], [-70.597893, -33.449435], [-70.597897, -33.44945], [-70.597898, -33.44947], [-70.597898, -33.449492], [-70.597898, -33.449515], [-70.5979, -33.449537], [-70.597898, -33.449558], [-70.597897, -33.449582], [-70.597897, -33.44961], [-70.597898, -33.44963], [-70.5979, -33.449652], [-70.597903, -33.449677], [-70.597905, -33.4497], [-70.59791, -33.449723], [-70.597912, -33.449747], [-70.597915, -33.449775], [-70.597915, -33.449793], [-70.597917, -33.449815], [-70.597917, -33.449845], [-70.597922, -33.44987], [-70.597925, -33.449888], [-70.59793, -33.449917], [-70.597932, -33.449938], [-70.597932, -33.449962], [-70.59793, -33.449982], [-70.59793, -33.45001], [-70.597932, -33.450033], [-70.597932, -33.450053], [-70.597935, -33.450075], [-70.597938, -33.450098], [-70.597938, -33.450125], [-70.597935, -33.45015], [-70.597935, -33.450167], [-70.597935, -33.450195], [-70.597935, -33.450217], [-70.597937, -33.45024], [-70.597937, -33.450258], [-70.59794, -33.450287], [-70.597945, -33.450308], [-70.597952, -33.45033], [-70.597953, -33.45035], [-70.597955, -33.450377], [-70.597962, -33.450398], [-70.597965, -33.450422], [-70.597967, -33.45044], [-70.597968, -33.450462], [-70.59797, -33.450483], [-70.597977, -33.45051], [-70.597982, -33.450533], [-70.597987, -33.450552], [-70.597992, -33.45058], [-70.597997, -33.450602], [-70.597998, -33.450623], [-70.597998, -33.450642], [-70.597998, -33.450663], [-70.597998, -33.450688], [-70.598002, -33.450708], [-70.598007, -33.450733], [-70.598013, -33.45076], [-70.598018, -33.450778], [-70.598022, -33.450807], [-70.598023, -33.450825], [-70.59803, -33.450847], [-70.598035, -33.450873], [-70.598038, -33.450897], [-70.59804, -33.450915], [-70.598042, -33.450945], [-70.598042, -33.450963], [-70.598045, -33.450993], [-70.598048, -33.451015], [-70.598052, -33.451032], [-70.598057, -33.451055], [-70.598062, -33.451075], [-70.598063, -33.451097], [-70.59807, -33.451113], [-70.598077, -33.451142], [-70.598082, -33.45116], [-70.598087, -33.451183], [-70.598093, -33.451205], [-70.598102, -33.451235], [-70.598102, -33.451253], [-70.598103, -33.45128], [-70.598105, -33.451298], [-70.59811, -33.451312], [-70.598113, -33.451337], [-70.598118, -33.451357], [-70.598123, -33.451382], [-70.59813, -33.4514], [-70.598135, -33.451425], [-70.598135, -33.451448], [-70.598137, -33.451465], [-70.598138, -33.451487], [-70.598142, -33.451515], [-70.598145, -33.451538], [-70.598145, -33.451562], [-70.598145, -33.451578], [-70.598145, -33.451603], [-70.598147, -33.45162], [-70.598148, -33.45164], [-70.598152, -33.45166], [-70.598152, -33.451685], [-70.59815, -33.451705], [-70.598153, -33.451727], [-70.598157, -33.451747], [-70.598163, -33.451773], [-70.598167, -33.451795], [-70.59817, -33.451812], [-70.598173, -33.451828], [-70.598178, -33.451855], [-70.59818, -33.45188], [-70.598178, -33.451907], [-70.598178, -33.451927], [-70.598183, -33.451958], [-70.598187, -33.451982], [-70.598192, -33.452003], [-70.598193, -33.452027], [-70.598193, -33.452045], [-70.598192, -33.452067], [-70.598193, -33.452092], [-70.598197, -33.452108], [-70.598203, -33.45213], [-70.598207, -33.452155], [-70.598205, -33.452178], [-70.598205, -33.4522], [-70.598207, -33.452218], [-70.598208, -33.452245], [-70.598213, -33.452265], [-70.598217, -33.45229], [-70.59822, -33.452308], [-70.598228, -33.452335], [-70.598237, -33.452353], [-70.598245, -33.45238], [-70.59825, -33.4524], [-70.598253, -33.452427], [-70.598257, -33.45245], [-70.59826, -33.45247], [-70.598267, -33.452485], [-70.598272, -33.452507], [-70.59828, -33.452532], [-70.598292, -33.452558], [-70.598302, -33.452582], [-70.598308, -33.4526], [-70.598312, -33.452623], [-70.59831, -33.452652], [-70.59831, -33.452677], [-70.598312, -33.452702], [-70.598313, -33.452728], [-70.598312, -33.452752], [-70.598305, -33.452773], [-70.598293, -33.452792], [-70.598293, -33.452815], [-70.598298, -33.452838], [-70.598303, -33.452858], [-70.598308, -33.45288], [-70.598313, -33.4529], [-70.598317, -33.452922], [-70.59832, -33.452943], [-70.598325, -33.452967], [-70.598332, -33.45299], [-70.598337, -33.45301], [-70.598343, -33.453032], [-70.598348, -33.453053], [-70.598355, -33.453075], [-70.598365, -33.453097], [-70.59837, -33.453118], [-70.598375, -33.453143], [-70.59838, -33.453162], [-70.59838, -33.453187], [-70.598382, -33.45321], [-70.598387, -33.45323], [-70.598392, -33.453247], [-70.598398, -33.453272], [-70.598405, -33.453293], [-70.598413, -33.453317], [-70.598418, -33.45334], [-70.598422, -33.453357], [-70.598425, -33.453382], [-70.598427, -33.453407], [-70.59842, -33.45343], [-70.598415, -33.453448], [-70.598417, -33.453475], [-70.598418, -33.453497], [-70.598417, -33.453517], [-70.598422, -33.453533], [-70.59843, -33.453557], [-70.598437, -33.453573], [-70.59844, -33.453593], [-70.598443, -33.453613], [-70.598447, -33.453637], [-70.59845, -33.453653], [-70.598455, -33.453673], [-70.598462, -33.453693], [-70.598468, -33.453712], [-70.59847, -33.453733], [-70.598468, -33.453758], [-70.598467, -33.453788], [-70.598467, -33.453807], [-70.598468, -33.453837], [-70.598473, -33.453857], [-70.598477, -33.453877], [-70.598478, -33.453893], [-70.598482, -33.453918], [-70.598485, -33.45394], [-70.59849, -33.453965], [-70.598495, -33.453983], [-70.598497, -33.454008], [-70.598498, -33.45403], [-70.598502, -33.454047], [-70.598508, -33.454067], [-70.598515, -33.454093], [-70.59852, -33.454115], [-70.598525, -33.454137], [-70.598527, -33.45416], [-70.598525, -33.454177], [-70.59852, -33.454202], [-70.59852, -33.454223], [-70.59852, -33.454242], [-70.598522, -33.454257], [-70.598523, -33.454278], [-70.598522, -33.454302], [-70.598517, -33.454325], [-70.598513, -33.454343], [-70.598512, -33.454372], [-70.598512, -33.454393], [-70.598515, -33.45442], [-70.598515, -33.454438], [-70.598508, -33.454467], [-70.598497, -33.454488], [-70.598485, -33.45451], [-70.598475, -33.454525], [-70.59846, -33.454547], [-70.598445, -33.454567], [-70.598433, -33.454587], [-70.59842, -33.454603], [-70.598408, -33.454622], [-70.598397, -33.454638], [-70.598387, -33.45466], [-70.598377, -33.454677], [-70.598367, -33.454697], [-70.598355, -33.454718], [-70.598348, -33.454738], [-70.59834, -33.454757], [-70.59833, -33.454773], [-70.598315, -33.454798], [-70.598303, -33.454818], [-70.598295, -33.454835], [-70.598283, -33.454852], [-70.598272, -33.45487], [-70.59826, -33.45489], [-70.59825, -33.45491], [-70.598238, -33.454932], [-70.598227, -33.454953], [-70.598218, -33.454973], [-70.598208, -33.454995], [-70.5982, -33.455015], [-70.598188, -33.455033], [-70.598177, -33.455053], [-70.598163, -33.45507], [-70.598142, -33.455093], [-70.59813, -33.455112], [-70.598122, -33.45513], [-70.598108, -33.455148], [-70.598095, -33.45517], [-70.598082, -33.455187], [-70.598065, -33.455207], [-70.59805, -33.455227], [-70.598043, -33.455245], [-70.59803, -33.455265], [-70.598017, -33.455282], [-70.598008, -33.455303], [-70.597998, -33.455322], [-70.597987, -33.45534], [-70.597975, -33.455357], [-70.597965, -33.455378], [-70.597955, -33.455398], [-70.597945, -33.455417], [-70.597933, -33.455435], [-70.597922, -33.455453], [-70.59791, -33.455473], [-70.597897, -33.455495], [-70.597885, -33.455515], [-70.597877, -33.455537], [-70.59787, -33.455558], [-70.597863, -33.45558], [-70.597855, -33.455605], [-70.597847, -33.455625], [-70.597837, -33.455647], [-70.597828, -33.455667], [-70.597822, -33.455687], [-70.597818, -33.455708], [-70.597813, -33.455732], [-70.597815, -33.455755], [-70.59782, -33.455778], [-70.597818, -33.4558], [-70.597825, -33.455817], [-70.597822, -33.455838], [-70.597823, -33.45586], [-70.597823, -33.455882], [-70.59783, -33.4559], [-70.597833, -33.45592], [-70.597833, -33.45594], [-70.59783, -33.455963], [-70.597833, -33.455983], [-70.597837, -33.456005], [-70.597838, -33.456027], [-70.597838, -33.456048], [-70.597838, -33.45607], [-70.597838, -33.45609], [-70.597838, -33.456112], [-70.597837, -33.456132], [-70.59784, -33.456153], [-70.597843, -33.456175], [-70.597845, -33.456195], [-70.597845, -33.456217], [-70.597843, -33.456237], [-70.597845, -33.45626], [-70.597845, -33.456283], [-70.597845, -33.456305], [-70.597842, -33.456327], [-70.597838, -33.456347], [-70.597837, -33.456368], [-70.597833, -33.456393], [-70.59783, -33.456417], [-70.597827, -33.456438], [-70.597825, -33.456462], [-70.597827, -33.456483], [-70.597828, -33.456503], [-70.597832, -33.456525], [-70.597835, -33.456548], [-70.597837, -33.456572], [-70.597835, -33.456598], [-70.59783, -33.456622], [-70.597825, -33.456643], [-70.59782, -33.456668], [-70.597812, -33.45669], [-70.597805, -33.456712], [-70.597798, -33.456733], [-70.597788, -33.456755], [-70.597787, -33.456777], [-70.597785, -33.4568], [-70.597783, -33.456822], [-70.59778, -33.456842], [-70.59778, -33.456865], [-70.59778, -33.456885], [-70.597775, -33.456907], [-70.59777, -33.45693], [-70.597767, -33.456952], [-70.597765, -33.456973], [-70.597763, -33.456993], [-70.597762, -33.457013], [-70.597762, -33.457033], [-70.59776, -33.457053], [-70.597763, -33.457075], [-70.597762, -33.457097], [-70.597763, -33.457117], [-70.597765, -33.457138], [-70.597768, -33.457158], [-70.597775, -33.457183], [-70.59778, -33.457197], [-70.59779, -33.457218], [-70.597798, -33.457237], [-70.597807, -33.457257], [-70.597813, -33.457273], [-70.59782, -33.457292], [-70.597828, -33.457313], [-70.597835, -33.457335], [-70.597847, -33.457355], [-70.597857, -33.457373], [-70.597863, -33.457392], [-70.597867, -33.457413], [-70.597872, -33.457433], [-70.597877, -33.457453], [-70.59788, -33.457472], [-70.597882, -33.457492], [-70.597883, -33.457515], [-70.597882, -33.457537], [-70.597883, -33.45756], [-70.597883, -33.457582], [-70.597882, -33.457602], [-70.59788, -33.457623], [-70.597883, -33.457643], [-70.597885, -33.457665], [-70.597885, -33.457687], [-70.597885, -33.457707], [-70.597887, -33.457727], [-70.597887, -33.457748], [-70.597883, -33.45777], [-70.597883, -33.457793], [-70.597885, -33.457818], [-70.597887, -33.457837], [-70.59789, -33.457858], [-70.597893, -33.45788], [-70.597895, -33.4579], [-70.597895, -33.45792], [-70.597897, -33.457943], [-70.597897, -33.457963], [-70.597902, -33.457985], [-70.597907, -33.458007], [-70.597908, -33.458028], [-70.597912, -33.458048], [-70.597913, -33.45807], [-70.597913, -33.458092], [-70.597917, -33.458112], [-70.597922, -33.458132], [-70.597927, -33.458152], [-70.597932, -33.458173], [-70.597933, -33.458197], [-70.597933, -33.45822], [-70.597933, -33.458243], [-70.597933, -33.45827], [-70.597933, -33.458295], [-70.597933, -33.45832], [-70.597933, -33.458342], [-70.597932, -33.458363], [-70.59793, -33.458387], [-70.597928, -33.45841], [-70.597928, -33.458433], [-70.59793, -33.458457], [-70.597928, -33.45848], [-70.597927, -33.458503], [-70.597925, -33.458527], [-70.597925, -33.458548], [-70.597927, -33.458572], [-70.59793, -33.458593], [-70.597935, -33.458615], [-70.597938, -33.458637], [-70.597942, -33.45866], [-70.597947, -33.458682], [-70.597952, -33.458707], [-70.597938, -33.45873], [-70.597937, -33.458753], [-70.597937, -33.458777], [-70.59794, -33.4588], [-70.597942, -33.458823], [-70.59794, -33.45885], [-70.597938, -33.458875], [-70.597937, -33.458902], [-70.597937, -33.458927], [-70.597935, -33.458953], [-70.597933, -33.45898], [-70.597933, -33.459005], [-70.597933, -33.459032], [-70.597935, -33.459057], [-70.597938, -33.459083], [-70.597938, -33.45911], [-70.597938, -33.459133], [-70.597938, -33.459158], [-70.597938, -33.45918], [-70.59794, -33.459202], [-70.597942, -33.459223], [-70.597947, -33.459247], [-70.59795, -33.459268], [-70.597957, -33.45929], [-70.597955, -33.459315], [-70.59795, -33.459335], [-70.597955, -33.459357], [-70.597958, -33.45938], [-70.597965, -33.459403], [-70.597962, -33.459428], [-70.59796, -33.459452], [-70.597965, -33.459473], [-70.597965, -33.459495], [-70.597967, -33.459517], [-70.59797, -33.459538], [-70.597975, -33.459558], [-70.597973, -33.459573], [-70.597975, -33.459595], [-70.59798, -33.459613], [-70.597983, -33.459633], [-70.597987, -33.459653], [-70.59799, -33.459675], [-70.597988, -33.459695], [-70.597987, -33.459717], [-70.597988, -33.459742], [-70.597982, -33.459765], [-70.597982, -33.45979], [-70.597975, -33.459817], [-70.597973, -33.459837], [-70.59797, -33.459857], [-70.59797, -33.459877], [-70.59797, -33.459893], [-70.597967, -33.459915], [-70.597965, -33.459935], [-70.597968, -33.459957], [-70.597975, -33.459977], [-70.597987, -33.459997], [-70.597997, -33.460017], [-70.598005, -33.460038], [-70.598013, -33.46006], [-70.598017, -33.46008], [-70.598008, -33.460102], [-70.598003, -33.460125], [-70.598, -33.460148], [-70.597995, -33.460172], [-70.597993, -33.460195], [-70.597995, -33.460217], [-70.597998, -33.46024], [-70.597998, -33.460262], [-70.597998, -33.460285], [-70.597998, -33.46031], [-70.598003, -33.46033], [-70.598005, -33.460352], [-70.597997, -33.460373], [-70.597997, -33.460395], [-70.597995, -33.460415], [-70.598, -33.460437], [-70.598005, -33.460462], [-70.598007, -33.460483], [-70.598005, -33.460507], [-70.598003, -33.46053], [-70.598007, -33.46055], [-70.598017, -33.460565], [-70.598022, -33.460578], [-70.598025, -33.46059], [-70.598032, -33.4606], [-70.598033, -33.460613], [-70.598032, -33.460628], [-70.59803, -33.46064], [-70.598025, -33.460653], [-70.598018, -33.460662], [-70.598015, -33.460673], [-70.598023, -33.460683], [-70.598032, -33.460697], [-70.598038, -33.46071], [-70.598038, -33.460725], [-70.598037, -33.460742], [-70.598037, -33.460762], [-70.598038, -33.46078], [-70.598038, -33.460797], [-70.598038, -33.460813], [-70.598038, -33.460832], [-70.59804, -33.46085], [-70.59804, -33.460868], [-70.598043, -33.460888], [-70.598043, -33.460908], [-70.598045, -33.460928], [-70.598047, -33.46095], [-70.598047, -33.46097], [-70.598047, -33.460987], [-70.59805, -33.461003], [-70.598057, -33.461023], [-70.598058, -33.461043], [-70.598057, -33.461067], [-70.598055, -33.46109], [-70.598053, -33.461112], [-70.59805, -33.461142], [-70.598042, -33.461165], [-70.598038, -33.461193], [-70.598035, -33.461222], [-70.598035, -33.46124], [-70.598035, -33.461258], [-70.598037, -33.461278], [-70.59804, -33.4613], [-70.598042, -33.461322], [-70.598043, -33.461345], [-70.598047, -33.461367], [-70.598052, -33.461388], [-70.598053, -33.46141], [-70.59806, -33.461433], [-70.598063, -33.461457], [-70.598063, -33.46148], [-70.598063, -33.461503], [-70.598065, -33.461523], [-70.598068, -33.461545], [-70.598072, -33.461567], [-70.59807, -33.461588], [-70.598065, -33.46161], [-70.598062, -33.46163], [-70.598062, -33.461653], [-70.598065, -33.461678], [-70.598065, -33.461703], [-70.598068, -33.46173], [-70.598072, -33.461753], [-70.598073, -33.461777], [-70.598077, -33.4618], [-70.598077, -33.461822], [-70.598082, -33.461845], [-70.598085, -33.461868], [-70.598083, -33.461892], [-70.598083, -33.461915], [-70.59808, -33.46194], [-70.598083, -33.461962], [-70.59808, -33.461988], [-70.59808, -33.46201], [-70.59808, -33.462037], [-70.598077, -33.462057], [-70.598078, -33.462078], [-70.598078, -33.462098], [-70.59808, -33.46212], [-70.59808, -33.46214], [-70.598083, -33.462162], [-70.598085, -33.462183], [-70.598088, -33.462205], [-70.598092, -33.462225], [-70.598093, -33.462248], [-70.598095, -33.462268], [-70.598097, -33.462288], [-70.598098, -33.462308], [-70.5981, -33.46233], [-70.598098, -33.462353], [-70.5981, -33.462377], [-70.598097, -33.462395], [-70.598098, -33.462415], [-70.598102, -33.462435], [-70.598103, -33.462455], [-70.598107, -33.462477], [-70.598108, -33.462498], [-70.598113, -33.46252], [-70.598115, -33.462542], [-70.598113, -33.462563], [-70.59811, -33.462583], [-70.598108, -33.462605], [-70.598107, -33.462627], [-70.598103, -33.462652], [-70.598102, -33.462675], [-70.5981, -33.462698], [-70.598103, -33.462722], [-70.598103, -33.462743], [-70.598103, -33.462767], [-70.598105, -33.46279], [-70.598108, -33.462813], [-70.598108, -33.462837], [-70.59811, -33.462857], [-70.598115, -33.462878], [-70.598117, -33.4629], [-70.598118, -33.462923], [-70.598123, -33.462947], [-70.598128, -33.462968], [-70.598133, -33.462993], [-70.598133, -33.463008], [-70.598138, -33.463037], [-70.598142, -33.463058], [-70.598143, -33.46308], [-70.598145, -33.463102], [-70.598145, -33.463125], [-70.598145, -33.463148], [-70.598147, -33.463173], [-70.598148, -33.463195], [-70.598148, -33.463217], [-70.59815, -33.463237], [-70.598153, -33.463258], [-70.598158, -33.463278], [-70.598162, -33.463298], [-70.598162, -33.463323], [-70.59816, -33.46334], [-70.59816, -33.463363], [-70.598145, -33.463395], [-70.598132, -33.463425], [-70.598128, -33.46345], [-70.598125, -33.463472], [-70.598122, -33.463492], [-70.598115, -33.463515], [-70.598112, -33.463538], [-70.598112, -33.463562], [-70.59811, -33.463585], [-70.598108, -33.463607], [-70.598103, -33.46363], [-70.598097, -33.463653], [-70.598095, -33.463673], [-70.598095, -33.463695], [-70.598095, -33.463717], [-70.598095, -33.463737], [-70.598095, -33.463755], [-70.598093, -33.463777], [-70.598095, -33.463797], [-70.598097, -33.463818], [-70.598098, -33.46384], [-70.5981, -33.463863], [-70.598102, -33.463885], [-70.598108, -33.463908], [-70.59811, -33.463927], [-70.598113, -33.463953], [-70.598122, -33.463975], [-70.598133, -33.463995], [-70.598137, -33.464013], [-70.598138, -33.464032], [-70.598143, -33.464052], [-70.598148, -33.464073], [-70.59815, -33.464095], [-70.598155, -33.464117], [-70.59816, -33.464138], [-70.598168, -33.464158], [-70.598172, -33.46418], [-70.598177, -33.464202], [-70.59818, -33.46422], [-70.598185, -33.46424], [-70.598192, -33.464262], [-70.598198, -33.464285], [-70.598202, -33.46431], [-70.598205, -33.464328], [-70.598208, -33.464352], [-70.598208, -33.464375], [-70.598207, -33.464397], [-70.5982, -33.46442], [-70.598198, -33.464447], [-70.598198, -33.464473], [-70.598197, -33.4645], [-70.598193, -33.464523], [-70.598188, -33.464547], [-70.598183, -33.464573], [-70.598178, -33.464597], [-70.598178, -33.46462], [-70.598177, -33.464645], [-70.598175, -33.464668], [-70.598173, -33.464692], [-70.598173, -33.464715], [-70.59818, -33.464735], [-70.598183, -33.46476], [-70.598183, -33.464782], [-70.598178, -33.464803], [-70.598175, -33.464827], [-70.59817, -33.464848], [-70.598153, -33.464872], [-70.598147, -33.464895], [-70.598147, -33.464918], [-70.598147, -33.464938], [-70.598142, -33.46496], [-70.59814, -33.46498], [-70.59814, -33.465], [-70.598138, -33.465022], [-70.598132, -33.465043], [-70.598127, -33.465067], [-70.598122, -33.465092], [-70.598118, -33.465115], [-70.598115, -33.46514], [-70.598117, -33.465162], [-70.598113, -33.465187], [-70.598108, -33.465207], [-70.59811, -33.465227], [-70.59811, -33.465247], [-70.59811, -33.465268], [-70.59811, -33.46529], [-70.598112, -33.465312], [-70.598113, -33.465332], [-70.59811, -33.465357], [-70.598107, -33.465377], [-70.598105, -33.465398], [-70.598102, -33.465418], [-70.5981, -33.46544], [-70.598095, -33.465462], [-70.598095, -33.465485], [-70.598097, -33.465508], [-70.598095, -33.46553], [-70.598092, -33.465553], [-70.59809, -33.465575], [-70.598092, -33.465598], [-70.598093, -33.465623], [-70.598098, -33.465643], [-70.598102, -33.465665], [-70.598105, -33.465687], [-70.598108, -33.465708], [-70.598113, -33.46573], [-70.598118, -33.465752], [-70.598123, -33.465773], [-70.598125, -33.465793], [-70.598128, -33.465815], [-70.59813, -33.465835], [-70.598133, -33.465855], [-70.598135, -33.465877], [-70.598138, -33.4659], [-70.598143, -33.465922], [-70.59815, -33.465943], [-70.598157, -33.465963], [-70.598162, -33.465985], [-70.598165, -33.466005], [-70.59817, -33.466028], [-70.59817, -33.46605], [-70.598177, -33.466072], [-70.598182, -33.466095], [-70.598185, -33.466117], [-70.598188, -33.466138], [-70.59819, -33.466158], [-70.598193, -33.46618], [-70.598197, -33.466202], [-70.5982, -33.466222], [-70.598202, -33.466243], [-70.598205, -33.466267], [-70.598213, -33.466292], [-70.598218, -33.466315], [-70.598225, -33.466337], [-70.59823, -33.466358], [-70.598232, -33.466378], [-70.598238, -33.4664], [-70.598243, -33.466418], [-70.59825, -33.46644], [-70.598253, -33.466462], [-70.598257, -33.466482], [-70.598258, -33.466503], [-70.598262, -33.466523], [-70.598263, -33.466547], [-70.598268, -33.466568], [-70.598268, -33.46659], [-70.598273, -33.466612], [-70.598275, -33.466635], [-70.598278, -33.46666], [-70.598282, -33.466683], [-70.598283, -33.466707], [-70.598288, -33.466732], [-70.598295, -33.466753], [-70.598303, -33.466775], [-70.598308, -33.466797], [-70.598315, -33.466818], [-70.59832, -33.466842], [-70.598322, -33.466863], [-70.598325, -33.466885], [-70.598328, -33.466907], [-70.598333, -33.466928], [-70.598335, -33.46695], [-70.598342, -33.466975], [-70.598347, -33.466998], [-70.59835, -33.46702], [-70.598353, -33.467043], [-70.598353, -33.467065], [-70.598355, -33.467087], [-70.598358, -33.46711], [-70.59836, -33.467132], [-70.598362, -33.467155], [-70.598367, -33.467178], [-70.59837, -33.4672], [-70.598368, -33.467223], [-70.598368, -33.467247], [-70.59837, -33.46727], [-70.598372, -33.467293], [-70.598373, -33.467315], [-70.59837, -33.467337], [-70.598368, -33.467358], [-70.598365, -33.46738], [-70.598358, -33.467402], [-70.598355, -33.467425], [-70.598353, -33.467447], [-70.598353, -33.46747], [-70.598353, -33.467492], [-70.598355, -33.467515], [-70.598357, -33.467538], [-70.598357, -33.467562], [-70.598358, -33.467583], [-70.598358, -33.467605], [-70.598362, -33.467627], [-70.598368, -33.467648], [-70.598373, -33.467672], [-70.598377, -33.467693], [-70.598382, -33.467717], [-70.598383, -33.46774], [-70.598388, -33.467762], [-70.59839, -33.467782], [-70.598392, -33.467803], [-70.598392, -33.467827], [-70.598393, -33.467848], [-70.598392, -33.467872], [-70.59839, -33.467895], [-70.59839, -33.467918], [-70.598387, -33.46794], [-70.598388, -33.467965], [-70.598393, -33.467988], [-70.598395, -33.468013], [-70.5984, -33.468037], [-70.598402, -33.468058], [-70.598407, -33.46808], [-70.598407, -33.468103], [-70.598407, -33.468128], [-70.598407, -33.468152], [-70.598407, -33.468177], [-70.598407, -33.468198], [-70.59841, -33.468222], [-70.598408, -33.468245], [-70.598407, -33.468267], [-70.598407, -33.468292], [-70.59841, -33.468315], [-70.598412, -33.468338], [-70.59841, -33.46836], [-70.59841, -33.468383], [-70.598412, -33.468405], [-70.598412, -33.468427], [-70.598412, -33.468448], [-70.598415, -33.468473], [-70.59842, -33.468495], [-70.598425, -33.468518], [-70.598427, -33.46854], [-70.598425, -33.468563], [-70.598422, -33.468587], [-70.598417, -33.46861], [-70.598407, -33.468635], [-70.598408, -33.46866], [-70.59841, -33.468682], [-70.598412, -33.468702], [-70.59841, -33.468723], [-70.59841, -33.468743], [-70.598403, -33.468767], [-70.598407, -33.468788], [-70.598405, -33.468808], [-70.598405, -33.468833], [-70.598405, -33.468857], [-70.598405, -33.46888], [-70.598407, -33.468903], [-70.598408, -33.46892], [-70.598408, -33.468948], [-70.598412, -33.468972], [-70.598412, -33.468995], [-70.598412, -33.46902], [-70.598413, -33.469045], [-70.598415, -33.46907], [-70.598417, -33.469093], [-70.598418, -33.46912], [-70.598422, -33.469143], [-70.598425, -33.469165], [-70.598433, -33.469187], [-70.598438, -33.46921], [-70.598443, -33.469232], [-70.598447, -33.469252], [-70.598448, -33.469277], [-70.598453, -33.469298], [-70.598457, -33.469322], [-70.598457, -33.469345], [-70.598458, -33.469367], [-70.598457, -33.469388], [-70.598457, -33.469412], [-70.598458, -33.469437], [-70.598457, -33.469458], [-70.598452, -33.469485], [-70.598448, -33.46951], [-70.598432, -33.469527], [-70.598423, -33.46955], [-70.59842, -33.469572], [-70.59842, -33.469595], [-70.598418, -33.469617], [-70.598418, -33.46964], [-70.598415, -33.469663], [-70.598418, -33.469688], [-70.598422, -33.469715], [-70.598423, -33.469737], [-70.598425, -33.469758], [-70.598425, -33.469778], [-70.598425, -33.469797], [-70.598432, -33.469822], [-70.598437, -33.469842], [-70.598438, -33.469863], [-70.598437, -33.469883], [-70.59844, -33.469903], [-70.598443, -33.469925], [-70.598443, -33.469945], [-70.598442, -33.469968], [-70.598442, -33.46999], [-70.59844, -33.470013], [-70.598442, -33.470035], [-70.598445, -33.470057], [-70.598452, -33.470078], [-70.598455, -33.470102], [-70.598462, -33.470123], [-70.598465, -33.470143], [-70.598472, -33.470165], [-70.598475, -33.470188], [-70.598482, -33.47021], [-70.598483, -33.470232], [-70.598487, -33.470253], [-70.598488, -33.470277], [-70.59849, -33.470298], [-70.598493, -33.47032], [-70.598493, -33.470342], [-70.598497, -33.470362], [-70.598498, -33.47039], [-70.598497, -33.470413], [-70.598495, -33.470435], [-70.598497, -33.470458], [-70.598497, -33.470482], [-70.5985, -33.4705], [-70.598502, -33.470527], [-70.598505, -33.47055], [-70.598505, -33.470573], [-70.598503, -33.470592], [-70.598505, -33.470613], [-70.598508, -33.470638], [-70.598518, -33.470662], [-70.598525, -33.470683], [-70.59853, -33.470707], [-70.598532, -33.47073], [-70.598533, -33.470755], [-70.598535, -33.470782], [-70.598535, -33.470807], [-70.598538, -33.470833], [-70.598538, -33.47086], [-70.598537, -33.470887], [-70.598537, -33.470913], [-70.598537, -33.470935], [-70.598538, -33.470962], [-70.598542, -33.470993], [-70.598545, -33.471018], [-70.598547, -33.471043], [-70.598548, -33.471067], [-70.598552, -33.471092], [-70.598557, -33.471113], [-70.59856, -33.471137], [-70.598565, -33.47116], [-70.598568, -33.471183], [-70.59857, -33.471205], [-70.598577, -33.471227], [-70.598582, -33.47125], [-70.59858, -33.471272], [-70.598578, -33.471293], [-70.598578, -33.471313], [-70.598577, -33.471337], [-70.598573, -33.471358], [-70.598573, -33.471382], [-70.598572, -33.471405], [-70.598568, -33.471428], [-70.598572, -33.471452], [-70.598575, -33.471473], [-70.598577, -33.471492], [-70.598577, -33.471517], [-70.598578, -33.47154], [-70.598582, -33.471562], [-70.598587, -33.47158], [-70.59859, -33.471603], [-70.598595, -33.47163], [-70.5986, -33.47165], [-70.598605, -33.471672], [-70.598607, -33.471692], [-70.598605, -33.471718], [-70.598605, -33.471742], [-70.598605, -33.471765], [-70.598607, -33.471788], [-70.598608, -33.471807], [-70.59861, -33.471833], [-70.598613, -33.471858], [-70.598615, -33.47188], [-70.598613, -33.471898], [-70.598613, -33.471925], [-70.598612, -33.471947], [-70.598613, -33.47197], [-70.598617, -33.471992], [-70.59862, -33.472015], [-70.598623, -33.472038], [-70.598622, -33.472062], [-70.598622, -33.472085], [-70.598623, -33.472107], [-70.598627, -33.47213], [-70.598628, -33.472152], [-70.598628, -33.472172], [-70.598627, -33.472192], [-70.598627, -33.472213], [-70.598623, -33.472233], [-70.598623, -33.472257], [-70.598623, -33.472278], [-70.598623, -33.472302], [-70.598623, -33.472327], [-70.598623, -33.47235], [-70.598622, -33.472375], [-70.598622, -33.4724], [-70.598623, -33.472418], [-70.598623, -33.472442], [-70.598623, -33.472468], [-70.598627, -33.472492], [-70.598627, -33.472515], [-70.598623, -33.472538], [-70.598627, -33.472562], [-70.59863, -33.472585], [-70.598633, -33.472608], [-70.59864, -33.472633], [-70.598643, -33.472657], [-70.598648, -33.472682], [-70.598653, -33.472703], [-70.598653, -33.472727], [-70.598657, -33.472748], [-70.598657, -33.472772], [-70.598655, -33.472792], [-70.598655, -33.472815], [-70.598653, -33.472837], [-70.598653, -33.472858], [-70.598648, -33.472888], [-70.59865, -33.472908], [-70.598648, -33.472933], [-70.598652, -33.472957], [-70.598655, -33.472978], [-70.598658, -33.473002], [-70.598658, -33.473023], [-70.59866, -33.473043], [-70.59866, -33.473067], [-70.59866, -33.47309], [-70.598662, -33.473113], [-70.598662, -33.473137], [-70.598663, -33.47316], [-70.598668, -33.473183], [-70.59867, -33.473205], [-70.598675, -33.473228], [-70.59868, -33.47325], [-70.59868, -33.473272], [-70.598678, -33.473295], [-70.598675, -33.473318], [-70.598673, -33.473342], [-70.59867, -33.473367], [-70.598665, -33.473388], [-70.598665, -33.47341], [-70.598667, -33.473435], [-70.598668, -33.473458], [-70.59867, -33.473482], [-70.59867, -33.473505], [-70.59867, -33.473525], [-70.59867, -33.473548], [-70.598668, -33.47357], [-70.598663, -33.473593], [-70.598657, -33.473615], [-70.598652, -33.473637], [-70.598648, -33.473657], [-70.598642, -33.473675], [-70.598628, -33.47369], [-70.598613, -33.4737], [-70.598598, -33.473705], [-70.598592, -33.473697], [-70.598578, -33.473685], [-70.598558, -33.473678], [-70.598535, -33.47367], [-70.59852, -33.473662], [-70.598498, -33.473655], [-70.598478, -33.473647], [-70.598452, -33.473643], [-70.598425, -33.473642], [-70.598405, -33.473632], [-70.59838, -33.47363], [-70.598353, -33.473628], [-70.598327, -33.473627], [-70.598298, -33.473628], [-70.598275, -33.473627], [-70.598245, -33.473623], [-70.598222, -33.473622], [-70.598197, -33.473618], [-70.598172, -33.473615], [-70.598147, -33.473615], [-70.59812, -33.473618], [-70.598092, -33.473623], [-70.598063, -33.473623], [-70.59804, -33.473622], [-70.598017, -33.473617], [-70.597992, -33.473615], [-70.597968, -33.473612], [-70.597943, -33.47361], [-70.597923, -33.473605], [-70.597897, -33.473605], [-70.597875, -33.473602], [-70.597853, -33.4736], [-70.59783, -33.4736], [-70.597803, -33.473602], [-70.597777, -33.4736], [-70.597753, -33.4736], [-70.597733, -33.473593], [-70.597715, -33.473588], [-70.597692, -33.473587], [-70.597667, -33.473583], [-70.597642, -33.47358], [-70.597618, -33.47358], [-70.597595, -33.473578], [-70.597568, -33.473575], [-70.59754, -33.473573], [-70.597513, -33.47357], [-70.597487, -33.473567], [-70.59746, -33.473563], [-70.597432, -33.47356], [-70.597407, -33.473558], [-70.597383, -33.473555], [-70.597358, -33.473553], [-70.597332, -33.473555], [-70.597303, -33.473557], [-70.597275, -33.473557], [-70.59725, -33.473553], [-70.597225, -33.473543], [-70.597197, -33.473542], [-70.597172, -33.47354], [-70.597147, -33.473537], [-70.59712, -33.473542], [-70.597102, -33.473548], [-70.597082, -33.473553], [-70.597067, -33.473557], [-70.59705, -33.473555], [-70.597035, -33.473548], [-70.597017, -33.473545], [-70.596995, -33.47354], [-70.59697, -33.473533], [-70.59695, -33.47353], [-70.596917, -33.473527], [-70.59689, -33.473525], [-70.596863, -33.473523], [-70.596837, -33.473522], [-70.596812, -33.473518], [-70.596785, -33.473515], [-70.596758, -33.473508], [-70.596732, -33.4735], [-70.596707, -33.473495], [-70.59668, -33.47349], [-70.596653, -33.473485], [-70.596623, -33.473483], [-70.596597, -33.473485], [-70.596568, -33.473487], [-70.596542, -33.473488], [-70.596515, -33.473488], [-70.596488, -33.473487], [-70.596463, -33.473487], [-70.596438, -33.473487], [-70.596415, -33.473487], [-70.596395, -33.473485], [-70.596382, -33.473485], [-70.59636, -33.473485], [-70.596347, -33.473483], [-70.596333, -33.473487], [-70.596322, -33.473492], [-70.596312, -33.473498], [-70.596305, -33.473503], [-70.596292, -33.47351], [-70.596277, -33.473515], [-70.596265, -33.473522], [-70.596252, -33.473528], [-70.596242, -33.473532], [-70.596232, -33.473535], [-70.59622, -33.473538], [-70.596208, -33.47354], [-70.596193, -33.473542], [-70.596178, -33.47354], [-70.596163, -33.473542], [-70.596143, -33.473542], [-70.596127, -33.473542], [-70.596117, -33.473542], [-70.596105, -33.473542], [-70.596087, -33.473545], [-70.596077, -33.47355], [-70.596055, -33.473558], [-70.596033, -33.473568], [-70.59601, -33.473578], [-70.59599, -33.473582], [-70.595977, -33.473583], [-70.595958, -33.473585], [-70.595938, -33.47359], [-70.59592, -33.473597], [-70.595908, -33.473603], [-70.595893, -33.473608], [-70.595873, -33.473613], [-70.595855, -33.473617], [-70.59584, -33.473618], [-70.595823, -33.473618], [-70.595807, -33.473617], [-70.595792, -33.473617], [-70.595782, -33.473617], [-70.595768, -33.473617], [-70.595753, -33.473615], [-70.595742, -33.473608], [-70.595728, -33.4736], [-70.595708, -33.473602], [-70.595693, -33.473602], [-70.595673, -33.473602], [-70.595655, -33.473602], [-70.595642, -33.4736], [-70.595623, -33.473602], [-70.595605, -33.473605], [-70.59559, -33.473603], [-70.595577, -33.4736], [-70.595568, -33.473598], [-70.595565, -33.473597], [-70.595557, -33.4736], [-70.595548, -33.473603], [-70.595537, -33.473605], [-70.595525, -33.473605], [-70.595508, -33.473603], [-70.595503, -33.473605], [-70.5955, -33.473605], [-70.595497, -33.473605], [-70.595492, -33.473605], [-70.595488, -33.473607], [-70.595487, -33.473605], [-70.595487, -33.473605], [-70.595488, -33.473605], [-70.595485, -33.473607], [-70.595483, -33.47361], [-70.595482, -33.473617], [-70.595478, -33.47362], [-70.595468, -33.473617], [-70.595473, -33.473615], [-70.59548, -33.473615], [-70.595475, -33.473617], [-70.595475, -33.473617], [-70.595475, -33.473617], [-70.595475, -33.473617], [-70.595475, -33.473617], [-70.595475, -33.473617], [-70.595475, -33.473617], [-70.595475, -33.473617], [-70.595475, -33.473617], [-70.595475, -33.473617], [-70.595475, -33.473617], [-70.595475, -33.473617], [-70.595475, -33.473617], [-70.595475, -33.473617], [-70.595475, -33.473617], [-70.595475, -33.473617], [-70.595475, -33.473617], [-70.595473, -33.473617], [-70.595473, -33.473617], [-70.595473, -33.473617], [-70.595473, -33.473617], [-70.595472, -33.473618], [-70.59547, -33.47362], [-70.59547, -33.473623], [-70.59547, -33.473627], [-70.59547, -33.47363], [-70.595468, -33.47363], [-70.595468, -33.473632], [-70.595468, -33.473632], [-70.595468, -33.473632], [-70.595468, -33.473632], [-70.595468, -33.473633], [-70.595468, -33.473635], [-70.595467, -33.473635], [-70.595467, -33.473638], [-70.595465, -33.473638], [-70.595465, -33.473638], [-70.595465, -33.47364], [-70.595465, -33.473642], [-70.595465, -33.473642], [-70.595465, -33.473643], [-70.595465, -33.473643], [-70.595465, -33.473643], [-70.595465, -33.473647], [-70.595465, -33.473652], [-70.595465, -33.473653], [-70.595463, -33.473655], [-70.595463, -33.473655], [-70.595463, -33.473655], [-70.59546, -33.473657], [-70.595455, -33.473657], [-70.595452, -33.473657], [-70.595452, -33.473657], [-70.59545, -33.473657], [-70.595447, -33.473657], [-70.595438, -33.473655], [-70.595417, -33.473655], [-70.595397, -33.473657], [-70.595373, -33.473653], [-70.595353, -33.473652], [-70.595332, -33.473652], [-70.595312, -33.473652], [-70.595293, -33.47365], [-70.595273, -33.47365], [-70.595257, -33.47365], [-70.595247, -33.47365], [-70.595237, -33.47365], [-70.595223, -33.473648], [-70.595205, -33.47365], [-70.595188, -33.473653], [-70.595173, -33.473655], [-70.595155, -33.47366], [-70.595128, -33.473663], [-70.595103, -33.473665], [-70.595078, -33.473667], [-70.595058, -33.47367], [-70.595027, -33.473678], [-70.594992, -33.473687], [-70.59496, -33.473685], [-70.594932, -33.473683], [-70.594905, -33.473685], [-70.59488, -33.47368], [-70.594843, -33.473678], [-70.594815, -33.473677], [-70.594785, -33.473673], [-70.594762, -33.473672], [-70.594728, -33.47367], [-70.594702, -33.47367], [-70.594675, -33.47367], [-70.594652, -33.47367], [-70.594625, -33.473672], [-70.594592, -33.47367], [-70.594563, -33.473672], [-70.594533, -33.473672], [-70.594507, -33.47367], [-70.59448, -33.473672], [-70.594452, -33.473675], [-70.594422, -33.473678], [-70.594398, -33.47368], [-70.59437, -33.473683], [-70.594335, -33.473687], [-70.594305, -33.473688], [-70.594278, -33.47369], [-70.59425, -33.473692], [-70.594227, -33.473695], [-70.594192, -33.473698], [-70.594165, -33.473702], [-70.594143, -33.473702], [-70.594115, -33.473707], [-70.59408, -33.473712], [-70.59405, -33.473718], [-70.59402, -33.47372], [-70.593988, -33.473722], [-70.59396, -33.473725], [-70.593933, -33.473727], [-70.593907, -33.473727], [-70.59387, -33.473735], [-70.593843, -33.473733], [-70.593822, -33.473732], [-70.593795, -33.473732], [-70.593768, -33.473725], [-70.593748, -33.473722], [-70.59372, -33.473728], [-70.593695, -33.473733], [-70.593668, -33.473735], [-70.593643, -33.47373], [-70.59362, -33.47373], [-70.5936, -33.473727], [-70.593577, -33.473727], [-70.593553, -33.47372], [-70.59353, -33.473717], [-70.593505, -33.473715], [-70.59348, -33.473717], [-70.593452, -33.473718], [-70.593425, -33.47372], [-70.593398, -33.473722], [-70.593368, -33.473723], [-70.593342, -33.473725], [-70.593315, -33.473727], [-70.593288, -33.47373], [-70.593262, -33.473732], [-70.593233, -33.473733], [-70.593207, -33.473733], [-70.59318, -33.473735], [-70.593153, -33.473737], [-70.593132, -33.47374], [-70.593098, -33.473743], [-70.593072, -33.473745], [-70.593045, -33.473748], [-70.59302, -33.473752], [-70.592993, -33.473755], [-70.592968, -33.473758], [-70.592942, -33.473762], [-70.592917, -33.473762], [-70.59289, -33.473763], [-70.592865, -33.473765], [-70.592838, -33.473768], [-70.592815, -33.47377], [-70.59279, -33.473773], [-70.59276, -33.473773], [-70.592737, -33.473773], [-70.592712, -33.473773], [-70.592695, -33.473772], [-70.59267, -33.473772], [-70.592642, -33.473773], [-70.592613, -33.473777], [-70.592585, -33.47378], [-70.592557, -33.473783], [-70.592535, -33.473788], [-70.5925, -33.473793], [-70.592468, -33.473805], [-70.592445, -33.473803], [-70.592417, -33.473805], [-70.592388, -33.473807], [-70.592355, -33.473808], [-70.592325, -33.473812], [-70.592298, -33.473813], [-70.592278, -33.473813], [-70.592243, -33.473813], [-70.59221, -33.47382], [-70.59218, -33.473823], [-70.592153, -33.473825], [-70.592123, -33.473827], [-70.592097, -33.47383], [-70.59207, -33.473832], [-70.592043, -33.473837], [-70.592017, -33.473838], [-70.59199, -33.47384], [-70.591965, -33.473842], [-70.591938, -33.473843], [-70.591912, -33.473843], [-70.591883, -33.473845], [-70.591858, -33.473847], [-70.591832, -33.47385], [-70.591803, -33.473852], [-70.591777, -33.473855], [-70.59175, -33.473858], [-70.591723, -33.47386], [-70.591698, -33.473863], [-70.591672, -33.473865], [-70.591645, -33.473865], [-70.591617, -33.473867], [-70.591592, -33.473868], [-70.591573, -33.47387], [-70.591548, -33.473872], [-70.591517, -33.473873], [-70.59149, -33.473877], [-70.591463, -33.47388], [-70.591443, -33.473882], [-70.591417, -33.473885], [-70.591387, -33.47389], [-70.591362, -33.473895], [-70.591338, -33.473897], [-70.591312, -33.4739], [-70.591287, -33.473902], [-70.59126, -33.473907], [-70.591232, -33.473913], [-70.59121, -33.473915], [-70.591178, -33.473918], [-70.59115, -33.473925], [-70.591123, -33.47393], [-70.591102, -33.473935], [-70.591077, -33.473938], [-70.591043, -33.473942], [-70.591017, -33.473945], [-70.590992, -33.473945], [-70.590972, -33.473948], [-70.590942, -33.473953], [-70.590918, -33.473957], [-70.590893, -33.473962], [-70.590868, -33.473967], [-70.590843, -33.473972], [-70.59082, -33.473977], [-70.590795, -33.473982], [-70.590768, -33.47399], [-70.59075, -33.473993], [-70.59072, -33.473997], [-70.590692, -33.474], [-70.590667, -33.474002], [-70.590638, -33.474007], [-70.590608, -33.474013], [-70.59058, -33.474018], [-70.590553, -33.47402], [-70.590533, -33.474025], [-70.590505, -33.474028], [-70.590475, -33.474032], [-70.590448, -33.474033], [-70.59042, -33.474037], [-70.590393, -33.474037], [-70.59037, -33.474038], [-70.590345, -33.47404], [-70.590318, -33.474043], [-70.590293, -33.474045], [-70.59027, -33.474048], [-70.59024, -33.47405], [-70.590218, -33.474053], [-70.590197, -33.474055], [-70.590173, -33.47406], [-70.590148, -33.474065], [-70.590127, -33.474068], [-70.590103, -33.474073], [-70.590078, -33.474077], [-70.590052, -33.474082], [-70.590025, -33.474085], [-70.59, -33.47409], [-70.589973, -33.474095], [-70.58995, -33.4741], [-70.589932, -33.474103], [-70.589905, -33.474107], [-70.589882, -33.474113], [-70.589857, -33.47412], [-70.589832, -33.474128], [-70.58981, -33.474135], [-70.589785, -33.474138], [-70.58976, -33.47414], [-70.589735, -33.474145], [-70.58971, -33.474148], [-70.589683, -33.474152], [-70.589655, -33.474152], [-70.58963, -33.474157], [-70.589608, -33.47416], [-70.589585, -33.474167], [-70.589558, -33.474172], [-70.589533, -33.474177], [-70.589513, -33.47418], [-70.589485, -33.474183], [-70.589462, -33.474187], [-70.589437, -33.474188], [-70.589412, -33.474192], [-70.589383, -33.474198], [-70.589357, -33.474203], [-70.589328, -33.474208], [-70.589302, -33.47421], [-70.589282, -33.474212], [-70.58925, -33.474215], [-70.589225, -33.474218], [-70.5892, -33.47422], [-70.589182, -33.474225], [-70.589148, -33.474232], [-70.589122, -33.474238], [-70.589098, -33.474242], [-70.589078, -33.474248], [-70.589055, -33.474252], [-70.58903, -33.474253], [-70.589007, -33.474257], [-70.588982, -33.474258], [-70.588958, -33.47426], [-70.588928, -33.474265], [-70.588902, -33.474268], [-70.588877, -33.47427], [-70.588853, -33.474273], [-70.588832, -33.474277], [-70.588807, -33.474285], [-70.588782, -33.47429], [-70.588757, -33.474293], [-70.588732, -33.474297], [-70.588707, -33.4743], [-70.58868, -33.474305], [-70.588657, -33.474308], [-70.588633, -33.474312], [-70.588607, -33.474312], [-70.588578, -33.474315], [-70.58855, -33.474318], [-70.588523, -33.47432], [-70.5885, -33.474323], [-70.588477, -33.474327], [-70.588455, -33.474332], [-70.588428, -33.474337], [-70.588407, -33.47434], [-70.58838, -33.474338], [-70.588348, -33.474338], [-70.588323, -33.474337], [-70.588287, -33.47433], [-70.588257, -33.474333], [-70.588228, -33.474337], [-70.588202, -33.474338], [-70.588177, -33.47434], [-70.58815, -33.474343], [-70.588125, -33.474347], [-70.588093, -33.474357], [-70.58807, -33.474363], [-70.588048, -33.47437], [-70.588023, -33.474373], [-70.587995, -33.474378], [-70.58797, -33.474382], [-70.587947, -33.474382], [-70.587923, -33.47438], [-70.587898, -33.47438], [-70.587873, -33.47438], [-70.587855, -33.47438], [-70.587832, -33.47438], [-70.587795, -33.474375], [-70.587763, -33.474368], [-70.587733, -33.474363], [-70.587707, -33.474358], [-70.58768, -33.474357], [-70.587653, -33.474357], [-70.587627, -33.474357], [-70.587605, -33.474357], [-70.587577, -33.474353], [-70.587547, -33.474348], [-70.587523, -33.474345], [-70.5875, -33.474342], [-70.587477, -33.474335], [-70.587455, -33.474325], [-70.587435, -33.474317], [-70.587413, -33.47431], [-70.587388, -33.474302], [-70.58737, -33.474293], [-70.587347, -33.474278], [-70.58733, -33.474263], [-70.587317, -33.474252], [-70.587295, -33.474238], [-70.587268, -33.474222], [-70.587248, -33.474208], [-70.587227, -33.474192], [-70.587208, -33.474178], [-70.587193, -33.474165], [-70.58717, -33.474147], [-70.587153, -33.47413], [-70.587137, -33.474112], [-70.587118, -33.474092], [-70.5871, -33.474073], [-70.587082, -33.474058], [-70.587063, -33.474045], [-70.587045, -33.47403], [-70.587025, -33.474017], [-70.587008, -33.474], [-70.586992, -33.47398], [-70.58698, -33.473967], [-70.586965, -33.47395], [-70.586947, -33.47393], [-70.586938, -33.473915], [-70.586933, -33.473893], [-70.586932, -33.473872], [-70.586925, -33.473843], [-70.586912, -33.473823], [-70.586905, -33.4738], [-70.586898, -33.473778], [-70.586895, -33.473755], [-70.586895, -33.473733], [-70.586897, -33.473712], [-70.586897, -33.47369], [-70.5869, -33.473672], [-70.586902, -33.473647], [-70.586907, -33.473625], [-70.586912, -33.473605], [-70.586918, -33.473583], [-70.586927, -33.473563], [-70.586935, -33.47354], [-70.586947, -33.473515], [-70.58696, -33.473493], [-70.586972, -33.473477], [-70.586987, -33.47345], [-70.587002, -33.473428], [-70.587017, -33.473407], [-70.587028, -33.473393], [-70.587045, -33.473367], [-70.587058, -33.473347], [-70.587072, -33.473328], [-70.587087, -33.473312], [-70.587105, -33.473292], [-70.587118, -33.473275], [-70.587142, -33.473253], [-70.587163, -33.473237], [-70.587188, -33.473223], [-70.587212, -33.47321], [-70.587233, -33.473195], [-70.587253, -33.473178], [-70.587267, -33.473158], [-70.587277, -33.473138], [-70.587285, -33.473117], [-70.587288, -33.473093], [-70.587287, -33.473072], [-70.587283, -33.473045], [-70.587278, -33.473027], [-70.587272, -33.473], [-70.587268, -33.47298], [-70.58727, -33.472952], [-70.587268, -33.47293], [-70.587265, -33.47291], [-70.58726, -33.472888], [-70.587257, -33.472867], [-70.58725, -33.472843], [-70.587247, -33.472822], [-70.587242, -33.472798], [-70.58723, -33.47278], [-70.587225, -33.472758], [-70.587222, -33.472742], [-70.587213, -33.472718], [-70.587205, -33.472693], [-70.587198, -33.472672], [-70.587193, -33.472652], [-70.587188, -33.472628], [-70.587182, -33.472607], [-70.587177, -33.472585], [-70.587172, -33.472567], [-70.587167, -33.472545], [-70.587163, -33.472523], [-70.58716, -33.472498], [-70.587158, -33.472475], [-70.587158, -33.472455], [-70.587155, -33.472432], [-70.58715, -33.472405], [-70.587143, -33.472383], [-70.587138, -33.472362], [-70.587135, -33.47234], [-70.58713, -33.47232], [-70.587125, -33.472298], [-70.58712, -33.472277], [-70.587117, -33.472258], [-70.587112, -33.472237], [-70.587105, -33.472212], [-70.587098, -33.47219], [-70.587092, -33.472168], [-70.587088, -33.472152], [-70.587083, -33.472125], [-70.587077, -33.472103], [-70.587072, -33.472083], [-70.587065, -33.472067], [-70.58706, -33.472047], [-70.58705, -33.472023], [-70.587043, -33.472005], [-70.58704, -33.471985], [-70.587035, -33.471968], [-70.587028, -33.471942], [-70.587025, -33.471918], [-70.58702, -33.4719], [-70.587015, -33.471885], [-70.587012, -33.471862], [-70.587005, -33.471837], [-70.586997, -33.471813], [-70.586993, -33.471793], [-70.586988, -33.471775], [-70.58698, -33.47175], [-70.586977, -33.471728], [-70.586973, -33.471705], [-70.586967, -33.471688], [-70.586962, -33.471663], [-70.586955, -33.471645], [-70.586952, -33.471623], [-70.586948, -33.471602], [-70.586942, -33.471582], [-70.586938, -33.47156], [-70.586935, -33.471537], [-70.58693, -33.471513], [-70.586925, -33.471495], [-70.586918, -33.471472], [-70.586912, -33.47145], [-70.5869, -33.471425], [-70.586893, -33.471403], [-70.586887, -33.471383], [-70.586882, -33.471365], [-70.586875, -33.47134], [-70.586867, -33.471318], [-70.58686, -33.471298], [-70.586857, -33.47128], [-70.586852, -33.471257], [-70.586843, -33.471232], [-70.586838, -33.47121], [-70.586833, -33.471192], [-70.58683, -33.471168], [-70.586825, -33.471148], [-70.58682, -33.471122], [-70.586817, -33.4711], [-70.586815, -33.471083], [-70.586813, -33.471058], [-70.586813, -33.471037], [-70.586808, -33.471008], [-70.586805, -33.47099], [-70.5868, -33.470968], [-70.586797, -33.470942], [-70.586795, -33.470922], [-70.586792, -33.470905], [-70.586788, -33.470882], [-70.586783, -33.47086], [-70.586777, -33.470835], [-70.58677, -33.470815], [-70.586765, -33.4708], [-70.58676, -33.470778], [-70.586752, -33.470753], [-70.586747, -33.470737], [-70.58674, -33.470715], [-70.586735, -33.470693], [-70.58673, -33.470673], [-70.586728, -33.47065], [-70.586725, -33.47063], [-70.58672, -33.470607], [-70.586713, -33.47059], [-70.586705, -33.470575], [-70.586698, -33.47056], [-70.586692, -33.47054], [-70.586688, -33.470523], [-70.586685, -33.470507], [-70.586683, -33.470483], [-70.586675, -33.470457], [-70.586668, -33.470435], [-70.586662, -33.470417], [-70.586647, -33.470397], [-70.58664, -33.470373], [-70.586627, -33.470347], [-70.586618, -33.470327], [-70.586613, -33.470308], [-70.586607, -33.470287], [-70.586603, -33.470263], [-70.586603, -33.47024], [-70.586602, -33.470218], [-70.5866, -33.470198], [-70.586597, -33.470172], [-70.586592, -33.470152], [-70.586587, -33.47013], [-70.586583, -33.470112], [-70.586577, -33.470092], [-70.58657, -33.470065], [-70.586563, -33.470045], [-70.58656, -33.47003], [-70.586555, -33.470007], [-70.58655, -33.469987], [-70.586543, -33.469962], [-70.586538, -33.469942], [-70.586533, -33.469923], [-70.586527, -33.469903], [-70.58652, -33.469878], [-70.586518, -33.469862], [-70.586513, -33.46984], [-70.586508, -33.46982], [-70.586502, -33.469797], [-70.586495, -33.469777], [-70.586485, -33.469752], [-70.58648, -33.469735], [-70.586475, -33.469715], [-70.586472, -33.469692], [-70.586468, -33.469667], [-70.586465, -33.46965], [-70.586458, -33.469628], [-70.586453, -33.469602], [-70.58645, -33.469582], [-70.586445, -33.469565], [-70.58644, -33.469543], [-70.586437, -33.469523], [-70.586432, -33.469497], [-70.58643, -33.469473], [-70.586427, -33.469458], [-70.586423, -33.469437], [-70.58642, -33.46941], [-70.586417, -33.469393], [-70.586412, -33.46937], [-70.586408, -33.469347], [-70.586403, -33.469323], [-70.586395, -33.4693], [-70.58639, -33.469278], [-70.586385, -33.469262], [-70.58638, -33.46924], [-70.586375, -33.469218], [-70.586372, -33.469197], [-70.586368, -33.46917], [-70.586365, -33.469152], [-70.586362, -33.46913], [-70.586352, -33.469103], [-70.586347, -33.46908], [-70.586338, -33.46906], [-70.586332, -33.469042], [-70.586325, -33.469015], [-70.586318, -33.468993], [-70.586312, -33.468973], [-70.586308, -33.468955], [-70.586303, -33.468932], [-70.586297, -33.468912], [-70.58629, -33.46889], [-70.586287, -33.468868], [-70.58628, -33.468848], [-70.586272, -33.468825], [-70.586268, -33.46881], [-70.58626, -33.468785], [-70.586255, -33.468767], [-70.586248, -33.468745], [-70.586242, -33.468718], [-70.586238, -33.468697], [-70.586233, -33.46868], [-70.586228, -33.46866], [-70.58622, -33.468635], [-70.586215, -33.468617], [-70.586207, -33.468593], [-70.5862, -33.468578], [-70.586195, -33.468558], [-70.586192, -33.468537], [-70.586187, -33.468512], [-70.586183, -33.468495], [-70.586178, -33.468477], [-70.586173, -33.468455], [-70.58617, -33.468433], [-70.586163, -33.46841], [-70.58616, -33.46839], [-70.586157, -33.46837], [-70.586152, -33.46835], [-70.586145, -33.468327], [-70.586138, -33.468307], [-70.586133, -33.468292], [-70.586125, -33.468272], [-70.586115, -33.468248], [-70.586108, -33.468228], [-70.586103, -33.468212], [-70.5861, -33.468192], [-70.586098, -33.468168], [-70.586097, -33.46814], [-70.586092, -33.468117], [-70.586088, -33.4681], [-70.58608, -33.468083], [-70.586073, -33.46806], [-70.586068, -33.468043], [-70.586063, -33.468023], [-70.586058, -33.468002], [-70.586052, -33.46798], [-70.586045, -33.467962], [-70.586037, -33.467942], [-70.586035, -33.467923], [-70.58603, -33.467903], [-70.586023, -33.46788], [-70.586018, -33.46786], [-70.586017, -33.467838], [-70.586015, -33.467822], [-70.58601, -33.4678], [-70.586007, -33.467785], [-70.586005, -33.467763], [-70.586002, -33.46774], [-70.585997, -33.467722], [-70.585992, -33.467695], [-70.585988, -33.467673], [-70.585985, -33.467657], [-70.585982, -33.467635], [-70.585978, -33.467608], [-70.585973, -33.467588], [-70.585973, -33.46757], [-70.585972, -33.467545], [-70.585967, -33.467525], [-70.585962, -33.467503], [-70.585957, -33.467475], [-70.58595, -33.467458], [-70.585945, -33.467438], [-70.585938, -33.467415], [-70.585935, -33.467397], [-70.58593, -33.467378], [-70.585925, -33.467357], [-70.585918, -33.467335], [-70.585912, -33.467313], [-70.585903, -33.467288], [-70.5859, -33.467272], [-70.585892, -33.467252], [-70.585883, -33.467228], [-70.585878, -33.467205], [-70.585872, -33.467183], [-70.585868, -33.467167], [-70.58586, -33.46714], [-70.585853, -33.467125], [-70.585847, -33.467108], [-70.58584, -33.467088], [-70.585832, -33.467072], [-70.585822, -33.467053], [-70.585812, -33.467035], [-70.585803, -33.467017], [-70.585793, -33.466997], [-70.585777, -33.466985], [-70.585763, -33.466963], [-70.585752, -33.466943], [-70.585748, -33.466912], [-70.585742, -33.466897], [-70.585737, -33.466875], [-70.585727, -33.466847], [-70.585717, -33.466827], [-70.585707, -33.466812], [-70.585703, -33.46679], [-70.585697, -33.466765], [-70.585693, -33.466752], [-70.58569, -33.466725], [-70.585687, -33.466707], [-70.585678, -33.466687], [-70.585672, -33.466665], [-70.585665, -33.46664], [-70.58566, -33.466618], [-70.585658, -33.466602], [-70.585653, -33.466577], [-70.585648, -33.46656], [-70.585643, -33.466537], [-70.585643, -33.466522], [-70.585642, -33.466497], [-70.585638, -33.46647], [-70.585632, -33.46645], [-70.58563, -33.466427], [-70.585627, -33.466408], [-70.585622, -33.466382], [-70.585617, -33.466367], [-70.585608, -33.46634], [-70.585602, -33.466322], [-70.585602, -33.466302], [-70.585595, -33.466282], [-70.585583, -33.466257], [-70.585578, -33.466237], [-70.585573, -33.466213], [-70.585568, -33.466193], [-70.585565, -33.46617], [-70.585563, -33.466145], [-70.585562, -33.466123], [-70.585557, -33.4661], [-70.585552, -33.466077], [-70.585543, -33.466057], [-70.585528, -33.46604], [-70.585513, -33.466025], [-70.585492, -33.466013], [-70.58547, -33.466005], [-70.585442, -33.465998], [-70.58542, -33.465992], [-70.585402, -33.465987], [-70.585378, -33.46598], [-70.585352, -33.465975], [-70.58532, -33.465973], [-70.585292, -33.465977], [-70.585268, -33.46598], [-70.585242, -33.465987], [-70.585215, -33.465993], [-70.585187, -33.466002], [-70.585165, -33.466008], [-70.585147, -33.466015], [-70.585118, -33.466023], [-70.585097, -33.466037], [-70.585078, -33.466047], [-70.585055, -33.466058], [-70.585032, -33.466068], [-70.585008, -33.466078], [-70.58499, -33.466087], [-70.584973, -33.466093], [-70.58495, -33.466098], [-70.584928, -33.466107], [-70.584903, -33.466115], [-70.584875, -33.466125], [-70.584857, -33.466132], [-70.584833, -33.46614], [-70.584807, -33.46615], [-70.584785, -33.466158], [-70.584767, -33.466163], [-70.584743, -33.466173], [-70.58472, -33.466182], [-70.584698, -33.46619], [-70.584678, -33.466197], [-70.584657, -33.466205], [-70.584633, -33.466215], [-70.58461, -33.466223], [-70.584582, -33.466235], [-70.584555, -33.466245], [-70.584537, -33.466252], [-70.584515, -33.46626], [-70.584493, -33.466267], [-70.584465, -33.466277], [-70.584442, -33.466287], [-70.584423, -33.466293], [-70.584397, -33.466302], [-70.584373, -33.466312], [-70.58435, -33.466322], [-70.584328, -33.466328], [-70.58431, -33.466335], [-70.584287, -33.466343], [-70.584265, -33.466352], [-70.584245, -33.46636], [-70.584225, -33.466368], [-70.5842, -33.466382], [-70.584177, -33.46639], [-70.584152, -33.466397], [-70.58413, -33.466405], [-70.584107, -33.466415], [-70.58408, -33.466425], [-70.584057, -33.466432], [-70.584033, -33.466437], [-70.584017, -33.466443], [-70.583988, -33.466452], [-70.583967, -33.466458], [-70.583943, -33.466468], [-70.583927, -33.466477], [-70.583905, -33.466487], [-70.58388, -33.466498], [-70.583857, -33.466508], [-70.583835, -33.466517], [-70.583818, -33.466525], [-70.583797, -33.466533], [-70.583777, -33.466542], [-70.583755, -33.46655], [-70.583733, -33.466555], [-70.583708, -33.466563], [-70.583683, -33.46657], [-70.583658, -33.46658], [-70.583632, -33.46659], [-70.583612, -33.466597], [-70.583592, -33.466603], [-70.583567, -33.466608], [-70.583543, -33.466617], [-70.583518, -33.466625], [-70.583497, -33.466633], [-70.583478, -33.46664], [-70.58345, -33.46665], [-70.583428, -33.466657], [-70.583403, -33.466667], [-70.583382, -33.466675], [-70.583367, -33.466682], [-70.58334, -33.466695], [-70.58332, -33.466703], [-70.583295, -33.466712], [-70.58327, -33.46672], [-70.583242, -33.466732], [-70.583222, -33.466742], [-70.5832, -33.46675], [-70.58318, -33.466755], [-70.58316, -33.466765], [-70.583138, -33.46677], [-70.583108, -33.46678], [-70.583088, -33.466787], [-70.583065, -33.466795], [-70.583033, -33.466807], [-70.58301, -33.466815], [-70.582985, -33.466822], [-70.582965, -33.46683], [-70.582937, -33.466842], [-70.582912, -33.466853], [-70.582888, -33.466863], [-70.58287, -33.46687], [-70.582847, -33.466877], [-70.582822, -33.466885], [-70.582795, -33.466893], [-70.582767, -33.466903], [-70.582742, -33.466913], [-70.582717, -33.466925], [-70.58269, -33.466937], [-70.582665, -33.466947], [-70.582645, -33.466952], [-70.582622, -33.466962], [-70.582595, -33.466973], [-70.582572, -33.466983], [-70.582545, -33.466993], [-70.582525, -33.467002], [-70.582495, -33.467013], [-70.58247, -33.467022], [-70.582447, -33.467032], [-70.582428, -33.467038], [-70.582407, -33.467048], [-70.582377, -33.467057], [-70.58235, -33.467065], [-70.582328, -33.467073], [-70.582298, -33.467083], [-70.58227, -33.467093], [-70.582233, -33.467107], [-70.582205, -33.467117], [-70.582182, -33.467125], [-70.582152, -33.467137], [-70.582127, -33.467147], [-70.582093, -33.467157], [-70.582072, -33.467163], [-70.582045, -33.467172], [-70.582013, -33.467182], [-70.581987, -33.467192], [-70.58196, -33.467202], [-70.581937, -33.46721], [-70.58191, -33.46722], [-70.58188, -33.467228], [-70.581857, -33.467233], [-70.58184, -33.467238], [-70.581813, -33.467245], [-70.581782, -33.467258], [-70.581753, -33.467268], [-70.581727, -33.467275], [-70.581703, -33.467283], [-70.581675, -33.467292], [-70.581648, -33.467298], [-70.581622, -33.46731], [-70.581595, -33.467318], [-70.581568, -33.46733], [-70.581542, -33.46734], [-70.581517, -33.46735], [-70.581493, -33.467358], [-70.581468, -33.467367], [-70.581442, -33.467375], [-70.581417, -33.467383], [-70.58139, -33.467395], [-70.581367, -33.467407], [-70.581347, -33.467413], [-70.581325, -33.46742], [-70.5813, -33.467428], [-70.581272, -33.46744], [-70.581248, -33.467448], [-70.581227, -33.467457], [-70.5812, -33.467467], [-70.581172, -33.467473], [-70.581147, -33.46748], [-70.581122, -33.467488], [-70.581092, -33.467498], [-70.581065, -33.467505], [-70.581035, -33.467515], [-70.581007, -33.467525], [-70.580982, -33.467535], [-70.580958, -33.467547], [-70.580933, -33.467558], [-70.580908, -33.467568], [-70.580883, -33.467575], [-70.580857, -33.467585], [-70.580832, -33.467595], [-70.580807, -33.467602], [-70.58078, -33.467612], [-70.580757, -33.46762], [-70.580732, -33.46763], [-70.580708, -33.467637], [-70.580685, -33.467647], [-70.580662, -33.467657], [-70.580637, -33.467667], [-70.580612, -33.467677], [-70.580588, -33.467685], [-70.580565, -33.467692], [-70.58054, -33.4677], [-70.580517, -33.46771], [-70.580495, -33.46772], [-70.580475, -33.467727], [-70.580455, -33.467738], [-70.580435, -33.467748], [-70.580413, -33.467758], [-70.58039, -33.467767], [-70.580368, -33.467777], [-70.580345, -33.467787], [-70.58032, -33.467797], [-70.580295, -33.467805], [-70.58027, -33.467815], [-70.580243, -33.467823], [-70.580218, -33.467833], [-70.580193, -33.467843], [-70.580165, -33.467852], [-70.580135, -33.46786], [-70.580108, -33.467865], [-70.580083, -33.467873], [-70.580058, -33.46788], [-70.580037, -33.467888], [-70.580017, -33.467897], [-70.579995, -33.467905], [-70.579973, -33.467913], [-70.57995, -33.467922], [-70.579927, -33.46793], [-70.579903, -33.467942], [-70.57988, -33.46795], [-70.579855, -33.46796], [-70.579835, -33.46797], [-70.579815, -33.467978], [-70.579785, -33.46798], [-70.57976, -33.467983], [-70.579728, -33.467993], [-70.579703, -33.468], [-70.57968, -33.46801], [-70.579657, -33.468022], [-70.579637, -33.46803], [-70.579613, -33.468037], [-70.57959, -33.468043], [-70.579565, -33.46805], [-70.579542, -33.468057], [-70.57952, -33.468065], [-70.579498, -33.468073], [-70.579477, -33.468082], [-70.579453, -33.46809], [-70.579433, -33.468098], [-70.579407, -33.46811], [-70.579387, -33.468118], [-70.579363, -33.468127], [-70.57934, -33.468133], [-70.579317, -33.468142], [-70.579292, -33.46815], [-70.57927, -33.468163], [-70.579245, -33.468172], [-70.579227, -33.46818], [-70.579197, -33.46819], [-70.579172, -33.4682], [-70.579148, -33.468208], [-70.579128, -33.468215], [-70.579102, -33.468225], [-70.57908, -33.468235], [-70.579055, -33.468245], [-70.579032, -33.468253], [-70.579007, -33.468263], [-70.57898, -33.468273], [-70.578955, -33.468282], [-70.57893, -33.468292], [-70.578905, -33.4683], [-70.57888, -33.46831], [-70.578855, -33.46832], [-70.57883, -33.468328], [-70.578803, -33.468335], [-70.578778, -33.468343], [-70.578753, -33.468353], [-70.57873, -33.468365], [-70.57871, -33.468373], [-70.578685, -33.468383], [-70.578653, -33.468393], [-70.57863, -33.468402], [-70.578612, -33.46841], [-70.578588, -33.46842], [-70.578565, -33.468428], [-70.578538, -33.468438], [-70.578512, -33.468445], [-70.578485, -33.468452], [-70.578465, -33.468458], [-70.57845, -33.468463], [-70.578423, -33.468473], [-70.578405, -33.468482], [-70.578397, -33.468482], [-70.578388, -33.468482], [-70.578375, -33.468478], [-70.578362, -33.46848], [-70.578348, -33.468478], [-70.578333, -33.468487], [-70.578317, -33.468495], [-70.578298, -33.4685], [-70.578282, -33.468505], [-70.578262, -33.468507], [-70.57824, -33.468508], [-70.578227, -33.468513], [-70.578215, -33.468517], [-70.578202, -33.468525], [-70.578187, -33.468535], [-70.578173, -33.468543], [-70.578158, -33.468552], [-70.578145, -33.46856], [-70.57813, -33.468568], [-70.578118, -33.468577], [-70.578105, -33.468587], [-70.578093, -33.468595], [-70.57808, -33.468598], [-70.578062, -33.468607], [-70.578042, -33.468615], [-70.578028, -33.468615], [-70.57801, -33.468625], [-70.577985, -33.468633], [-70.577955, -33.468647], [-70.577928, -33.468655], [-70.577907, -33.468667], [-70.577885, -33.468675], [-70.577862, -33.468687], [-70.577833, -33.468695], [-70.57781, -33.468702], [-70.577788, -33.468712], [-70.577765, -33.46872], [-70.577742, -33.468727], [-70.577718, -33.468735], [-70.577697, -33.468743], [-70.577675, -33.468752], [-70.57765, -33.468762], [-70.577627, -33.468773], [-70.577602, -33.468783], [-70.577578, -33.468793], [-70.577557, -33.468803], [-70.577535, -33.468812], [-70.577512, -33.468822], [-70.577487, -33.46883], [-70.577465, -33.468838], [-70.577443, -33.468847], [-70.577418, -33.468855], [-70.577393, -33.468863], [-70.577368, -33.468872], [-70.577343, -33.468878], [-70.577317, -33.468888], [-70.57729, -33.468898], [-70.577267, -33.468908], [-70.577245, -33.468915], [-70.577222, -33.468923], [-70.577198, -33.46893], [-70.577173, -33.468937], [-70.577148, -33.468943], [-70.577125, -33.46895], [-70.577102, -33.468957], [-70.577077, -33.468965], [-70.57705, -33.46897], [-70.577023, -33.468978], [-70.577, -33.468985], [-70.576977, -33.468992], [-70.576953, -33.469], [-70.57693, -33.469008], [-70.576905, -33.469017], [-70.576878, -33.469023], [-70.576855, -33.469032], [-70.57683, -33.46904], [-70.576805, -33.469048], [-70.57678, -33.469055], [-70.576757, -33.469063], [-70.576732, -33.469072], [-70.576705, -33.46908], [-70.57668, -33.469088], [-70.576655, -33.469095], [-70.576632, -33.469103], [-70.576607, -33.46911], [-70.576582, -33.469117], [-70.576562, -33.469122], [-70.576542, -33.469125], [-70.57652, -33.469135], [-70.576495, -33.469145], [-70.576473, -33.469153], [-70.576448, -33.469162], [-70.576423, -33.46917], [-70.576405, -33.469178], [-70.576387, -33.469182], [-70.576368, -33.469187], [-70.576345, -33.469192], [-70.576328, -33.469198], [-70.576308, -33.469208], [-70.576285, -33.469215], [-70.57626, -33.469223], [-70.576237, -33.469235], [-70.576213, -33.469245], [-70.576195, -33.469253], [-70.576175, -33.46926], [-70.576153, -33.469267], [-70.57613, -33.46927], [-70.576102, -33.469278], [-70.576073, -33.469285], [-70.576047, -33.469293], [-70.576022, -33.469303], [-70.575995, -33.46931], [-70.575967, -33.469323], [-70.575945, -33.46933], [-70.575923, -33.46934], [-70.575902, -33.469348], [-70.575882, -33.469353], [-70.57586, -33.469358], [-70.575837, -33.469362], [-70.575817, -33.46936], [-70.575798, -33.469352], [-70.575788, -33.469342], [-70.575777, -33.469325], [-70.57577, -33.469307], [-70.575768, -33.469285], [-70.575768, -33.46926], [-70.575773, -33.469242], [-70.575782, -33.469222], [-70.575795, -33.469193], [-70.575805, -33.469173], [-70.575813, -33.469158], [-70.575828, -33.469132], [-70.57584, -33.469108], [-70.575845, -33.46909], [-70.575858, -33.469068], [-70.575873, -33.46905], [-70.575888, -33.46903], [-70.575905, -33.469007], [-70.575918, -33.468993], [-70.575935, -33.468973], [-70.575952, -33.468953], [-70.575968, -33.468933], [-70.575985, -33.468915], [-70.575997, -33.468895], [-70.576007, -33.468875], [-70.576015, -33.468853], [-70.57602, -33.468828], [-70.576023, -33.468805], [-70.576022, -33.46878], [-70.576022, -33.468755], [-70.576013, -33.468735], [-70.576007, -33.468715], [-70.576002, -33.468698], [-70.575987, -33.468673], [-70.57597, -33.468647], [-70.575958, -33.468623], [-70.575948, -33.4686], [-70.575937, -33.468578], [-70.575923, -33.468555], [-70.575915, -33.468533], [-70.575908, -33.468512], [-70.575902, -33.468492], [-70.575892, -33.468465], [-70.575887, -33.468445], [-70.575877, -33.468425], [-70.575868, -33.468403], [-70.57586, -33.468378], [-70.575852, -33.468353], [-70.575842, -33.468335], [-70.575832, -33.468313], [-70.575822, -33.468298], [-70.57581, -33.46828], [-70.575798, -33.46826], [-70.57579, -33.468228], [-70.575783, -33.468202], [-70.575775, -33.468185], [-70.57577, -33.468168], [-70.57576, -33.468145], [-70.575752, -33.468125], [-70.575742, -33.468108], [-70.575737, -33.46809], [-70.575732, -33.468072], [-70.575723, -33.468053], [-70.575717, -33.468035], [-70.575713, -33.468018], [-70.57571, -33.468002], [-70.575705, -33.467988], [-70.575702, -33.467972], [-70.575697, -33.467952], [-70.57569, -33.467932], [-70.575682, -33.467913], [-70.575673, -33.46789], [-70.575668, -33.46786], [-70.575667, -33.467842], [-70.575655, -33.467818], [-70.575648, -33.467797], [-70.57564, -33.467777], [-70.575635, -33.467755], [-70.575632, -33.46773], [-70.575632, -33.46771], [-70.575622, -33.467693], [-70.575612, -33.467677], [-70.575602, -33.467657], [-70.575598, -33.467642], [-70.575592, -33.467622], [-70.575585, -33.467603], [-70.575577, -33.467583], [-70.575568, -33.467567], [-70.57556, -33.467545], [-70.575552, -33.46753], [-70.575543, -33.467513], [-70.57554, -33.467498], [-70.575532, -33.467478], [-70.575523, -33.46746], [-70.575515, -33.46744], [-70.575507, -33.467422], [-70.575497, -33.467398], [-70.57549, -33.46738], [-70.575482, -33.467362], [-70.575475, -33.46734], [-70.575468, -33.46732], [-70.575462, -33.4673], [-70.575455, -33.467278], [-70.57545, -33.46726], [-70.575442, -33.46724], [-70.575435, -33.467217], [-70.575428, -33.467195], [-70.57542, -33.467177], [-70.575412, -33.467158], [-70.575405, -33.467138], [-70.5754, -33.467118], [-70.575395, -33.467103], [-70.575387, -33.467085], [-70.575378, -33.467065], [-70.575368, -33.46704], [-70.57536, -33.46702], [-70.575353, -33.467005], [-70.575343, -33.46698], [-70.575338, -33.46696], [-70.575333, -33.466945], [-70.575328, -33.466922], [-70.57532, -33.466902], [-70.575313, -33.466883], [-70.575303, -33.46686], [-70.575298, -33.466838], [-70.575293, -33.466822], [-70.575283, -33.466803], [-70.575273, -33.466783], [-70.575265, -33.466758], [-70.575257, -33.466742], [-70.575252, -33.46672], [-70.575242, -33.466698], [-70.575233, -33.466678], [-70.575227, -33.466658], [-70.575223, -33.466635], [-70.575213, -33.466608], [-70.575208, -33.466592], [-70.5752, -33.466568], [-70.575192, -33.466545], [-70.575185, -33.466525], [-70.575177, -33.466505], [-70.57517, -33.466492], [-70.575163, -33.46648], [-70.575158, -33.466467], [-70.575152, -33.466452], [-70.575147, -33.466435], [-70.575137, -33.466417], [-70.57513, -33.466405], [-70.575122, -33.466392], [-70.575117, -33.466378], [-70.575113, -33.466363], [-70.575107, -33.46635], [-70.5751, -33.466337], [-70.575092, -33.466322], [-70.575085, -33.466308], [-70.575082, -33.466292], [-70.575078, -33.466275], [-70.575077, -33.46626], [-70.57507, -33.466243], [-70.575063, -33.466232], [-70.575057, -33.466218], [-70.575052, -33.466203], [-70.575048, -33.466187], [-70.575042, -33.466168], [-70.575033, -33.466145], [-70.575027, -33.466128], [-70.575018, -33.46611], [-70.57501, -33.466088], [-70.575002, -33.466068], [-70.574995, -33.466048], [-70.57499, -33.466028], [-70.574982, -33.46601], [-70.574977, -33.46599], [-70.574968, -33.465967], [-70.57496, -33.465952], [-70.574952, -33.465933], [-70.574942, -33.465915], [-70.574933, -33.465895], [-70.574925, -33.465877], [-70.574917, -33.465858], [-70.574908, -33.465838], [-70.574902, -33.465813], [-70.574897, -33.465793], [-70.574893, -33.465775], [-70.574888, -33.465758], [-70.574882, -33.465735], [-70.574877, -33.46572], [-70.574868, -33.465697], [-70.574862, -33.46568], [-70.574857, -33.46566], [-70.57485, -33.46564], [-70.574843, -33.465617], [-70.57484, -33.465602], [-70.574833, -33.465582], [-70.574828, -33.465558], [-70.574822, -33.465538], [-70.574815, -33.465523], [-70.57481, -33.465502], [-70.574803, -33.46548], [-70.574792, -33.46546], [-70.574782, -33.465435], [-70.574773, -33.465417], [-70.574767, -33.465395], [-70.574757, -33.465372], [-70.57475, -33.465353], [-70.574742, -33.465327], [-70.574735, -33.465308], [-70.574728, -33.465287], [-70.574722, -33.465265], [-70.574715, -33.465245], [-70.57471, -33.465225], [-70.574698, -33.465207], [-70.57469, -33.465185], [-70.574678, -33.465165], [-70.574672, -33.465143], [-70.574665, -33.465123], [-70.574655, -33.4651], [-70.57465, -33.465078], [-70.574642, -33.465058], [-70.574633, -33.465038], [-70.574623, -33.465022], [-70.574612, -33.465005], [-70.574598, -33.464988], [-70.574585, -33.464968], [-70.574578, -33.464952], [-70.574572, -33.46493], [-70.574565, -33.46491], [-70.574553, -33.464892], [-70.574547, -33.464872], [-70.57454, -33.464855], [-70.574535, -33.46484], [-70.57452, -33.464815], [-70.574512, -33.4648], [-70.574503, -33.46478], [-70.574493, -33.464765], [-70.57449, -33.46475], [-70.574483, -33.464738], [-70.574478, -33.464723], [-70.574473, -33.464715], [-70.574473, -33.464705], [-70.574475, -33.464697], [-70.574475, -33.464687], [-70.574473, -33.464678], [-70.574473, -33.464668], [-70.574475, -33.464657], [-70.574477, -33.46465], [-70.574472, -33.464643], [-70.57447, -33.464635], [-70.574468, -33.464623], [-70.574457, -33.464612], [-70.574448, -33.464607], [-70.574442, -33.4646], [-70.574437, -33.464592], [-70.574433, -33.464583], [-70.574425, -33.464578], [-70.574422, -33.464567], [-70.574418, -33.464553], [-70.574413, -33.464542], [-70.574418, -33.464527], [-70.574413, -33.464525], [-70.57441, -33.464527], [-70.574403, -33.464527], [-70.574397, -33.464522], [-70.574392, -33.464518], [-70.574388, -33.464518], [-70.57439, -33.464518], [-70.574392, -33.46452], [-70.574392, -33.464522], [-70.574393, -33.464518], [-70.57439, -33.464518], [-70.574388, -33.464518], [-70.574387, -33.464518], [-70.574387, -33.464518], [-70.574387, -33.464518], [-70.574387, -33.464518], [-70.574387, -33.464518], [-70.574387, -33.464518], [-70.574387, -33.464518], [-70.574387, -33.464518], [-70.574388, -33.464518], [-70.574388, -33.464518], [-70.57439, -33.464518], [-70.57439, -33.464518], [-70.57439, -33.464518], [-70.574392, -33.464518], [-70.574392, -33.464518], [-70.574392, -33.464518], [-70.574392, -33.464513], [-70.574393, -33.464513], [-70.574393, -33.464512], [-70.574395, -33.464512], [-70.574395, -33.464512], [-70.574398, -33.464507], [-70.5744, -33.464503], [-70.574403, -33.4645], [-70.574405, -33.464497], [-70.574405, -33.464493], [-70.574405, -33.464488], [-70.574405, -33.464473], [-70.574403, -33.464458], [-70.5744, -33.464438], [-70.574398, -33.464422], [-70.574397, -33.464407], [-70.574393, -33.464393], [-70.574393, -33.46438], [-70.574388, -33.464363], [-70.57438, -33.46435], [-70.57437, -33.464342], [-70.574363, -33.464333], [-70.574357, -33.464323], [-70.574348, -33.464308], [-70.574342, -33.464288], [-70.574335, -33.464275], [-70.574328, -33.464258], [-70.574325, -33.464247], [-70.574317, -33.46423], [-70.574308, -33.464213], [-70.574297, -33.464195], [-70.574288, -33.464173], [-70.574275, -33.464152], [-70.574263, -33.464127], [-70.574253, -33.464102], [-70.574248, -33.464085], [-70.57424, -33.464062], [-70.574232, -33.464038], [-70.574225, -33.464022], [-70.574217, -33.464002], [-70.574207, -33.46398], [-70.574198, -33.463958], [-70.57419, -33.463933], [-70.574183, -33.463913], [-70.574177, -33.463893], [-70.57417, -33.463872], [-70.574162, -33.463852], [-70.574148, -33.463827], [-70.57414, -33.463807], [-70.574132, -33.463792], [-70.574122, -33.463772], [-70.574113, -33.463752], [-70.574103, -33.463725], [-70.574097, -33.463707], [-70.574087, -33.463685], [-70.57408, -33.463665], [-70.57407, -33.463643], [-70.574062, -33.463618], [-70.574055, -33.463603], [-70.574048, -33.463585], [-70.57404, -33.463563], [-70.574033, -33.463542], [-70.574027, -33.463522], [-70.57402, -33.463498], [-70.574015, -33.463477], [-70.574007, -33.463455], [-70.573998, -33.463435], [-70.573992, -33.463413], [-70.573982, -33.463392], [-70.573975, -33.463372], [-70.573967, -33.463352], [-70.573955, -33.463327], [-70.57395, -33.463308], [-70.573943, -33.463288], [-70.573935, -33.46327], [-70.573928, -33.463248], [-70.57392, -33.46323], [-70.573913, -33.463212], [-70.573905, -33.463192], [-70.573898, -33.463172], [-70.573893, -33.463152], [-70.573888, -33.46313], [-70.573882, -33.463108], [-70.573878, -33.463087], [-70.573872, -33.463067], [-70.573865, -33.463048], [-70.573858, -33.463027], [-70.57385, -33.463007], [-70.573842, -33.462987], [-70.573835, -33.462967], [-70.573828, -33.462948], [-70.573822, -33.462928], [-70.573813, -33.46291], [-70.573805, -33.462888], [-70.5738, -33.46287], [-70.573793, -33.462852], [-70.573785, -33.462832], [-70.573778, -33.462817], [-70.573777, -33.462797], [-70.57377, -33.462778], [-70.573763, -33.462758], [-70.573758, -33.462738], [-70.573753, -33.46272], [-70.573745, -33.4627], [-70.573735, -33.462683], [-70.573727, -33.462667], [-70.57372, -33.462647], [-70.573713, -33.462628], [-70.573707, -33.462607], [-70.5737, -33.462587], [-70.573695, -33.462565], [-70.573687, -33.462542], [-70.573683, -33.462527], [-70.573675, -33.462508], [-70.573665, -33.462483], [-70.573657, -33.462467], [-70.573647, -33.462445], [-70.573638, -33.462432], [-70.573627, -33.462415], [-70.573618, -33.462395], [-70.573608, -33.462373], [-70.573602, -33.462357], [-70.573593, -33.462337], [-70.573583, -33.462317], [-70.573572, -33.462302], [-70.573565, -33.462287], [-70.573558, -33.462275], [-70.573552, -33.462265], [-70.573547, -33.462253], [-70.573538, -33.462237], [-70.573532, -33.462228], [-70.573527, -33.462213], [-70.573523, -33.462198], [-70.57352, -33.462182], [-70.573517, -33.462167], [-70.573508, -33.46216], [-70.57351, -33.462145], [-70.573502, -33.46213], [-70.573497, -33.46212], [-70.573497, -33.462105], [-70.573493, -33.46209], [-70.573488, -33.462077], [-70.573485, -33.462065], [-70.573478, -33.462052], [-70.573472, -33.462032], [-70.573467, -33.46201], [-70.573462, -33.461992], [-70.573455, -33.461972], [-70.573448, -33.461953], [-70.57344, -33.461937], [-70.573432, -33.461918], [-70.573423, -33.461898], [-70.573415, -33.461875], [-70.57341, -33.46186], [-70.573405, -33.46184], [-70.573402, -33.46182], [-70.573397, -33.4618], [-70.57339, -33.46178], [-70.573383, -33.461762], [-70.573375, -33.461738], [-70.57337, -33.461722], [-70.573362, -33.461703], [-70.573353, -33.461683], [-70.573345, -33.46166], [-70.57334, -33.461643], [-70.573333, -33.461617], [-70.573327, -33.4616], [-70.57332, -33.46158], [-70.573312, -33.46156], [-70.573303, -33.46154], [-70.573297, -33.461522], [-70.57329, -33.4615], [-70.573282, -33.461475], [-70.573277, -33.461458], [-70.573267, -33.461433], [-70.573263, -33.461418], [-70.573255, -33.461397], [-70.573247, -33.461373], [-70.573237, -33.461352], [-70.573228, -33.461335], [-70.573222, -33.461313], [-70.573212, -33.46129], [-70.573202, -33.461275], [-70.573193, -33.461257], [-70.573185, -33.461238], [-70.573175, -33.46122], [-70.573167, -33.4612], [-70.573155, -33.46118], [-70.573145, -33.46116], [-70.573137, -33.46114], [-70.573125, -33.461118], [-70.57312, -33.461102], [-70.57311, -33.461083], [-70.5731, -33.461063], [-70.57309, -33.461045], [-70.573077, -33.461025], [-70.573065, -33.461002], [-70.573055, -33.460987], [-70.573045, -33.460967], [-70.573033, -33.460947], [-70.573022, -33.460922], [-70.573013, -33.460907], [-70.573003, -33.460885], [-70.572995, -33.460867], [-70.572985, -33.460848], [-70.572975, -33.460825], [-70.572967, -33.460808], [-70.572958, -33.46079], [-70.572948, -33.460768], [-70.572943, -33.460753], [-70.572933, -33.460735], [-70.572923, -33.460718], [-70.572913, -33.460702], [-70.572905, -33.460682], [-70.572892, -33.460658], [-70.572885, -33.460642], [-70.572875, -33.46062], [-70.572865, -33.460598], [-70.572855, -33.460582], [-70.572842, -33.460567], [-70.572832, -33.460548], [-70.572822, -33.460528], [-70.572812, -33.460508], [-70.5728, -33.460492], [-70.572785, -33.460475], [-70.572773, -33.460458], [-70.57276, -33.46044], [-70.572748, -33.460422], [-70.572732, -33.460403], [-70.572723, -33.460388], [-70.572713, -33.46037], [-70.572702, -33.460353], [-70.57269, -33.460335], [-70.57268, -33.460315], [-70.572667, -33.460297], [-70.572655, -33.460282], [-70.57264, -33.460258], [-70.572632, -33.460242], [-70.572622, -33.46022], [-70.572612, -33.460202], [-70.572598, -33.460183], [-70.572583, -33.460162], [-70.572572, -33.460148], [-70.572558, -33.460132], [-70.572545, -33.460113], [-70.572532, -33.460097], [-70.572518, -33.460075], [-70.57251, -33.460058], [-70.5725, -33.460038], [-70.572487, -33.460015], [-70.57248, -33.459995], [-70.572472, -33.45998], [-70.572465, -33.459958], [-70.572458, -33.459938], [-70.572457, -33.459917], [-70.572453, -33.459898], [-70.572448, -33.459877], [-70.572438, -33.459858], [-70.57243, -33.459838], [-70.572425, -33.45982], [-70.572418, -33.4598], [-70.572413, -33.45978], [-70.572407, -33.45976], [-70.5724, -33.459735], [-70.572395, -33.459713], [-70.57239, -33.459697], [-70.572383, -33.459677], [-70.572377, -33.45965], [-70.572372, -33.459635], [-70.572365, -33.459617], [-70.572358, -33.459598], [-70.572352, -33.45958], [-70.572345, -33.459555], [-70.572342, -33.459538], [-70.572338, -33.459515], [-70.572332, -33.459493], [-70.572325, -33.459473], [-70.572318, -33.45945], [-70.57231, -33.459435], [-70.5723, -33.459415], [-70.572292, -33.45939], [-70.572287, -33.459367], [-70.57228, -33.45935], [-70.572272, -33.459332], [-70.572262, -33.459312], [-70.572253, -33.459288], [-70.572245, -33.459267], [-70.572238, -33.45925], [-70.57223, -33.45923], [-70.57222, -33.459212], [-70.572215, -33.459192], [-70.572208, -33.459172], [-70.5722, -33.459152], [-70.572192, -33.45913], [-70.572183, -33.459112], [-70.572177, -33.459088], [-70.572172, -33.459068], [-70.572163, -33.459048], [-70.572158, -33.459025], [-70.57215, -33.459005], [-70.572143, -33.458988], [-70.572137, -33.45897], [-70.57213, -33.458952], [-70.572125, -33.458932], [-70.572115, -33.458908], [-70.572113, -33.45889], [-70.572108, -33.458867], [-70.572103, -33.458848], [-70.572095, -33.458825], [-70.57209, -33.458812], [-70.572083, -33.458793], [-70.572078, -33.45877], [-70.572073, -33.458755], [-70.572067, -33.458735], [-70.572062, -33.458718], [-70.572055, -33.4587], [-70.572043, -33.458683], [-70.572035, -33.458665], [-70.572023, -33.458647], [-70.572013, -33.458627], [-70.572003, -33.458605], [-70.571993, -33.458582], [-70.571985, -33.458567], [-70.57198, -33.458547], [-70.571973, -33.458528], [-70.571965, -33.458507], [-70.571955, -33.458487], [-70.571945, -33.458462], [-70.571938, -33.458448], [-70.571932, -33.458427], [-70.571922, -33.458405], [-70.571917, -33.458387], [-70.57191, -33.458367], [-70.571902, -33.458347], [-70.571895, -33.458328], [-70.571887, -33.458305], [-70.571882, -33.458292], [-70.571875, -33.458275], [-70.571868, -33.458257], [-70.571863, -33.458238], [-70.571857, -33.458217], [-70.571847, -33.458198], [-70.571838, -33.458178], [-70.57183, -33.458158], [-70.571822, -33.458133], [-70.571817, -33.458115], [-70.57181, -33.458093], [-70.571805, -33.458073], [-70.571798, -33.458048], [-70.571793, -33.458032], [-70.571787, -33.458012], [-70.571783, -33.45799], [-70.571782, -33.45797], [-70.571775, -33.457945], [-70.571773, -33.457932], [-70.571768, -33.45791], [-70.571765, -33.45789], [-70.57176, -33.457868], [-70.571755, -33.457842], [-70.571752, -33.457823], [-70.571747, -33.457803], [-70.571742, -33.457783], [-70.571737, -33.457762], [-70.571733, -33.457743], [-70.571728, -33.457723], [-70.571723, -33.457703], [-70.571715, -33.457685], [-70.57171, -33.457663], [-70.571703, -33.457647], [-70.571698, -33.457627], [-70.571693, -33.457602], [-70.571688, -33.457582], [-70.571683, -33.457565], [-70.571677, -33.457543], [-70.57167, -33.45752], [-70.571667, -33.457505], [-70.571663, -33.457478], [-70.57166, -33.457462], [-70.571657, -33.45744], [-70.57165, -33.457418], [-70.571648, -33.457398], [-70.571645, -33.457377], [-70.57164, -33.457357], [-70.571635, -33.457337], [-70.571628, -33.457318], [-70.571623, -33.457297], [-70.57162, -33.457275], [-70.571615, -33.457255], [-70.571608, -33.457235], [-70.571603, -33.457215], [-70.571598, -33.457195], [-70.571593, -33.457178], [-70.571592, -33.457158], [-70.571585, -33.457138], [-70.571578, -33.457118], [-70.571573, -33.457098], [-70.57157, -33.457078], [-70.571565, -33.457058], [-70.571558, -33.45704], [-70.571553, -33.45702], [-70.571548, -33.456998], [-70.571543, -33.456978], [-70.571542, -33.45696], [-70.571537, -33.456942], [-70.571533, -33.456922], [-70.571528, -33.4569], [-70.57152, -33.45688], [-70.571517, -33.45686], [-70.571513, -33.45684], [-70.571507, -33.45682], [-70.5715, -33.456802], [-70.571493, -33.456783], [-70.571483, -33.456767], [-70.571475, -33.45675], [-70.571468, -33.456732], [-70.571463, -33.456713], [-70.571458, -33.45669], [-70.571455, -33.45667], [-70.571452, -33.456652], [-70.571448, -33.45663], [-70.571447, -33.45661], [-70.571442, -33.45659], [-70.571437, -33.45657], [-70.571433, -33.45655], [-70.571428, -33.456528], [-70.571423, -33.456507], [-70.57142, -33.456488], [-70.571412, -33.456468], [-70.571408, -33.45645], [-70.571403, -33.45643], [-70.571397, -33.45641], [-70.571393, -33.45639], [-70.571387, -33.45637], [-70.571383, -33.456348], [-70.571382, -33.456328], [-70.571378, -33.456308], [-70.571375, -33.456287], [-70.571372, -33.456268], [-70.571367, -33.456248], [-70.57136, -33.456228], [-70.571357, -33.456208], [-70.571352, -33.456188], [-70.571345, -33.456168], [-70.57134, -33.456152], [-70.571338, -33.45613], [-70.571335, -33.456112], [-70.571333, -33.45609], [-70.571327, -33.456067], [-70.571322, -33.456048], [-70.571315, -33.45603], [-70.571308, -33.45601], [-70.5713, -33.455987], [-70.571292, -33.455965], [-70.571285, -33.455943], [-70.571277, -33.455925], [-70.571268, -33.455905], [-70.571263, -33.455883], [-70.571258, -33.455863], [-70.571253, -33.455842], [-70.571252, -33.455822], [-70.571248, -33.4558], [-70.571247, -33.45578], [-70.571247, -33.455758], [-70.571248, -33.455737], [-70.57125, -33.455717], [-70.571245, -33.455697], [-70.571238, -33.455675], [-70.571233, -33.455655], [-70.57123, -33.455633], [-70.571223, -33.455615], [-70.571217, -33.455595], [-70.57121, -33.455575], [-70.571203, -33.455557], [-70.571195, -33.45554], [-70.571187, -33.45552], [-70.571183, -33.4555], [-70.571177, -33.455478], [-70.571172, -33.45546], [-70.571167, -33.45544], [-70.571162, -33.45542], [-70.571157, -33.4554], [-70.571155, -33.455378], [-70.571148, -33.455355], [-70.571145, -33.455333], [-70.57114, -33.455313], [-70.571133, -33.455293], [-70.571127, -33.455273], [-70.57112, -33.455253], [-70.571118, -33.455233], [-70.571115, -33.455213], [-70.571108, -33.455193], [-70.571103, -33.455175], [-70.5711, -33.455153], [-70.571095, -33.455133], [-70.57109, -33.455117], [-70.571083, -33.455097], [-70.571077, -33.455077], [-70.57107, -33.455058], [-70.571063, -33.455038], [-70.571057, -33.45502], [-70.571048, -33.455002], [-70.571042, -33.45498], [-70.571037, -33.454962], [-70.571032, -33.454943], [-70.571028, -33.454922], [-70.571025, -33.4549], [-70.571018, -33.454877], [-70.571013, -33.454857], [-70.571007, -33.454838], [-70.570998, -33.454818], [-70.57099, -33.454802], [-70.570985, -33.454787], [-70.57098, -33.454775], [-70.570978, -33.454763], [-70.570973, -33.454757], [-70.57097, -33.454747], [-70.570963, -33.454735], [-70.57096, -33.454725], [-70.570952, -33.454715], [-70.570947, -33.454705], [-70.570942, -33.454693], [-70.570937, -33.454682], [-70.570935, -33.454668], [-70.570932, -33.454653], [-70.57093, -33.454637], [-70.570925, -33.454623], [-70.570922, -33.454607], [-70.570918, -33.454592], [-70.570918, -33.454572], [-70.57092, -33.45456], [-70.570918, -33.45454], [-70.570918, -33.45452], [-70.570917, -33.454502], [-70.570913, -33.454483], [-70.570908, -33.454463], [-70.570905, -33.454438], [-70.570898, -33.45441], [-70.570897, -33.454385], [-70.570892, -33.454365], [-70.57089, -33.454343], [-70.570888, -33.454325], [-70.570883, -33.454305], [-70.570882, -33.454285], [-70.570877, -33.454263], [-70.57087, -33.454243], [-70.570863, -33.454225], [-70.570855, -33.454205], [-70.570848, -33.454187], [-70.570842, -33.454167], [-70.570837, -33.454145], [-70.57083, -33.454125], [-70.570823, -33.454105], [-70.570817, -33.454085], [-70.570813, -33.454065], [-70.570808, -33.454043], [-70.570805, -33.454022], [-70.570798, -33.454002], [-70.570792, -33.453985], [-70.570787, -33.453963], [-70.570783, -33.453942], [-70.570775, -33.453922], [-70.570768, -33.453902], [-70.570762, -33.45388], [-70.570755, -33.45386], [-70.570752, -33.453838], [-70.570747, -33.453815], [-70.570745, -33.453792], [-70.570742, -33.45377], [-70.57074, -33.453747], [-70.570737, -33.453725], [-70.570737, -33.453698], [-70.570733, -33.453677], [-70.570728, -33.453653], [-70.570723, -33.453633], [-70.570718, -33.45361], [-70.570713, -33.453588], [-70.570712, -33.453565], [-70.57071, -33.453543], [-70.570712, -33.45352], [-70.570707, -33.453498], [-70.570707, -33.453475], [-70.570708, -33.453455], [-70.57071, -33.453433], [-70.57071, -33.453412], [-70.570712, -33.453393], [-70.570713, -33.453375], [-70.570717, -33.453355], [-70.57072, -33.453335], [-70.570723, -33.453317], [-70.570722, -33.453298], [-70.570722, -33.453278], [-70.57072, -33.453258], [-70.570717, -33.453238], [-70.570715, -33.453218], [-70.570712, -33.453198], [-70.570708, -33.453175], [-70.570707, -33.453153], [-70.570703, -33.453132], [-70.570705, -33.45311], [-70.570705, -33.453087], [-70.570705, -33.453065], [-70.570705, -33.453047], [-70.570705, -33.453027], [-70.570707, -33.453007], [-70.570707, -33.452983], [-70.57071, -33.452963], [-70.57071, -33.452943], [-70.57071, -33.452923], [-70.570712, -33.452902], [-70.570715, -33.452882], [-70.570717, -33.452862], [-70.570715, -33.45284], [-70.570715, -33.452818], [-70.570715, -33.452795], [-70.570717, -33.452778], [-70.57072, -33.452758], [-70.570723, -33.45274], [-70.570728, -33.452718], [-70.57073, -33.452697], [-70.570727, -33.45268], [-70.570725, -33.45266], [-70.570727, -33.452642], [-70.570728, -33.45262], [-70.570732, -33.452598], [-70.570735, -33.452575], [-70.570738, -33.452555], [-70.570743, -33.452535], [-70.570748, -33.452513], [-70.57075, -33.45249], [-70.57075, -33.452467], [-70.57075, -33.452447], [-70.57075, -33.452427], [-70.57075, -33.452403], [-70.570748, -33.45238], [-70.570748, -33.452358], [-70.570748, -33.45234], [-70.570748, -33.452318], [-70.570748, -33.452298], [-70.570748, -33.452275], [-70.570748, -33.452253], [-70.570748, -33.452232], [-70.570747, -33.452212], [-70.570747, -33.452192], [-70.570748, -33.452172], [-70.570748, -33.45215], [-70.57075, -33.452128], [-70.570752, -33.452105], [-70.570753, -33.452082], [-70.570757, -33.452058], [-70.570757, -33.45204], [-70.570762, -33.452023], [-70.570763, -33.452002], [-70.570768, -33.45198], [-70.570772, -33.45196], [-70.570777, -33.451937], [-70.57078, -33.451918], [-70.570783, -33.451898], [-70.570785, -33.451877], [-70.57079, -33.451857], [-70.570795, -33.451837], [-70.570802, -33.451813], [-70.570805, -33.451793], [-70.570808, -33.451772], [-70.570812, -33.45175], [-70.570813, -33.451732], [-70.570817, -33.45171], [-70.57082, -33.45169], [-70.570823, -33.45167], [-70.57083, -33.451648], [-70.570835, -33.451628], [-70.570842, -33.451603], [-70.570843, -33.451587], [-70.570848, -33.451565], [-70.570853, -33.451547], [-70.570857, -33.451528], [-70.570858, -33.451507], [-70.570853, -33.451492], [-70.570853, -33.451473], [-70.570857, -33.45145], [-70.57086, -33.451433], [-70.570865, -33.451413], [-70.570873, -33.451392], [-70.570885, -33.451372], [-70.570895, -33.451352], [-70.570907, -33.451333], [-70.570913, -33.451315], [-70.570917, -33.451298], [-70.57092, -33.45128], [-70.570922, -33.451263], [-70.570923, -33.451248], [-70.570922, -33.45123], [-70.570923, -33.45121], [-70.57093, -33.451183], [-70.570937, -33.451163], [-70.570942, -33.451143], [-70.570952, -33.451125], [-70.57096, -33.451108], [-70.570967, -33.45109], [-70.570972, -33.45107], [-70.570978, -33.451052], [-70.570987, -33.451032], [-70.570995, -33.451012], [-70.571002, -33.450993], [-70.571007, -33.450973], [-70.571013, -33.450955], [-70.571018, -33.450933], [-70.571025, -33.450912], [-70.571032, -33.450893], [-70.571038, -33.450873], [-70.571042, -33.450853], [-70.571045, -33.450833], [-70.571053, -33.450815], [-70.571062, -33.450795], [-70.571067, -33.450778], [-70.571072, -33.450757], [-70.57108, -33.450737], [-70.571087, -33.450718], [-70.571093, -33.450698], [-70.5711, -33.450678], [-70.571107, -33.45066], [-70.571112, -33.450642], [-70.571118, -33.450622], [-70.571127, -33.450602], [-70.571132, -33.450583], [-70.571135, -33.450565], [-70.57114, -33.450545], [-70.571147, -33.450525], [-70.571153, -33.450503], [-70.57116, -33.450483], [-70.571162, -33.450465], [-70.571165, -33.450448], [-70.571168, -33.450428], [-70.571173, -33.45041], [-70.571177, -33.450392], [-70.571182, -33.450373], [-70.571187, -33.450355], [-70.571195, -33.450332], [-70.571202, -33.450317], [-70.571207, -33.450295], [-70.571212, -33.450272], [-70.571218, -33.450252], [-70.571223, -33.450232], [-70.571225, -33.45021], [-70.571228, -33.45019], [-70.571233, -33.45017], [-70.571235, -33.45015], [-70.571238, -33.450127], [-70.571243, -33.450108], [-70.571247, -33.450088], [-70.571252, -33.450067], [-70.571253, -33.450048], [-70.571255, -33.450028], [-70.571257, -33.450007], [-70.571257, -33.449985], [-70.571258, -33.449967], [-70.571258, -33.449947], [-70.57126, -33.449925], [-70.57126, -33.449903], [-70.571262, -33.449882], [-70.571263, -33.449862], [-70.571267, -33.449838], [-70.57127, -33.449818], [-70.571272, -33.449798], [-70.571275, -33.449777], [-70.571275, -33.449757], [-70.571277, -33.449737], [-70.571278, -33.449718], [-70.571278, -33.449698], [-70.571282, -33.44968], [-70.571285, -33.44966], [-70.57129, -33.44964], [-70.571293, -33.449622], [-70.571295, -33.449603], [-70.5713, -33.449583], [-70.571305, -33.449562], [-70.571308, -33.449543], [-70.571313, -33.44952], [-70.571317, -33.449502], [-70.571322, -33.449478], [-70.571325, -33.449457], [-70.571327, -33.449437], [-70.57133, -33.449415], [-70.571333, -33.449393], [-70.57134, -33.449373], [-70.571347, -33.449353], [-70.571348, -33.449333], [-70.571353, -33.449313], [-70.571358, -33.449295], [-70.571363, -33.449275], [-70.571368, -33.449255], [-70.571373, -33.449235], [-70.571378, -33.449213], [-70.571383, -33.449197], [-70.571387, -33.449175], [-70.57139, -33.449153], [-70.571395, -33.449132], [-70.5714, -33.44911], [-70.571405, -33.44909], [-70.571412, -33.44907], [-70.571417, -33.44905], [-70.57142, -33.44903], [-70.571425, -33.449008], [-70.571427, -33.448987], [-70.571432, -33.448965], [-70.571437, -33.448947], [-70.57144, -33.44893], [-70.571445, -33.448912], [-70.571447, -33.448892], [-70.57145, -33.44887], [-70.571453, -33.448848], [-70.571458, -33.44883], [-70.571465, -33.448808], [-70.571468, -33.448787], [-70.571472, -33.448767], [-70.571475, -33.448747], [-70.571475, -33.448725], [-70.571477, -33.448703], [-70.571478, -33.448682], [-70.571483, -33.44866], [-70.571485, -33.448637], [-70.571487, -33.448615], [-70.571488, -33.448593], [-70.57149, -33.448573], [-70.571493, -33.448555], [-70.571495, -33.448533], [-70.571495, -33.44851], [-70.571495, -33.44849], [-70.571498, -33.44847], [-70.5715, -33.448452], [-70.5715, -33.448432], [-70.571503, -33.44841], [-70.571508, -33.448388], [-70.571515, -33.44837], [-70.571523, -33.44835], [-70.57153, -33.448328], [-70.571535, -33.448307], [-70.571538, -33.448285], [-70.57154, -33.448263], [-70.571545, -33.44824], [-70.571547, -33.448218], [-70.571543, -33.448198], [-70.57155, -33.448177], [-70.571557, -33.44815], [-70.571562, -33.448127], [-70.571562, -33.448107], [-70.571565, -33.448088], [-70.571573, -33.448068], [-70.571582, -33.448043], [-70.57159, -33.448015], [-70.571593, -33.447985], [-70.571598, -33.447962], [-70.571602, -33.44794], [-70.571603, -33.447917], [-70.571607, -33.447895], [-70.57161, -33.447872], [-70.571613, -33.44785], [-70.571617, -33.44783], [-70.57162, -33.44781], [-70.571622, -33.44779], [-70.571625, -33.447768], [-70.571628, -33.447747], [-70.571632, -33.447725], [-70.571637, -33.447703], [-70.57164, -33.447683], [-70.571645, -33.447662], [-70.571648, -33.44764], [-70.571652, -33.447617], [-70.571655, -33.447595], [-70.571658, -33.447573], [-70.571662, -33.447553], [-70.571667, -33.447533], [-70.571668, -33.447513], [-70.571668, -33.447493], [-70.57167, -33.447472], [-70.571672, -33.44745], [-70.571673, -33.44743], [-70.571675, -33.44741], [-70.571678, -33.447388], [-70.571682, -33.447367], [-70.571685, -33.447345], [-70.571688, -33.447323], [-70.571693, -33.447303], [-70.571697, -33.447282], [-70.571702, -33.447262], [-70.571707, -33.44724], [-70.57171, -33.44722], [-70.571715, -33.447197], [-70.57172, -33.447175], [-70.571723, -33.447153], [-70.571725, -33.447133], [-70.571728, -33.447113], [-70.571732, -33.447093], [-70.571735, -33.447073], [-70.57174, -33.447052], [-70.571742, -33.447027], [-70.571745, -33.447012], [-70.571747, -33.44699], [-70.571747, -33.44697], [-70.571748, -33.44695], [-70.571752, -33.446928], [-70.571758, -33.446907], [-70.571765, -33.446887], [-70.571768, -33.446862], [-70.571765, -33.446847], [-70.571765, -33.44683], [-70.571767, -33.44681], [-70.571773, -33.44679], [-70.571773, -33.446773], [-70.571777, -33.446753], [-70.57178, -33.446735], [-70.571782, -33.446712], [-70.571785, -33.44669], [-70.571785, -33.44667], [-70.57179, -33.446648], [-70.571795, -33.446627], [-70.5718, -33.446602], [-70.571805, -33.446582], [-70.571808, -33.44656], [-70.571815, -33.446538], [-70.57182, -33.446517], [-70.571825, -33.446495], [-70.571828, -33.446472], [-70.571833, -33.446452], [-70.57184, -33.44643], [-70.571845, -33.44641], [-70.571852, -33.446388], [-70.571857, -33.446367], [-70.57186, -33.446347], [-70.571863, -33.446325], [-70.571867, -33.446303], [-70.571872, -33.446282], [-70.571877, -33.44626], [-70.571883, -33.446238], [-70.571892, -33.446218], [-70.571898, -33.446197], [-70.571905, -33.446175], [-70.571912, -33.446153], [-70.571915, -33.446132], [-70.571918, -33.44611], [-70.571923, -33.446088], [-70.571925, -33.446065], [-70.571928, -33.44604], [-70.57193, -33.446022], [-70.571932, -33.446], [-70.57193, -33.44598], [-70.57193, -33.44596], [-70.571932, -33.44594], [-70.571933, -33.445918], [-70.571937, -33.445897], [-70.57194, -33.445875], [-70.571942, -33.445855], [-70.571947, -33.445835], [-70.57195, -33.445813], [-70.571953, -33.44579], [-70.571958, -33.44577], [-70.571962, -33.445748], [-70.571967, -33.445723], [-70.571973, -33.445707], [-70.571978, -33.445685], [-70.571985, -33.445663], [-70.571992, -33.445635], [-70.571997, -33.445617], [-70.572002, -33.445595], [-70.572008, -33.445567], [-70.572015, -33.445548], [-70.57202, -33.445528], [-70.572025, -33.445507], [-70.572028, -33.445485], [-70.572028, -33.445463], [-70.57203, -33.445443], [-70.572028, -33.445428], [-70.572028, -33.445412], [-70.572033, -33.445398], [-70.572033, -33.445385], [-70.572035, -33.445368], [-70.572037, -33.445353], [-70.572035, -33.44534], [-70.572035, -33.445327], [-70.572037, -33.445313], [-70.57204, -33.445298], [-70.572042, -33.44528], [-70.572047, -33.44526], [-70.572053, -33.445238], [-70.572058, -33.445217], [-70.572062, -33.445197], [-70.572065, -33.445175], [-70.57207, -33.445152], [-70.572073, -33.445128], [-70.57208, -33.445107], [-70.572087, -33.445088], [-70.57209, -33.445072], [-70.572092, -33.445053], [-70.572092, -33.44503], [-70.572095, -33.445012], [-70.572098, -33.444992], [-70.572103, -33.44497], [-70.572108, -33.444948], [-70.572115, -33.444928], [-70.572118, -33.44491], [-70.572122, -33.444888], [-70.572125, -33.444868], [-70.572128, -33.444848], [-70.572132, -33.444827], [-70.572135, -33.444805], [-70.57214, -33.444785], [-70.572143, -33.444765], [-70.57215, -33.444738], [-70.572152, -33.444717], [-70.572153, -33.444695], [-70.572157, -33.444678], [-70.572162, -33.444657], [-70.572167, -33.444632], [-70.57217, -33.444613], [-70.572172, -33.444592], [-70.572175, -33.444575], [-70.572175, -33.444555], [-70.572178, -33.44453], [-70.572183, -33.44451], [-70.572187, -33.444495], [-70.572188, -33.444473], [-70.57219, -33.44445], [-70.572195, -33.444427], [-70.572197, -33.444403], [-70.572198, -33.444385], [-70.5722, -33.444365], [-70.572207, -33.44434], [-70.572212, -33.44432], [-70.572213, -33.4443], [-70.572215, -33.444283], [-70.57222, -33.44426], [-70.572225, -33.44424], [-70.57223, -33.44422], [-70.572232, -33.444205], [-70.572237, -33.444185], [-70.572242, -33.44416], [-70.572243, -33.444138], [-70.572245, -33.444118], [-70.572247, -33.444102], [-70.57225, -33.444082], [-70.572257, -33.444062], [-70.57226, -33.444038], [-70.572265, -33.444017], [-70.572268, -33.443993], [-70.572272, -33.443972], [-70.572277, -33.443952], [-70.57228, -33.44393], [-70.572283, -33.443903], [-70.572285, -33.443883], [-70.572287, -33.443862], [-70.57229, -33.443842], [-70.572293, -33.443817], [-70.572298, -33.4438], [-70.572303, -33.443778], [-70.572308, -33.443755], [-70.572312, -33.443733], [-70.572315, -33.443713], [-70.572322, -33.443693], [-70.572328, -33.443672], [-70.572332, -33.443645], [-70.572335, -33.44363], [-70.572338, -33.443612], [-70.57234, -33.44359], [-70.57234, -33.443572], [-70.572342, -33.443548], [-70.572345, -33.443528], [-70.572348, -33.443513], [-70.572353, -33.443495], [-70.572357, -33.443475], [-70.57236, -33.443455], [-70.572365, -33.443433], [-70.572372, -33.443412], [-70.572375, -33.443393], [-70.57238, -33.443372], [-70.572387, -33.443348], [-70.572392, -33.44333], [-70.572395, -33.44331], [-70.5724, -33.443293], [-70.572405, -33.443265], [-70.572408, -33.443243], [-70.57241, -33.443222], [-70.572413, -33.443207], [-70.572417, -33.443183], [-70.57242, -33.443162], [-70.572423, -33.443137], [-70.572428, -33.443115], [-70.572432, -33.4431], [-70.572437, -33.443078], [-70.572438, -33.443057], [-70.572445, -33.443033], [-70.57245, -33.443012], [-70.572452, -33.442997], [-70.572455, -33.442975], [-70.572458, -33.442948], [-70.57246, -33.442927], [-70.57246, -33.442907], [-70.57246, -33.44289], [-70.572463, -33.442863], [-70.572467, -33.442842], [-70.572472, -33.442818], [-70.572477, -33.4428], [-70.572482, -33.442775], [-70.572483, -33.442755], [-70.572483, -33.442733], [-70.572488, -33.442712], [-70.572492, -33.442688], [-70.572497, -33.442665], [-70.5725, -33.442643], [-70.572507, -33.442618], [-70.572512, -33.4426], [-70.572518, -33.442577], [-70.572525, -33.44255], [-70.572532, -33.442527], [-70.572537, -33.442505], [-70.57254, -33.442487], [-70.572542, -33.442467], [-70.572543, -33.44244], [-70.572547, -33.442418], [-70.57255, -33.442397], [-70.57255, -33.442382], [-70.57255, -33.442363], [-70.57255, -33.442345], [-70.572552, -33.442327], [-70.572557, -33.442315], [-70.57256, -33.442302], [-70.572563, -33.442282], [-70.572567, -33.442262], [-70.57257, -33.442233], [-70.572575, -33.442212], [-70.572578, -33.442195], [-70.572582, -33.442175], [-70.572588, -33.442147], [-70.572592, -33.442123], [-70.572595, -33.442105], [-70.572598, -33.442083], [-70.572605, -33.442057], [-70.57261, -33.442035], [-70.572613, -33.442012], [-70.572618, -33.441992], [-70.572622, -33.44197], [-70.572628, -33.441943], [-70.57263, -33.441922], [-70.572635, -33.4419], [-70.572637, -33.441882], [-70.572638, -33.441858], [-70.572643, -33.441835], [-70.572648, -33.441813], [-70.572655, -33.441793], [-70.57266, -33.44177], [-70.572663, -33.441748], [-70.572665, -33.441722], [-70.572667, -33.441702], [-70.572672, -33.441683], [-70.572675, -33.441662], [-70.572682, -33.441635], [-70.572683, -33.441613], [-70.572687, -33.441593], [-70.57269, -33.441575], [-70.572695, -33.441553], [-70.572702, -33.441528], [-70.572707, -33.441507], [-70.57271, -33.441488], [-70.572713, -33.441467], [-70.572713, -33.441447], [-70.572717, -33.441422], [-70.572718, -33.441405], [-70.572722, -33.441385], [-70.572727, -33.441363], [-70.57273, -33.441337], [-70.572733, -33.441315], [-70.572735, -33.441295], [-70.572738, -33.441278], [-70.572742, -33.441258], [-70.572748, -33.441233], [-70.572752, -33.441212], [-70.572758, -33.441192], [-70.57276, -33.441173], [-70.572765, -33.441147], [-70.572767, -33.441125], [-70.572767, -33.441107], [-70.572767, -33.441093], [-70.572768, -33.44108], [-70.572772, -33.441067], [-70.572775, -33.441058], [-70.572777, -33.441045], [-70.572778, -33.44103], [-70.572778, -33.441015], [-70.57278, -33.441002], [-70.57278, -33.440988], [-70.572785, -33.440968], [-70.57279, -33.440955], [-70.572797, -33.440942], [-70.572798, -33.440923], [-70.572802, -33.440908], [-70.572807, -33.440892], [-70.57281, -33.440875], [-70.572817, -33.440853], [-70.57282, -33.440838], [-70.57282, -33.440823], [-70.572825, -33.44081], [-70.572827, -33.440798], [-70.572827, -33.440785], [-70.572833, -33.440768], [-70.57284, -33.440755], [-70.572857, -33.44073], [-70.572867, -33.440717], [-70.572873, -33.4407], [-70.572878, -33.44068], [-70.572878, -33.440662], [-70.572877, -33.440643], [-70.572878, -33.440633], [-70.572878, -33.44062], [-70.57288, -33.440605], [-70.57288, -33.440595], [-70.572883, -33.440582], [-70.572882, -33.440563], [-70.572883, -33.440552], [-70.572887, -33.440535], [-70.572887, -33.440523], [-70.572888, -33.44051], [-70.572888, -33.440497], [-70.57289, -33.440482], [-70.572893, -33.440465], [-70.572898, -33.440447], [-70.572903, -33.440427], [-70.572905, -33.440408], [-70.572907, -33.44039], [-70.57291, -33.440368], [-70.572912, -33.440348], [-70.572915, -33.440325], [-70.572918, -33.440302], [-70.572922, -33.44028], [-70.572923, -33.440258], [-70.572928, -33.440237], [-70.572933, -33.440215], [-70.572935, -33.440192], [-70.572937, -33.44017], [-70.572938, -33.440147], [-70.572937, -33.440123], [-70.572937, -33.4401], [-70.572933, -33.440077], [-70.572933, -33.440055], [-70.572928, -33.440035], [-70.572925, -33.440013], [-70.572927, -33.43999], [-70.57293, -33.43997], [-70.572927, -33.43995], [-70.572927, -33.43993], [-70.572923, -33.43991], [-70.572928, -33.439887], [-70.572935, -33.43986], [-70.572945, -33.439833], [-70.57295, -33.43981], [-70.572952, -33.43979], [-70.572955, -33.43977], [-70.572957, -33.439747], [-70.572957, -33.439723], [-70.572957, -33.4397], [-70.572955, -33.439678], [-70.572955, -33.439657], [-70.572962, -33.439632], [-70.572967, -33.439608], [-70.572972, -33.439587], [-70.572975, -33.439563], [-70.57298, -33.439535], [-70.572983, -33.439517], [-70.572988, -33.439493], [-70.572993, -33.439472], [-70.572997, -33.439448], [-70.573002, -33.439427], [-70.573008, -33.439405], [-70.573015, -33.439383], [-70.57302, -33.43936], [-70.57302, -33.439338], [-70.573022, -33.439315], [-70.573027, -33.439285], [-70.573033, -33.439263], [-70.57304, -33.439245], [-70.573048, -33.439225], [-70.573055, -33.439203], [-70.57306, -33.439177], [-70.573063, -33.439162], [-70.573068, -33.439142], [-70.573073, -33.43912], [-70.573078, -33.4391], [-70.573085, -33.439078], [-70.57309, -33.439057], [-70.573097, -33.439035], [-70.573102, -33.43901], [-70.573105, -33.438992], [-70.573105, -33.43898], [-70.573103, -33.43897], [-70.573103, -33.43896], [-70.573103, -33.43895], [-70.573105, -33.43894], [-70.573105, -33.438928], [-70.573103, -33.438923], [-70.573102, -33.438915], [-70.5731, -33.438905], [-70.573098, -33.438897], [-70.5731, -33.438888], [-70.573097, -33.438885], [-70.573097, -33.438882], [-70.573098, -33.438875], [-70.573105, -33.438865], [-70.573112, -33.438857], [-70.573117, -33.438845], [-70.57312, -33.438837], [-70.57312, -33.43883], [-70.573125, -33.438817], [-70.573127, -33.438808], [-70.57313, -33.438802], [-70.573137, -33.438792], [-70.57314, -33.438782], [-70.573132, -33.438772], [-70.573137, -33.438755], [-70.573138, -33.438743], [-70.57314, -33.43873], [-70.573138, -33.43872], [-70.573138, -33.438707], [-70.573142, -33.438695], [-70.573147, -33.438683], [-70.57315, -33.43867], [-70.573152, -33.43866], [-70.573153, -33.43865], [-70.573157, -33.438638], [-70.57316, -33.438627], [-70.573165, -33.43861], [-70.57317, -33.438592], [-70.573173, -33.438582], [-70.57318, -33.438568], [-70.573185, -33.438557], [-70.573188, -33.438543], [-70.573192, -33.43853], [-70.5732, -33.438518], [-70.573205, -33.438507], [-70.573215, -33.438493], [-70.573222, -33.438475], [-70.573228, -33.43846], [-70.573238, -33.438447], [-70.573247, -33.438428], [-70.57326, -33.438408], [-70.573267, -33.438393], [-70.573272, -33.43838], [-70.573277, -33.438363], [-70.573283, -33.438347], [-70.573292, -33.43833], [-70.5733, -33.438308], [-70.573303, -33.438293], [-70.573308, -33.438273], [-70.573317, -33.438252], [-70.573327, -33.438232], [-70.573333, -33.438213], [-70.573337, -33.438193], [-70.573342, -33.438173], [-70.573348, -33.438155], [-70.573358, -33.438133], [-70.573367, -33.438115], [-70.573377, -33.438095], [-70.573385, -33.438077], [-70.573395, -33.438055], [-70.573405, -33.438033], [-70.573415, -33.438015], [-70.573422, -33.437995], [-70.57343, -33.437972], [-70.573433, -33.437948], [-70.573437, -33.437927], [-70.573442, -33.437903], [-70.573447, -33.43788], [-70.573452, -33.437857], [-70.57346, -33.437835], [-70.573468, -33.437812], [-70.573475, -33.43779], [-70.573485, -33.437767], [-70.573495, -33.437745], [-70.573512, -33.437715], [-70.573525, -33.437695], [-70.573535, -33.437672], [-70.573545, -33.437647], [-70.573553, -33.437622], [-70.573563, -33.437592], [-70.573572, -33.437573], [-70.573582, -33.437553], [-70.573592, -33.437532], [-70.573598, -33.43751], [-70.573605, -33.43749], [-70.573612, -33.437468], [-70.573617, -33.437447], [-70.573622, -33.437427], [-70.573625, -33.437407], [-70.57363, -33.437385], [-70.573635, -33.437363], [-70.573643, -33.43734], [-70.57365, -33.437315], [-70.573653, -33.437295], [-70.57366, -33.437273], [-70.573665, -33.43725], [-70.57367, -33.437228], [-70.573672, -33.437205], [-70.573673, -33.437183], [-70.57368, -33.43716], [-70.573683, -33.437138], [-70.573687, -33.437115], [-70.573695, -33.437093], [-70.5737, -33.43707], [-70.573705, -33.437048], [-70.573707, -33.437028], [-70.573708, -33.437007], [-70.573712, -33.436985], [-70.573715, -33.436963], [-70.57372, -33.436938], [-70.573722, -33.43692], [-70.573727, -33.436898], [-70.573732, -33.436875], [-70.573737, -33.436853], [-70.573738, -33.436833], [-70.573738, -33.436812], [-70.573743, -33.436792], [-70.573745, -33.43677], [-70.573747, -33.436747], [-70.573752, -33.436725], [-70.573755, -33.436703], [-70.573757, -33.436682], [-70.573758, -33.43666], [-70.57376, -33.436638], [-70.573762, -33.436617], [-70.573762, -33.436595], [-70.573763, -33.436573], [-70.573765, -33.436548], [-70.573763, -33.43653], [-70.573765, -33.436508], [-70.573767, -33.436487], [-70.573768, -33.436465], [-70.573772, -33.436445], [-70.573778, -33.436423], [-70.57378, -33.436403], [-70.573777, -33.436382], [-70.573778, -33.43636], [-70.573777, -33.436332], [-70.573775, -33.436315], [-70.573777, -33.436297], [-70.573777, -33.436278], [-70.573777, -33.436257], [-70.573775, -33.436235], [-70.573775, -33.436217], [-70.573777, -33.436197], [-70.573775, -33.43617], [-70.573773, -33.436153], [-70.573773, -33.436133], [-70.573772, -33.436117], [-70.573772, -33.4361], [-70.573772, -33.436087], [-70.573773, -33.436072], [-70.573772, -33.436057], [-70.57377, -33.436043], [-70.57377, -33.436027], [-70.57377, -33.436012], [-70.57377, -33.435997], [-70.573772, -33.435983], [-70.573772, -33.435967], [-70.57377, -33.435952], [-70.57377, -33.435935], [-70.573772, -33.435922], [-70.573772, -33.435903], [-70.573772, -33.435885], [-70.57377, -33.43587], [-70.573768, -33.435858], [-70.573765, -33.435843], [-70.573763, -33.43583], [-70.573763, -33.435815], [-70.573767, -33.435798], [-70.573765, -33.435783], [-70.573767, -33.43577], [-70.57377, -33.435755], [-70.573772, -33.435742], [-70.573772, -33.43573], [-70.573772, -33.435715], [-70.573772, -33.4357], [-70.573773, -33.435683], [-70.573772, -33.435668], [-70.573772, -33.435652], [-70.573773, -33.435638], [-70.573777, -33.435625], [-70.573777, -33.43561], [-70.573777, -33.435597], [-70.573777, -33.435585], [-70.573777, -33.435572], [-70.573775, -33.435558], [-70.573775, -33.435552], [-70.57378, -33.435535], [-70.573783, -33.43552], [-70.573788, -33.43551], [-70.573783, -33.435497], [-70.573782, -33.435482], [-70.573782, -33.435467], [-70.573783, -33.435453], [-70.573783, -33.435438], [-70.573782, -33.435422], [-70.573782, -33.435408], [-70.573782, -33.43539], [-70.573782, -33.435372], [-70.57378, -33.435347], [-70.573782, -33.43533], [-70.57378, -33.43531], [-70.57378, -33.435288], [-70.573778, -33.435267], [-70.57378, -33.435245], [-70.573782, -33.435223], [-70.573785, -33.435202], [-70.573787, -33.43518], [-70.573793, -33.435157], [-70.573795, -33.435137], [-70.573798, -33.435117], [-70.573802, -33.435095], [-70.573803, -33.435077], [-70.573808, -33.435055], [-70.573812, -33.435035], [-70.573813, -33.435013], [-70.573818, -33.434992], [-70.57382, -33.434972], [-70.57382, -33.43495], [-70.573822, -33.43493], [-70.573823, -33.434908], [-70.573825, -33.434887], [-70.57383, -33.434863], [-70.573837, -33.434837], [-70.57384, -33.43482], [-70.573843, -33.434798], [-70.573845, -33.43478], [-70.573847, -33.43476], [-70.573848, -33.434742], [-70.573852, -33.43472], [-70.573855, -33.434698], [-70.573857, -33.434678], [-70.57386, -33.434658], [-70.573863, -33.434638], [-70.573867, -33.434617], [-70.573873, -33.434595], [-70.57388, -33.434573], [-70.573883, -33.434553], [-70.573887, -33.434533], [-70.57389, -33.434512], [-70.573893, -33.434492], [-70.573895, -33.43447], [-70.573895, -33.43445], [-70.573898, -33.434428], [-70.573902, -33.434408], [-70.573908, -33.434387], [-70.573912, -33.434368], [-70.573913, -33.434347], [-70.573915, -33.434328], [-70.573918, -33.434307], [-70.57392, -33.434283], [-70.573922, -33.434262], [-70.573923, -33.43424], [-70.573925, -33.43422], [-70.573928, -33.4342], [-70.573932, -33.434178], [-70.573937, -33.434155], [-70.573938, -33.434137], [-70.573942, -33.434115], [-70.573945, -33.434093], [-70.573948, -33.434073], [-70.573952, -33.434053], [-70.573957, -33.434027], [-70.573962, -33.43401], [-70.573963, -33.433992], [-70.573965, -33.43397], [-70.573968, -33.433948], [-70.573975, -33.433927], [-70.57398, -33.433905], [-70.573985, -33.433885], [-70.573992, -33.433865], [-70.573997, -33.433845], [-70.574002, -33.433823], [-70.574005, -33.433805], [-70.574008, -33.433785], [-70.574013, -33.433768], [-70.574017, -33.433743], [-70.57402, -33.433728], [-70.574023, -33.433708], [-70.574027, -33.433688], [-70.57403, -33.433668], [-70.574032, -33.433648], [-70.574035, -33.433627], [-70.574037, -33.433607], [-70.574038, -33.433587], [-70.574042, -33.433567], [-70.574047, -33.433548], [-70.57405, -33.433528], [-70.574055, -33.43351], [-70.574058, -33.433488], [-70.574063, -33.433467], [-70.574068, -33.433447], [-70.574073, -33.433425], [-70.574078, -33.433405], [-70.574085, -33.433383], [-70.574088, -33.433362], [-70.574092, -33.433342], [-70.574098, -33.433322], [-70.574103, -33.433303], [-70.574105, -33.433285], [-70.574108, -33.433267], [-70.574112, -33.433247], [-70.574113, -33.433225], [-70.574118, -33.433203], [-70.574122, -33.433185], [-70.574123, -33.433167], [-70.574127, -33.433147], [-70.57413, -33.433125], [-70.574135, -33.433105], [-70.574138, -33.433083], [-70.574142, -33.433062], [-70.574145, -33.433042], [-70.574148, -33.433022], [-70.57415, -33.433], [-70.574157, -33.43298], [-70.57416, -33.432962], [-70.574167, -33.43294], [-70.574173, -33.432922], [-70.574177, -33.432902], [-70.574178, -33.432882], [-70.574177, -33.432862], [-70.574178, -33.432842], [-70.57418, -33.432822], [-70.574182, -33.4328], [-70.574185, -33.432777], [-70.574188, -33.43276], [-70.57419, -33.432742], [-70.574193, -33.432722], [-70.574198, -33.432702], [-70.574202, -33.432682], [-70.574207, -33.432663], [-70.57421, -33.432643], [-70.574213, -33.432625], [-70.574213, -33.432608], [-70.574215, -33.432588], [-70.57422, -33.43257], [-70.574223, -33.432552], [-70.574227, -33.432532], [-70.57423, -33.432512], [-70.574233, -33.43249], [-70.574235, -33.43247], [-70.574238, -33.43245], [-70.57424, -33.43243], [-70.574242, -33.432408], [-70.574243, -33.432388], [-70.574247, -33.43237], [-70.574248, -33.432348], [-70.57425, -33.43233], [-70.574253, -33.43231], [-70.574257, -33.432292], [-70.57426, -33.432272], [-70.574263, -33.432252], [-70.574265, -33.432232], [-70.57427, -33.432212], [-70.574275, -33.432193], [-70.57428, -33.432173], [-70.574282, -33.432153], [-70.574285, -33.432132], [-70.574287, -33.432108], [-70.57429, -33.432092], [-70.574293, -33.432072], [-70.574297, -33.432052], [-70.574302, -33.432032], [-70.574305, -33.432012], [-70.574308, -33.431992], [-70.574312, -33.431975], [-70.574317, -33.431955], [-70.57432, -33.431935], [-70.574323, -33.431915], [-70.574323, -33.431895], [-70.574327, -33.431878], [-70.57433, -33.431857], [-70.574333, -33.431835], [-70.574335, -33.431813], [-70.574337, -33.431793], [-70.574342, -33.431772], [-70.574343, -33.43175], [-70.574347, -33.431725], [-70.574347, -33.43171], [-70.57435, -33.431688], [-70.574355, -33.431668], [-70.574358, -33.431647], [-70.574363, -33.431625], [-70.574367, -33.431605], [-70.574372, -33.431585], [-70.574377, -33.431567], [-70.574378, -33.431547], [-70.574382, -33.431527], [-70.574387, -33.431508], [-70.574392, -33.431487], [-70.574395, -33.431467], [-70.574398, -33.431443], [-70.5744, -33.431425], [-70.574402, -33.431407], [-70.574405, -33.431387], [-70.574408, -33.431368], [-70.57441, -33.431342], [-70.574412, -33.431323], [-70.574415, -33.431302], [-70.574422, -33.431283], [-70.574428, -33.431267], [-70.574437, -33.431247], [-70.57444, -33.431225], [-70.574445, -33.431203], [-70.574445, -33.431185], [-70.574445, -33.431163], [-70.574448, -33.431143], [-70.574448, -33.431122], [-70.574453, -33.431102], [-70.574457, -33.431082], [-70.574458, -33.431058], [-70.574463, -33.431037], [-70.574465, -33.431018], [-70.574467, -33.430998], [-70.574472, -33.430977], [-70.574477, -33.430957], [-70.574478, -33.43094], [-70.574482, -33.43092], [-70.574487, -33.430898], [-70.574492, -33.430878], [-70.574493, -33.430862], [-70.574493, -33.430843], [-70.574493, -33.430832], [-70.574495, -33.43082], [-70.574495, -33.430807], [-70.574498, -33.430793], [-70.574503, -33.43078], [-70.574503, -33.430767], [-70.57451, -33.430752], [-70.574513, -33.430738], [-70.574517, -33.430727], [-70.574522, -33.43071], [-70.574525, -33.430695], [-70.574525, -33.430683], [-70.574527, -33.430672], [-70.57453, -33.43066], [-70.574533, -33.43065], [-70.574535, -33.430635], [-70.574538, -33.430618], [-70.574542, -33.430595], [-70.574545, -33.430582], [-70.574548, -33.430565], [-70.574557, -33.43055], [-70.574562, -33.430533], [-70.574565, -33.430523], [-70.57457, -33.430507], [-70.574568, -33.430487], [-70.574575, -33.430468], [-70.574573, -33.430448], [-70.574573, -33.43043], [-70.574573, -33.430407], [-70.574577, -33.430383], [-70.574583, -33.430362], [-70.574583, -33.430345], [-70.574587, -33.430325], [-70.57459, -33.430307], [-70.574593, -33.430285], [-70.574595, -33.430265], [-70.5746, -33.43024], [-70.574602, -33.430223], [-70.574603, -33.430202], [-70.574607, -33.430183], [-70.574607, -33.430162], [-70.57461, -33.43014], [-70.574615, -33.43012], [-70.574618, -33.430098], [-70.57462, -33.430078], [-70.574623, -33.430058], [-70.574627, -33.43004], [-70.57463, -33.430018], [-70.574635, -33.429998], [-70.57464, -33.429978], [-70.574643, -33.429957], [-70.574645, -33.429935], [-70.574647, -33.429915], [-70.574648, -33.429895], [-70.574652, -33.429873], [-70.574658, -33.429847], [-70.574662, -33.429828], [-70.574665, -33.429807], [-70.57467, -33.429783], [-70.574675, -33.429757], [-70.574682, -33.42974], [-70.574687, -33.42972], [-70.574692, -33.4297], [-70.574697, -33.42968], [-70.574702, -33.429657], [-70.574705, -33.429637], [-70.57471, -33.429618], [-70.574715, -33.429598], [-70.57472, -33.429573], [-70.574725, -33.429555], [-70.574728, -33.429535], [-70.574733, -33.429515], [-70.57474, -33.429493], [-70.574745, -33.429472], [-70.574747, -33.429453], [-70.574748, -33.429432], [-70.57475, -33.429413], [-70.574753, -33.429393], [-70.57476, -33.429367], [-70.574763, -33.42935], [-70.574768, -33.429327], [-70.574772, -33.429302], [-70.574773, -33.429288], [-70.574777, -33.429268], [-70.57478, -33.42925], [-70.574783, -33.429227], [-70.574788, -33.429207], [-70.574793, -33.429185], [-70.574798, -33.429163], [-70.574802, -33.429145], [-70.574803, -33.429123], [-70.574808, -33.429102], [-70.574813, -33.429077], [-70.574817, -33.429062], [-70.57482, -33.42904], [-70.574822, -33.429022], [-70.574823, -33.429002], [-70.574827, -33.428982], [-70.574827, -33.42896], [-70.57483, -33.428942], [-70.574835, -33.428922], [-70.574842, -33.428902], [-70.574845, -33.428882], [-70.574848, -33.42886], [-70.57485, -33.428838], [-70.574852, -33.428818], [-70.574853, -33.4288], [-70.574858, -33.42878], [-70.57486, -33.428762], [-70.574862, -33.428742], [-70.574863, -33.428723], [-70.574865, -33.428703], [-70.574868, -33.428688], [-70.574875, -33.428668], [-70.574878, -33.42865], [-70.574882, -33.42863], [-70.574883, -33.42861], [-70.574887, -33.42859], [-70.574892, -33.428568], [-70.574893, -33.428547], [-70.574897, -33.428527], [-70.574898, -33.428508], [-70.5749, -33.42849], [-70.5749, -33.42847], [-70.5749, -33.42845], [-70.574902, -33.42843], [-70.574905, -33.428412], [-70.574912, -33.42839], [-70.574915, -33.428367], [-70.57492, -33.428347], [-70.574923, -33.428325], [-70.574927, -33.428305], [-70.574932, -33.428282], [-70.574933, -33.428257], [-70.574937, -33.428238], [-70.57494, -33.428222], [-70.574947, -33.4282], [-70.574953, -33.428178], [-70.574958, -33.428158], [-70.574962, -33.428137], [-70.574965, -33.428115], [-70.574965, -33.428095], [-70.574968, -33.428073], [-70.574972, -33.42805], [-70.574975, -33.42803], [-70.57498, -33.428008], [-70.574985, -33.427987], [-70.574992, -33.427965], [-70.574993, -33.427943], [-70.574997, -33.427925], [-70.575003, -33.427905], [-70.57501, -33.427885], [-70.575017, -33.427865], [-70.575022, -33.427843], [-70.575027, -33.427828], [-70.575033, -33.427808], [-70.57504, -33.427792], [-70.575045, -33.427777], [-70.57505, -33.427763], [-70.575053, -33.42775], [-70.57506, -33.427733], [-70.575065, -33.42772], [-70.575068, -33.42771], [-70.57507, -33.4277], [-70.575075, -33.42769], [-70.575078, -33.427678], [-70.57508, -33.427667], [-70.575088, -33.42765], [-70.575097, -33.427638], [-70.575113, -33.427615], [-70.575118, -33.427602], [-70.575118, -33.427595], [-70.57512, -33.427585], [-70.575128, -33.427568], [-70.575133, -33.427557], [-70.575138, -33.427543], [-70.575143, -33.42753], [-70.57515, -33.427518], [-70.575158, -33.427507], [-70.575167, -33.427497], [-70.575175, -33.427487], [-70.575182, -33.427473], [-70.57519, -33.427463], [-70.575198, -33.427453], [-70.575208, -33.427442], [-70.575217, -33.42743], [-70.575225, -33.427417], [-70.575233, -33.427405], [-70.575242, -33.427395], [-70.575248, -33.427385], [-70.575258, -33.427375], [-70.575268, -33.427365], [-70.575278, -33.427353], [-70.575292, -33.42734], [-70.5753, -33.427332], [-70.575312, -33.427317], [-70.575318, -33.427305], [-70.575328, -33.427292], [-70.57534, -33.427273], [-70.575355, -33.427255], [-70.575367, -33.427243], [-70.575382, -33.42723], [-70.575398, -33.427217], [-70.575417, -33.427202], [-70.575435, -33.427185], [-70.57545, -33.427168], [-70.575465, -33.42715], [-70.575478, -33.427132], [-70.575493, -33.427117], [-70.575508, -33.427102], [-70.575525, -33.427085], [-70.575545, -33.427068], [-70.575562, -33.427052], [-70.575582, -33.427032], [-70.575595, -33.427017], [-70.575613, -33.427], [-70.575632, -33.426983], [-70.575645, -33.426967], [-70.575662, -33.42695], [-70.575677, -33.426933], [-70.575692, -33.426915], [-70.575708, -33.426897], [-70.575725, -33.426878], [-70.575742, -33.426862], [-70.575757, -33.426843], [-70.575772, -33.42683], [-70.575785, -33.426815], [-70.5758, -33.426802], [-70.575817, -33.426787], [-70.575833, -33.426772], [-70.575852, -33.426753], [-70.575867, -33.426737], [-70.575882, -33.42672], [-70.575897, -33.426703], [-70.575915, -33.426687], [-70.575937, -33.426663], [-70.57595, -33.426647], [-70.575965, -33.42663], [-70.575978, -33.42661], [-70.575992, -33.426592], [-70.576007, -33.426575], [-70.576023, -33.426558], [-70.57604, -33.426542], [-70.57606, -33.426525], [-70.576078, -33.42651], [-70.5761, -33.426495], [-70.576118, -33.426483], [-70.576133, -33.42647], [-70.576152, -33.426455], [-70.57617, -33.426442], [-70.57619, -33.426423], [-70.576208, -33.426405], [-70.576225, -33.426388], [-70.57624, -33.42637], [-70.576258, -33.426353], [-70.576275, -33.426337], [-70.576292, -33.42632], [-70.576308, -33.426303], [-70.576325, -33.426285], [-70.576342, -33.426267], [-70.576365, -33.426245], [-70.576378, -33.426233], [-70.576395, -33.426217], [-70.576408, -33.4262], [-70.576422, -33.426183], [-70.576435, -33.426165], [-70.576445, -33.426148], [-70.576458, -33.426127], [-70.576472, -33.42611], [-70.576485, -33.426093], [-70.576502, -33.426075], [-70.576518, -33.426058], [-70.576535, -33.426042], [-70.576553, -33.426025], [-70.57657, -33.426008], [-70.576587, -33.425992], [-70.576607, -33.425973], [-70.576622, -33.425958], [-70.576635, -33.425943], [-70.576647, -33.425927], [-70.576663, -33.425908], [-70.576678, -33.425892], [-70.576697, -33.425873], [-70.576715, -33.425858], [-70.576737, -33.425842], [-70.576757, -33.425823], [-70.576775, -33.425805], [-70.576792, -33.425787], [-70.576807, -33.425768], [-70.576825, -33.42575], [-70.57684, -33.425732], [-70.576858, -33.42571], [-70.576872, -33.425697], [-70.57689, -33.42568], [-70.57691, -33.425662], [-70.576928, -33.425645], [-70.576945, -33.425628], [-70.576967, -33.425612], [-70.576978, -33.425598], [-70.576995, -33.425582], [-70.577015, -33.425565], [-70.577033, -33.425543], [-70.577053, -33.425527], [-70.57707, -33.425508], [-70.577085, -33.425493], [-70.5771, -33.425478], [-70.577113, -33.425462], [-70.577127, -33.425443], [-70.577143, -33.425428], [-70.577158, -33.425412], [-70.577177, -33.425397], [-70.577195, -33.42538], [-70.577212, -33.425363], [-70.577225, -33.425347], [-70.577245, -33.42533], [-70.577263, -33.425315], [-70.57728, -33.425298], [-70.577295, -33.425285], [-70.57731, -33.425268], [-70.577327, -33.42525], [-70.577348, -33.425228], [-70.577363, -33.42521], [-70.577378, -33.425195], [-70.57739, -33.42518], [-70.577398, -33.42517], [-70.577408, -33.42516], [-70.577415, -33.425148], [-70.577423, -33.425137], [-70.577433, -33.425127], [-70.577442, -33.425117], [-70.577453, -33.425105], [-70.577462, -33.42509], [-70.57747, -33.425078], [-70.577478, -33.425065], [-70.57749, -33.425052], [-70.577502, -33.425042], [-70.577517, -33.425028], [-70.577533, -33.425013], [-70.577553, -33.424998], [-70.57757, -33.424982], [-70.577585, -33.424965], [-70.577602, -33.42495], [-70.577618, -33.424933], [-70.577635, -33.424918], [-70.577652, -33.4249], [-70.577668, -33.424885], [-70.577683, -33.424867], [-70.5777, -33.424848], [-70.577717, -33.424833], [-70.577735, -33.424818], [-70.577752, -33.424803], [-70.577768, -33.424787], [-70.577785, -33.42477], [-70.577802, -33.424753], [-70.577818, -33.424735], [-70.577833, -33.424718], [-70.57785, -33.424702], [-70.577867, -33.424683], [-70.57788, -33.424672], [-70.577897, -33.424657], [-70.577912, -33.42464], [-70.577928, -33.424623], [-70.577947, -33.424605], [-70.577965, -33.424583], [-70.577978, -33.42457], [-70.577992, -33.424553], [-70.578008, -33.424537], [-70.578027, -33.42452], [-70.578043, -33.424505], [-70.57806, -33.424487], [-70.578077, -33.424468], [-70.578093, -33.424452], [-70.578113, -33.424433], [-70.578132, -33.424417], [-70.57815, -33.424398], [-70.578168, -33.424382], [-70.57819, -33.424365], [-70.578215, -33.424345], [-70.57823, -33.424332], [-70.578248, -33.424312], [-70.578263, -33.424293], [-70.578278, -33.424277], [-70.578293, -33.424257], [-70.578305, -33.424238], [-70.578322, -33.424222], [-70.578337, -33.424203], [-70.578355, -33.424188], [-70.578372, -33.42417], [-70.578393, -33.42415], [-70.578408, -33.424135], [-70.578427, -33.424117], [-70.578445, -33.4241], [-70.578467, -33.424078], [-70.578485, -33.424062], [-70.5785, -33.424047], [-70.578518, -33.42403], [-70.578538, -33.424013], [-70.578558, -33.423997], [-70.578578, -33.42398], [-70.578597, -33.423962], [-70.578612, -33.423945], [-70.578623, -33.423927], [-70.578635, -33.423908], [-70.578652, -33.42389], [-70.578667, -33.423872], [-70.578683, -33.423853], [-70.5787, -33.423835], [-70.57872, -33.423813], [-70.578732, -33.423798], [-70.578748, -33.42378], [-70.578765, -33.423763], [-70.57878, -33.423745], [-70.578795, -33.423725], [-70.57881, -33.423705], [-70.578827, -33.423687], [-70.578845, -33.423668], [-70.578862, -33.423648], [-70.57888, -33.42363], [-70.5789, -33.423612], [-70.57892, -33.423593], [-70.57894, -33.423575], [-70.578962, -33.423555], [-70.578978, -33.423537], [-70.578995, -33.423517], [-70.57901, -33.423498], [-70.57903, -33.423475], [-70.579047, -33.423457], [-70.579062, -33.423437], [-70.579078, -33.423417], [-70.579098, -33.423395], [-70.579117, -33.423377], [-70.579137, -33.423358], [-70.579155, -33.42334], [-70.57917, -33.42332], [-70.579185, -33.423302], [-70.579198, -33.423282], [-70.579218, -33.423263], [-70.579237, -33.423247], [-70.579252, -33.42323], [-70.579268, -33.423213], [-70.579287, -33.423197], [-70.579302, -33.42318], [-70.57932, -33.423163], [-70.579338, -33.423143], [-70.579355, -33.423125], [-70.579368, -33.423107], [-70.57938, -33.423088], [-70.579395, -33.42307], [-70.579408, -33.423048], [-70.579417, -33.423028], [-70.579427, -33.423008], [-70.579435, -33.422987], [-70.579442, -33.422968], [-70.579452, -33.42295], [-70.579465, -33.42293], [-70.579478, -33.42291], [-70.579492, -33.42289], [-70.579507, -33.42287], [-70.579522, -33.422848], [-70.579537, -33.422828], [-70.57955, -33.422808], [-70.579565, -33.422793], [-70.57958, -33.422777], [-70.579597, -33.422758], [-70.579608, -33.422738], [-70.579622, -33.422722], [-70.579638, -33.422702], [-70.579657, -33.422685], [-70.579673, -33.422668], [-70.579692, -33.422652], [-70.579707, -33.42264], [-70.579722, -33.422617], [-70.579733, -33.422598], [-70.579743, -33.422577], [-70.579753, -33.422558], [-70.57976, -33.422543], [-70.579777, -33.422517], [-70.579788, -33.422495], [-70.5798, -33.422475], [-70.57981, -33.422458], [-70.579823, -33.422442], [-70.579837, -33.422427], [-70.57985, -33.422408], [-70.57986, -33.422392], [-70.579877, -33.422373], [-70.57989, -33.422353], [-70.579905, -33.422338], [-70.57992, -33.422318], [-70.579933, -33.4223], [-70.579945, -33.422282], [-70.579958, -33.422263], [-70.579968, -33.422243], [-70.579982, -33.422225], [-70.579993, -33.422207], [-70.580003, -33.422188], [-70.580018, -33.422168], [-70.580035, -33.42215], [-70.580045, -33.422132], [-70.580057, -33.422115], [-70.58007, -33.422095], [-70.580082, -33.422078], [-70.580095, -33.42206], [-70.58011, -33.422042], [-70.580125, -33.422023], [-70.580142, -33.422002], [-70.580155, -33.421982], [-70.580168, -33.421963], [-70.580183, -33.421943], [-70.580198, -33.421923], [-70.580213, -33.421905], [-70.58023, -33.421883], [-70.580247, -33.421863], [-70.580263, -33.421843], [-70.580278, -33.421825], [-70.580293, -33.421807], [-70.580308, -33.421785], [-70.580323, -33.421763], [-70.580342, -33.42174], [-70.58036, -33.421718], [-70.580377, -33.421702], [-70.58039, -33.421685], [-70.580405, -33.421668], [-70.58042, -33.421652], [-70.580435, -33.42163], [-70.580443, -33.421605], [-70.580458, -33.421585], [-70.580467, -33.421565], [-70.580483, -33.42155], [-70.580503, -33.421535], [-70.580518, -33.42152], [-70.580532, -33.421502], [-70.580548, -33.421485], [-70.580562, -33.421468], [-70.580575, -33.42145], [-70.58059, -33.421432], [-70.580602, -33.421413], [-70.580615, -33.421393], [-70.580627, -33.421373], [-70.580638, -33.421353], [-70.580652, -33.42133], [-70.580665, -33.421307], [-70.580678, -33.421283], [-70.580692, -33.421263], [-70.580705, -33.421242], [-70.58072, -33.421225], [-70.580738, -33.421212], [-70.580757, -33.421198], [-70.580775, -33.421182], [-70.5808, -33.421163], [-70.580817, -33.421143], [-70.580822, -33.421125], [-70.580832, -33.421107], [-70.580845, -33.42109], [-70.580858, -33.421075], [-70.580875, -33.421062], [-70.58089, -33.421045], [-70.5809, -33.421027], [-70.580905, -33.42101], [-70.580915, -33.42099], [-70.58093, -33.420973], [-70.580945, -33.420957], [-70.580963, -33.420937], [-70.580978, -33.420917], [-70.580992, -33.420902], [-70.581005, -33.420883], [-70.581017, -33.420863], [-70.581032, -33.420845], [-70.581043, -33.420827], [-70.581055, -33.420808], [-70.581068, -33.42079], [-70.58108, -33.42077], [-70.581097, -33.420753], [-70.581112, -33.420737], [-70.58113, -33.420718], [-70.581147, -33.4207], [-70.581158, -33.42068], [-70.581168, -33.42066], [-70.581175, -33.420638], [-70.58118, -33.420617], [-70.581183, -33.420592], [-70.581193, -33.420573], [-70.581213, -33.420552], [-70.58123, -33.420533], [-70.581248, -33.420515], [-70.581262, -33.420497], [-70.581273, -33.42048], [-70.581287, -33.420462], [-70.5813, -33.420445], [-70.581313, -33.420425], [-70.581327, -33.420407], [-70.58134, -33.420388], [-70.581353, -33.420367], [-70.581365, -33.420348], [-70.581377, -33.420327], [-70.581387, -33.420308], [-70.581395, -33.42029], [-70.581405, -33.42027], [-70.581423, -33.420252], [-70.58144, -33.420237], [-70.58145, -33.420213], [-70.581467, -33.420197], [-70.58148, -33.420178], [-70.581495, -33.420162], [-70.58151, -33.420143], [-70.581523, -33.420127], [-70.581537, -33.42011], [-70.58155, -33.420093], [-70.581563, -33.420077], [-70.581577, -33.420058], [-70.581588, -33.420038], [-70.581602, -33.420018], [-70.581617, -33.42], [-70.58163, -33.419983], [-70.581643, -33.419965], [-70.581657, -33.419948], [-70.58167, -33.41993], [-70.581685, -33.419912], [-70.5817, -33.419892], [-70.581713, -33.419875], [-70.581727, -33.419858], [-70.58174, -33.41984], [-70.581753, -33.419825], [-70.581767, -33.419805], [-70.58178, -33.419785], [-70.581792, -33.419767], [-70.5818, -33.419752], [-70.581815, -33.419732], [-70.581827, -33.419712], [-70.58184, -33.419692], [-70.581852, -33.419672], [-70.581863, -33.419653], [-70.581872, -33.419633], [-70.581882, -33.419613], [-70.581893, -33.419597], [-70.581903, -33.419578], [-70.581913, -33.419562], [-70.581925, -33.419545], [-70.581932, -33.41953], [-70.581935, -33.419517], [-70.58194, -33.419503], [-70.581947, -33.419492], [-70.581958, -33.419477], [-70.581967, -33.419465], [-70.581975, -33.419452], [-70.581982, -33.419437], [-70.58199, -33.419425], [-70.581997, -33.419413], [-70.582005, -33.419402], [-70.582015, -33.419393], [-70.582022, -33.419382], [-70.58203, -33.419367], [-70.582037, -33.41935], [-70.582042, -33.419335], [-70.582047, -33.41932], [-70.582055, -33.419307], [-70.582062, -33.419303], [-70.582075, -33.419295], [-70.582082, -33.419275], [-70.582088, -33.419255], [-70.582097, -33.419235], [-70.58211, -33.419215], [-70.58212, -33.419195], [-70.582128, -33.419175], [-70.582138, -33.419155], [-70.582147, -33.419135], [-70.582153, -33.419117], [-70.58216, -33.419095], [-70.58217, -33.419073], [-70.582178, -33.419053], [-70.582187, -33.419032], [-70.582195, -33.419012], [-70.582208, -33.418988], [-70.582217, -33.41897], [-70.582223, -33.418952], [-70.58223, -33.418932], [-70.582238, -33.418912], [-70.582245, -33.418892], [-70.582258, -33.41887], [-70.582272, -33.41885], [-70.582282, -33.41883], [-70.582293, -33.418808], [-70.582305, -33.41879], [-70.582317, -33.418772], [-70.582328, -33.418752], [-70.582342, -33.418732], [-70.582352, -33.418712], [-70.582362, -33.418692], [-70.582372, -33.41867], [-70.582377, -33.418652], [-70.582382, -33.418633], [-70.58239, -33.418612], [-70.582397, -33.418592], [-70.582403, -33.418568], [-70.58241, -33.418548], [-70.58242, -33.418528], [-70.582433, -33.418505], [-70.582447, -33.418485], [-70.582457, -33.418463], [-70.582467, -33.418442], [-70.582473, -33.418422], [-70.582485, -33.418402], [-70.582495, -33.41838], [-70.582503, -33.41836], [-70.582512, -33.41834], [-70.582522, -33.41832], [-70.582532, -33.418298], [-70.58254, -33.418277], [-70.582555, -33.418258], [-70.582565, -33.418238], [-70.582573, -33.418218], [-70.582587, -33.418197], [-70.5826, -33.418173], [-70.582608, -33.418153], [-70.582615, -33.418132], [-70.582625, -33.418112], [-70.582638, -33.418092], [-70.582653, -33.418068], [-70.582665, -33.41805], [-70.582675, -33.418028], [-70.582683, -33.418007], [-70.582692, -33.417987], [-70.582693, -33.417968], [-70.582698, -33.417947], [-70.582708, -33.417927], [-70.582718, -33.417907], [-70.582727, -33.417888], [-70.58274, -33.417868], [-70.582753, -33.417848], [-70.582765, -33.41783], [-70.582773, -33.41781], [-70.582783, -33.417792], [-70.582793, -33.417772], [-70.582802, -33.417752], [-70.582812, -33.417732], [-70.582818, -33.417712], [-70.582825, -33.417692], [-70.582835, -33.417672], [-70.58284, -33.417652], [-70.58285, -33.417632], [-70.582857, -33.417613], [-70.582862, -33.417595], [-70.58287, -33.417578], [-70.582878, -33.417563], [-70.582883, -33.41755], [-70.582893, -33.417537], [-70.582898, -33.417525], [-70.582907, -33.417512], [-70.582913, -33.417502], [-70.582917, -33.417488], [-70.582922, -33.417475], [-70.582927, -33.417462], [-70.582937, -33.417445], [-70.582948, -33.417427], [-70.582957, -33.41741], [-70.582968, -33.417395], [-70.582975, -33.417382], [-70.582982, -33.41737], [-70.582987, -33.417358], [-70.58299, -33.417348], [-70.582992, -33.417337], [-70.582993, -33.417323], [-70.582998, -33.41731], [-70.583005, -33.417295], [-70.583013, -33.417282], [-70.58302, -33.417267], [-70.583027, -33.41725], [-70.583033, -33.417235], [-70.583042, -33.417215], [-70.58305, -33.417198], [-70.583055, -33.417182], [-70.583063, -33.417168], [-70.583075, -33.417155], [-70.583085, -33.417142], [-70.583092, -33.417123], [-70.583102, -33.417103], [-70.583112, -33.41708], [-70.583118, -33.417058], [-70.583125, -33.417037], [-70.583132, -33.417017], [-70.583137, -33.416997], [-70.583147, -33.416978], [-70.583158, -33.416955], [-70.583172, -33.416933], [-70.583187, -33.416912], [-70.583203, -33.416888], [-70.583218, -33.416865], [-70.58323, -33.416843], [-70.583238, -33.416823], [-70.583247, -33.416805], [-70.583257, -33.416787], [-70.583268, -33.416767], [-70.583268, -33.41675], [-70.583272, -33.416735], [-70.583285, -33.41672], [-70.583293, -33.416702], [-70.583305, -33.416687], [-70.583313, -33.416668], [-70.583327, -33.416652], [-70.583335, -33.41664], [-70.583347, -33.416627], [-70.583355, -33.416607], [-70.583362, -33.41659], [-70.583368, -33.416572], [-70.583375, -33.416555], [-70.583385, -33.416538], [-70.583393, -33.416518], [-70.583405, -33.416498], [-70.583415, -33.416478], [-70.583427, -33.41646], [-70.583437, -33.416438], [-70.583445, -33.41642], [-70.583452, -33.4164], [-70.583465, -33.416377], [-70.583477, -33.416357], [-70.583487, -33.416333], [-70.583497, -33.416313], [-70.583505, -33.416292], [-70.583515, -33.416272], [-70.583525, -33.416252], [-70.583537, -33.416232], [-70.583547, -33.416212], [-70.583557, -33.416192], [-70.583568, -33.416172], [-70.583578, -33.416152], [-70.583588, -33.416132], [-70.583598, -33.416113], [-70.583608, -33.416092], [-70.583618, -33.41607], [-70.583628, -33.416048], [-70.583638, -33.416028], [-70.583647, -33.416008], [-70.583657, -33.415988], [-70.583667, -33.415967], [-70.583678, -33.415947], [-70.583687, -33.415928], [-70.583692, -33.41591], [-70.583698, -33.415893], [-70.583708, -33.415875], [-70.58372, -33.415855], [-70.583732, -33.415835], [-70.583738, -33.415815], [-70.583747, -33.415795], [-70.583758, -33.415775], [-70.58377, -33.415757], [-70.583785, -33.415738], [-70.5838, -33.415718], [-70.583812, -33.415702], [-70.583828, -33.415683], [-70.583842, -33.415667], [-70.583855, -33.41565], [-70.583872, -33.415632], [-70.583885, -33.415613], [-70.5839, -33.415595], [-70.583913, -33.415577], [-70.583927, -33.415557], [-70.583938, -33.415537], [-70.583953, -33.415518], [-70.583968, -33.415498], [-70.58398, -33.415478], [-70.583992, -33.41546], [-70.584003, -33.415438], [-70.584017, -33.415418], [-70.584032, -33.415398], [-70.584048, -33.415378], [-70.584063, -33.415358], [-70.584075, -33.415338], [-70.584088, -33.415318], [-70.584103, -33.415298], [-70.584118, -33.41528], [-70.584132, -33.415262], [-70.584145, -33.415243], [-70.584158, -33.415228], [-70.584173, -33.415208], [-70.584187, -33.415188], [-70.5842, -33.41517], [-70.584208, -33.415148], [-70.58422, -33.415127], [-70.584232, -33.415105], [-70.584243, -33.415085], [-70.584253, -33.415065], [-70.584263, -33.415045], [-70.584275, -33.415025], [-70.584287, -33.415005], [-70.584298, -33.414987], [-70.584307, -33.414968], [-70.584315, -33.414948], [-70.584325, -33.414927], [-70.584333, -33.414907], [-70.584347, -33.414885], [-70.584357, -33.414862], [-70.584368, -33.414838], [-70.584375, -33.414817], [-70.584385, -33.414795], [-70.584395, -33.414777], [-70.584402, -33.414758], [-70.584413, -33.414738], [-70.584422, -33.414723], [-70.584425, -33.414708], [-70.584428, -33.414695], [-70.584432, -33.414683], [-70.584433, -33.414672], [-70.58444, -33.41466], [-70.584447, -33.414653], [-70.584455, -33.414642], [-70.584463, -33.414628], [-70.58447, -33.414615], [-70.584477, -33.414602], [-70.584483, -33.414588], [-70.58449, -33.414573], [-70.584497, -33.41456], [-70.584502, -33.41455], [-70.584507, -33.414538], [-70.584508, -33.414527], [-70.584512, -33.414517], [-70.584517, -33.414503], [-70.584528, -33.41449], [-70.584537, -33.414477], [-70.584543, -33.414468], [-70.58455, -33.414458], [-70.584553, -33.414452], [-70.584558, -33.414443], [-70.584558, -33.414437], [-70.58456, -33.414433], [-70.584558, -33.41443], [-70.58456, -33.414425], [-70.584565, -33.414422], [-70.58458, -33.41441], [-70.584598, -33.414392], [-70.58462, -33.414368], [-70.584632, -33.41435], [-70.58464, -33.414342], [-70.58465, -33.414335], [-70.584655, -33.414332], [-70.584663, -33.41433], [-70.584675, -33.414327], [-70.584682, -33.414323], [-70.584688, -33.414315], [-70.584692, -33.414308], [-70.584692, -33.414303], [-70.584695, -33.414295], [-70.584698, -33.414285], [-70.584703, -33.41427], [-70.584707, -33.414253], [-70.584702, -33.414233], [-70.584713, -33.414208], [-70.584713, -33.414187], [-70.584718, -33.414167], [-70.584727, -33.414147], [-70.584742, -33.414125], [-70.584752, -33.414107], [-70.584767, -33.41409], [-70.584778, -33.414077], [-70.584785, -33.414068], [-70.584793, -33.41406], [-70.584797, -33.414053], [-70.584798, -33.414047], [-70.5848, -33.414038], [-70.584803, -33.414032], [-70.584805, -33.414025], [-70.584805, -33.414017], [-70.584805, -33.414008], [-70.584807, -33.414003], [-70.584817, -33.413993], [-70.584825, -33.413985], [-70.584835, -33.413972], [-70.584838, -33.413962], [-70.58485, -33.413947], [-70.584858, -33.41393], [-70.584865, -33.41391], [-70.58487, -33.413897], [-70.584878, -33.413877], [-70.584883, -33.413857], [-70.584888, -33.41384], [-70.584895, -33.413822], [-70.584902, -33.413802], [-70.584907, -33.413785], [-70.584913, -33.413768], [-70.58492, -33.41375], [-70.584928, -33.413732], [-70.584938, -33.413717], [-70.584948, -33.413695], [-70.584955, -33.41368], [-70.584963, -33.413662], [-70.584973, -33.413645], [-70.584985, -33.413628], [-70.584995, -33.413612], [-70.585007, -33.413593], [-70.585018, -33.413575], [-70.585025, -33.413555], [-70.585025, -33.413542], [-70.585027, -33.413525], [-70.585018, -33.413508], [-70.58502, -33.413492], [-70.585027, -33.413468], [-70.585033, -33.413447], [-70.585038, -33.413422], [-70.585042, -33.413403], [-70.585045, -33.413382], [-70.585053, -33.413362], [-70.585062, -33.41334], [-70.585068, -33.41332], [-70.585068, -33.413298], [-70.585077, -33.413275], [-70.585083, -33.413255], [-70.585088, -33.413233], [-70.585097, -33.413213], [-70.585098, -33.413192], [-70.585103, -33.413168], [-70.585107, -33.413145], [-70.585113, -33.413122], [-70.58512, -33.4131], [-70.585125, -33.413078], [-70.58513, -33.413055], [-70.585135, -33.413037], [-70.585145, -33.413015], [-70.585157, -33.412995], [-70.58517, -33.412973], [-70.58518, -33.412953], [-70.58519, -33.412932], [-70.585195, -33.412908], [-70.585203, -33.41289], [-70.585208, -33.412873], [-70.585213, -33.412855], [-70.585218, -33.412838], [-70.585223, -33.412818], [-70.585232, -33.4128], [-70.585238, -33.412782], [-70.585242, -33.412762], [-70.585245, -33.412745], [-70.585252, -33.412727], [-70.585262, -33.412707], [-70.585265, -33.412688], [-70.58527, -33.41267], [-70.585282, -33.41265], [-70.585292, -33.412628], [-70.585302, -33.412608], [-70.585308, -33.412588], [-70.585313, -33.41257], [-70.585318, -33.412552], [-70.585325, -33.412532], [-70.585332, -33.412512], [-70.58534, -33.412488], [-70.585347, -33.412472], [-70.585358, -33.412452], [-70.58537, -33.41243], [-70.585378, -33.412415], [-70.585387, -33.412397], [-70.585395, -33.412375], [-70.5854, -33.412357], [-70.585407, -33.41234], [-70.585413, -33.412322], [-70.585422, -33.412302], [-70.585428, -33.412283], [-70.585437, -33.412265], [-70.585447, -33.412245], [-70.585455, -33.412227], [-70.585462, -33.412208], [-70.585468, -33.412188], [-70.585477, -33.412172], [-70.585485, -33.412155], [-70.585497, -33.412135], [-70.585507, -33.412115], [-70.585515, -33.412097], [-70.585522, -33.412078], [-70.585528, -33.412058], [-70.585535, -33.41204], [-70.585543, -33.412022], [-70.585553, -33.412005], [-70.585563, -33.411985], [-70.585573, -33.411965], [-70.585587, -33.411945], [-70.585598, -33.411925], [-70.585607, -33.411907], [-70.585615, -33.411888], [-70.585622, -33.411868], [-70.585627, -33.41185], [-70.585633, -33.411832], [-70.585643, -33.411813], [-70.585653, -33.411793], [-70.585662, -33.411775], [-70.585673, -33.411755], [-70.585682, -33.411737], [-70.585692, -33.411718], [-70.585703, -33.4117], [-70.585712, -33.41168], [-70.58572, -33.411658], [-70.585728, -33.411638], [-70.585735, -33.41162], [-70.585745, -33.411602], [-70.585753, -33.411582], [-70.585763, -33.411562], [-70.585773, -33.411542], [-70.585782, -33.411523], [-70.585792, -33.411503], [-70.585803, -33.411483], [-70.585813, -33.411463], [-70.585825, -33.411445], [-70.585838, -33.411425], [-70.58585, -33.411407], [-70.58586, -33.411387], [-70.585868, -33.411367], [-70.58588, -33.411347], [-70.58589, -33.411327], [-70.5859, -33.411305], [-70.585907, -33.411285], [-70.585912, -33.411267], [-70.585922, -33.411248], [-70.585928, -33.411228], [-70.585935, -33.41121], [-70.585943, -33.41119], [-70.585953, -33.41117], [-70.585965, -33.41115], [-70.585977, -33.411132], [-70.58599, -33.411112], [-70.586005, -33.41109], [-70.586017, -33.41107], [-70.586032, -33.411052], [-70.586043, -33.411032], [-70.586055, -33.411013], [-70.586065, -33.410993], [-70.586075, -33.410975], [-70.586085, -33.410953], [-70.58609, -33.410933], [-70.586098, -33.410915], [-70.586103, -33.410895], [-70.586112, -33.410875], [-70.58612, -33.410855], [-70.586132, -33.410835], [-70.586143, -33.410813], [-70.586155, -33.410792], [-70.586167, -33.410772], [-70.586178, -33.410752], [-70.58619, -33.41073], [-70.5862, -33.41071], [-70.586207, -33.410692], [-70.586213, -33.410672], [-70.586222, -33.410653], [-70.58623, -33.410632], [-70.586242, -33.41061], [-70.586252, -33.41059], [-70.58626, -33.41057], [-70.58627, -33.410552], [-70.586278, -33.410532], [-70.586283, -33.410512], [-70.58629, -33.41049], [-70.5863, -33.41047], [-70.586308, -33.41045], [-70.58632, -33.41043], [-70.586333, -33.410408], [-70.586348, -33.410388], [-70.58636, -33.410368], [-70.586368, -33.410347], [-70.586377, -33.410327], [-70.586385, -33.410308], [-70.586393, -33.410288], [-70.586402, -33.41027], [-70.58641, -33.410252], [-70.586422, -33.410232], [-70.58643, -33.410212], [-70.586442, -33.410192], [-70.586452, -33.410173], [-70.58646, -33.410155], [-70.58647, -33.410135], [-70.586477, -33.410115], [-70.586483, -33.410097], [-70.586493, -33.410077], [-70.586505, -33.410057], [-70.586515, -33.410037], [-70.586525, -33.410017], [-70.58653, -33.410002], [-70.586535, -33.409985], [-70.586545, -33.409972], [-70.586555, -33.409958], [-70.586563, -33.409943], [-70.58657, -33.40993], [-70.586575, -33.409917], [-70.586582, -33.409903], [-70.58659, -33.40989], [-70.586598, -33.409878], [-70.586605, -33.409867], [-70.586615, -33.409853], [-70.586623, -33.409842], [-70.586633, -33.40983], [-70.58664, -33.409818], [-70.586647, -33.409807], [-70.586657, -33.409793], [-70.586672, -33.409778], [-70.586683, -33.409763], [-70.586693, -33.409748], [-70.586698, -33.409735], [-70.586703, -33.409722], [-70.586707, -33.409708], [-70.586712, -33.409697], [-70.586717, -33.409685], [-70.586722, -33.409672], [-70.58673, -33.409657], [-70.58674, -33.40964], [-70.586752, -33.409622], [-70.586758, -33.409603], [-70.586763, -33.409583], [-70.586763, -33.409565], [-70.586768, -33.409547], [-70.586775, -33.409528], [-70.586783, -33.409508], [-70.586792, -33.40949], [-70.5868, -33.409472], [-70.586812, -33.40945], [-70.586818, -33.409432], [-70.586828, -33.409412], [-70.586837, -33.409393], [-70.586845, -33.409373], [-70.586855, -33.409353], [-70.586863, -33.409335], [-70.586875, -33.409315], [-70.586887, -33.409293], [-70.586897, -33.409273], [-70.58691, -33.409252], [-70.586922, -33.40923], [-70.586927, -33.40921], [-70.586933, -33.40919], [-70.586942, -33.409172], [-70.586948, -33.409152], [-70.586953, -33.409128], [-70.58696, -33.409108], [-70.586968, -33.409092], [-70.586978, -33.409072], [-70.586985, -33.409053], [-70.586992, -33.409033], [-70.586998, -33.409013], [-70.587005, -33.408993], [-70.587012, -33.408975], [-70.587022, -33.408953], [-70.58703, -33.408935], [-70.58704, -33.408915], [-70.587048, -33.408895], [-70.587058, -33.408877], [-70.587067, -33.408857], [-70.587072, -33.408838], [-70.587077, -33.40882], [-70.587085, -33.408798], [-70.587092, -33.40878], [-70.587098, -33.408762], [-70.587107, -33.408742], [-70.587117, -33.408722], [-70.587123, -33.4087], [-70.587125, -33.408682], [-70.58713, -33.408663], [-70.587133, -33.408643], [-70.587138, -33.408623], [-70.587143, -33.408603], [-70.587147, -33.408583], [-70.587147, -33.408567], [-70.587148, -33.408548], [-70.587148, -33.40853], [-70.58715, -33.40851], [-70.587152, -33.40849], [-70.587155, -33.408468], [-70.587155, -33.408447], [-70.587158, -33.408427], [-70.587158, -33.408408], [-70.587162, -33.408387], [-70.587163, -33.408367], [-70.587168, -33.408347], [-70.58717, -33.408327], [-70.587172, -33.408307], [-70.58718, -33.408285], [-70.587182, -33.408267], [-70.587185, -33.408248], [-70.58719, -33.408227], [-70.587197, -33.408203], [-70.587203, -33.408183], [-70.587205, -33.408165], [-70.587203, -33.408145], [-70.587202, -33.408127], [-70.587202, -33.408108], [-70.587202, -33.40809], [-70.587205, -33.408062], [-70.587212, -33.408038], [-70.587215, -33.408018], [-70.587218, -33.407998], [-70.587227, -33.407975], [-70.58723, -33.407953], [-70.587228, -33.407937], [-70.587227, -33.407918], [-70.587223, -33.4079], [-70.587223, -33.40788], [-70.587222, -33.40786], [-70.587222, -33.407838], [-70.587222, -33.407817], [-70.587218, -33.407797], [-70.587217, -33.407775], [-70.587213, -33.407755], [-70.587207, -33.407733], [-70.587205, -33.407713], [-70.587202, -33.407693], [-70.587197, -33.407675], [-70.587195, -33.407655], [-70.587193, -33.407637], [-70.587193, -33.407618], [-70.587188, -33.4076], [-70.587183, -33.407582], [-70.58718, -33.407562], [-70.587172, -33.407543], [-70.587162, -33.407525], [-70.587153, -33.407507], [-70.587147, -33.407493], [-70.587142, -33.40748], [-70.587138, -33.407467], [-70.587132, -33.407455], [-70.587125, -33.407443], [-70.58712, -33.407432], [-70.587117, -33.407422], [-70.58711, -33.407408], [-70.587105, -33.407395], [-70.5871, -33.407383], [-70.587095, -33.40737], [-70.587093, -33.407353], [-70.587085, -33.407333], [-70.587077, -33.407313], [-70.58707, -33.407295], [-70.58706, -33.407277], [-70.587052, -33.407257], [-70.58704, -33.407237], [-70.587035, -33.407217], [-70.587025, -33.407197], [-70.587017, -33.407175], [-70.587008, -33.407152], [-70.586998, -33.40713], [-70.58699, -33.40711], [-70.586982, -33.407088], [-70.586973, -33.407068], [-70.586965, -33.407047], [-70.586957, -33.407027], [-70.586947, -33.407005], [-70.58694, -33.406983], [-70.58693, -33.40696], [-70.586923, -33.406938], [-70.586918, -33.406917], [-70.58691, -33.406895], [-70.586895, -33.406875], [-70.586883, -33.406855], [-70.58687, -33.406835], [-70.586853, -33.406817], [-70.586837, -33.4068], [-70.586822, -33.406782], [-70.58681, -33.406765], [-70.586798, -33.406747], [-70.586782, -33.406728], [-70.58677, -33.40671], [-70.58676, -33.40669], [-70.586752, -33.406672], [-70.586735, -33.406657], [-70.586717, -33.406647], [-70.586703, -33.406635], [-70.586693, -33.406625], [-70.586688, -33.406613], [-70.586678, -33.406602], [-70.586668, -33.406593], [-70.58666, -33.406585], [-70.586662, -33.406572], [-70.586663, -33.40656], [-70.586668, -33.406547], [-70.586668, -33.406537], [-70.586665, -33.406525], [-70.586665, -33.406513], [-70.58666, -33.406503], [-70.586653, -33.406493], [-70.586642, -33.406482], [-70.586632, -33.40647], [-70.586623, -33.406455], [-70.58662, -33.40644], [-70.586617, -33.406422], [-70.58661, -33.406403], [-70.586597, -33.406387], [-70.586585, -33.406368], [-70.586575, -33.406348], [-70.586563, -33.40633], [-70.586557, -33.40631], [-70.586547, -33.40629], [-70.58654, -33.40627], [-70.586528, -33.40625], [-70.586523, -33.406232], [-70.586517, -33.406212], [-70.586508, -33.406195], [-70.586503, -33.406175], [-70.586497, -33.406155], [-70.58649, -33.406135], [-70.58648, -33.406115], [-70.58647, -33.406097], [-70.58646, -33.406075], [-70.586452, -33.406057], [-70.586445, -33.406038], [-70.586438, -33.406018], [-70.586433, -33.405997], [-70.586427, -33.405977], [-70.58642, -33.405957], [-70.586413, -33.405938], [-70.586405, -33.405917], [-70.586397, -33.405895], [-70.586388, -33.405875], [-70.586378, -33.405857], [-70.586368, -33.405835], [-70.586362, -33.405813], [-70.586357, -33.405795], [-70.586348, -33.405777], [-70.586337, -33.405758], [-70.586328, -33.40574], [-70.586318, -33.405722], [-70.58631, -33.405703], [-70.586303, -33.405682], [-70.586297, -33.405663], [-70.586285, -33.405645], [-70.586273, -33.405627], [-70.586263, -33.405608], [-70.586255, -33.405593], [-70.586245, -33.405578], [-70.586235, -33.405568], [-70.586228, -33.405558], [-70.586222, -33.405547], [-70.586217, -33.405533], [-70.586212, -33.40552], [-70.586203, -33.405508], [-70.586198, -33.405495], [-70.586195, -33.405485], [-70.586192, -33.405473], [-70.58619, -33.40546], [-70.586188, -33.405447], [-70.586183, -33.405437], [-70.586173, -33.405425], [-70.586167, -33.405413], [-70.586163, -33.4054], [-70.586165, -33.405385], [-70.586167, -33.405367], [-70.586167, -33.405348], [-70.58616, -33.405328], [-70.586157, -33.40531], [-70.58615, -33.405292], [-70.586145, -33.405272], [-70.586142, -33.405253], [-70.586138, -33.405233], [-70.586133, -33.405215], [-70.586128, -33.405193], [-70.586125, -33.405175], [-70.586123, -33.405155], [-70.586125, -33.405133], [-70.586127, -33.405115], [-70.586127, -33.405093], [-70.586127, -33.405073], [-70.586125, -33.405052], [-70.586123, -33.405032], [-70.58612, -33.405012], [-70.58612, -33.404988], [-70.586118, -33.404968], [-70.58612, -33.404948], [-70.586118, -33.404928], [-70.586118, -33.404908], [-70.586115, -33.404888], [-70.586115, -33.404868], [-70.586117, -33.404848], [-70.586117, -33.40483], [-70.586115, -33.40481], [-70.586115, -33.404792], [-70.586113, -33.404772], [-70.586115, -33.404752], [-70.586115, -33.40473], [-70.586117, -33.404712], [-70.586118, -33.40469], [-70.586118, -33.40467], [-70.586117, -33.40465], [-70.586117, -33.40463], [-70.586115, -33.404612], [-70.586117, -33.40459], [-70.586122, -33.404567], [-70.586123, -33.404542], [-70.586127, -33.40452], [-70.586125, -33.4045], [-70.586125, -33.40448], [-70.586125, -33.40446], [-70.586128, -33.40444], [-70.586132, -33.404417], [-70.586135, -33.404398], [-70.586145, -33.40438], [-70.586157, -33.404357], [-70.586167, -33.404335], [-70.586177, -33.40431], [-70.586183, -33.40429], [-70.586188, -33.404268], [-70.586195, -33.404248], [-70.586198, -33.404228], [-70.586203, -33.40421], [-70.586207, -33.404188], [-70.586215, -33.404167], [-70.58622, -33.404147], [-70.58623, -33.404125], [-70.586237, -33.404102], [-70.586242, -33.404078], [-70.586248, -33.404057], [-70.586255, -33.404037], [-70.586265, -33.404017], [-70.586272, -33.403995], [-70.58628, -33.403973], [-70.58629, -33.403952], [-70.586298, -33.403928], [-70.586305, -33.403905], [-70.586307, -33.403883], [-70.586308, -33.403863], [-70.586312, -33.40384], [-70.58632, -33.40382], [-70.58633, -33.403798], [-70.586337, -33.403777], [-70.586343, -33.403753], [-70.586342, -33.403732], [-70.586343, -33.403712], [-70.586348, -33.403693], [-70.586352, -33.403675], [-70.586362, -33.403658], [-70.586373, -33.403638], [-70.58638, -33.403615], [-70.586385, -33.403595], [-70.58639, -33.403577], [-70.586393, -33.40356], [-70.586405, -33.403543], [-70.586413, -33.403523], [-70.58642, -33.403503], [-70.58643, -33.40348], [-70.586437, -33.40346], [-70.58644, -33.403438], [-70.586445, -33.403417], [-70.58645, -33.403395], [-70.586457, -33.403373], [-70.586465, -33.403345], [-70.586468, -33.40332], [-70.586475, -33.4033], [-70.58648, -33.403282], [-70.586487, -33.403263], [-70.58649, -33.403243], [-70.586493, -33.403225], [-70.586487, -33.403205], [-70.586485, -33.403183], [-70.586495, -33.403162], [-70.586508, -33.40314], [-70.586513, -33.403123], [-70.586518, -33.403102], [-70.586525, -33.403082], [-70.58653, -33.403062], [-70.586527, -33.403042], [-70.586523, -33.403023], [-70.586522, -33.403003], [-70.586525, -33.402983], [-70.586532, -33.402967], [-70.586537, -33.402947], [-70.586543, -33.40293], [-70.586552, -33.40291], [-70.58656, -33.402888], [-70.586567, -33.402868], [-70.586572, -33.40285], [-70.586572, -33.402833], [-70.58657, -33.402818], [-70.586573, -33.402798], [-70.586575, -33.402782], [-70.586575, -33.402767], [-70.586573, -33.402747], [-70.586582, -33.40273], [-70.586597, -33.402712], [-70.586613, -33.402695], [-70.586622, -33.40268], [-70.586623, -33.402668], [-70.58663, -33.402657], [-70.586635, -33.402645], [-70.586642, -33.402628], [-70.586652, -33.402612], [-70.586665, -33.402595], [-70.586672, -33.402582], [-70.586675, -33.402568], [-70.586677, -33.402557], [-70.586675, -33.402545], [-70.586672, -33.402535], [-70.586665, -33.402523], [-70.586658, -33.402513], [-70.58666, -33.402503], [-70.58666, -33.402492], [-70.586658, -33.402477], [-70.58666, -33.402463], [-70.586662, -33.402447], [-70.586665, -33.40243], [-70.58667, -33.402415], [-70.586677, -33.402395], [-70.586682, -33.402378], [-70.586693, -33.402355], [-70.586702, -33.402337], [-70.586708, -33.402315], [-70.58671, -33.402295], [-70.586715, -33.402275], [-70.586718, -33.402253], [-70.586723, -33.402232], [-70.586728, -33.402212], [-70.586732, -33.40219], [-70.586738, -33.402172], [-70.586745, -33.40215], [-70.586755, -33.40213], [-70.586763, -33.402108], [-70.586768, -33.402087], [-70.586775, -33.402065], [-70.586782, -33.402043], [-70.586788, -33.402023], [-70.586795, -33.402003], [-70.586802, -33.401983], [-70.586803, -33.401965], [-70.586803, -33.401945], [-70.586805, -33.401923], [-70.586807, -33.401903], [-70.586812, -33.401882], [-70.586818, -33.401862], [-70.586823, -33.401842], [-70.586833, -33.401818], [-70.586843, -33.401798], [-70.586852, -33.40178], [-70.586855, -33.40176], [-70.58686, -33.401742], [-70.586873, -33.401717], [-70.58688, -33.401693], [-70.586887, -33.401673], [-70.586893, -33.401653], [-70.586898, -33.401635], [-70.586903, -33.401613], [-70.586908, -33.401592], [-70.586917, -33.40157], [-70.586927, -33.401548], [-70.586935, -33.401525], [-70.58694, -33.401502], [-70.586945, -33.40148], [-70.58695, -33.40146], [-70.586958, -33.401438], [-70.586967, -33.401415], [-70.586975, -33.401392], [-70.586983, -33.401372], [-70.58699, -33.401348], [-70.586997, -33.401328], [-70.587002, -33.401305], [-70.587003, -33.401285], [-70.587008, -33.401267], [-70.587013, -33.401245], [-70.587018, -33.401225], [-70.587025, -33.401203], [-70.58703, -33.401183], [-70.587035, -33.401163], [-70.587042, -33.401143], [-70.587045, -33.401123], [-70.58705, -33.401103], [-70.587057, -33.401083], [-70.587063, -33.401065], [-70.587068, -33.401043], [-70.587073, -33.401023], [-70.587078, -33.401002], [-70.587088, -33.40098], [-70.587097, -33.40096], [-70.587107, -33.400938], [-70.587113, -33.400917], [-70.587118, -33.400898], [-70.58713, -33.400877], [-70.587138, -33.400855], [-70.587148, -33.400835], [-70.587157, -33.400813], [-70.587165, -33.400793], [-70.587173, -33.400775], [-70.587185, -33.400755], [-70.587192, -33.400735], [-70.587198, -33.400713], [-70.587207, -33.400695], [-70.587208, -33.400675], [-70.587212, -33.400657], [-70.587215, -33.400637], [-70.587218, -33.400615], [-70.587223, -33.400595], [-70.587232, -33.400573], [-70.58724, -33.400553], [-70.587247, -33.400533], [-70.587253, -33.400513], [-70.587257, -33.400493], [-70.587262, -33.400473], [-70.587262, -33.400452], [-70.587262, -33.400428], [-70.587263, -33.400407], [-70.587265, -33.400385], [-70.587268, -33.400363], [-70.587272, -33.400343], [-70.587277, -33.400323], [-70.587282, -33.400302], [-70.587292, -33.400282], [-70.587302, -33.400262], [-70.587313, -33.400242], [-70.587322, -33.400222], [-70.587332, -33.4002], [-70.58734, -33.400178], [-70.587347, -33.400157], [-70.587353, -33.400135], [-70.58736, -33.400113], [-70.587368, -33.400092], [-70.587377, -33.400072], [-70.587383, -33.400052], [-70.58739, -33.40003], [-70.5874, -33.400008], [-70.587407, -33.399987], [-70.587417, -33.399965], [-70.587427, -33.399943], [-70.587435, -33.399922], [-70.58744, -33.3999], [-70.587443, -33.39988], [-70.587447, -33.39986], [-70.587448, -33.399833], [-70.587453, -33.399808], [-70.58746, -33.399787], [-70.587465, -33.399763], [-70.58747, -33.39974], [-70.587477, -33.39972], [-70.587482, -33.3997], [-70.587492, -33.399677], [-70.587495, -33.399655], [-70.587497, -33.399635], [-70.587507, -33.399613], [-70.587515, -33.399592], [-70.587518, -33.399572], [-70.587527, -33.399553], [-70.587533, -33.399533], [-70.587542, -33.399512], [-70.587543, -33.399492], [-70.587545, -33.399473], [-70.587552, -33.399452], [-70.587558, -33.39943], [-70.587568, -33.399408], [-70.587575, -33.399387], [-70.587578, -33.399365], [-70.587583, -33.399345], [-70.587588, -33.399325], [-70.587597, -33.399302], [-70.5876, -33.399282], [-70.587603, -33.399262], [-70.587608, -33.399242], [-70.587613, -33.399218], [-70.587617, -33.399202], [-70.58761, -33.399183], [-70.587605, -33.399163], [-70.587605, -33.399142], [-70.587613, -33.399117], [-70.587625, -33.399095], [-70.587633, -33.399075], [-70.587638, -33.399057], [-70.587642, -33.399037], [-70.587648, -33.399017], [-70.587655, -33.398997], [-70.587663, -33.398973], [-70.587668, -33.398952], [-70.587677, -33.39893], [-70.587683, -33.398908], [-70.58769, -33.398888], [-70.58769, -33.398867], [-70.587695, -33.398843], [-70.5877, -33.398822], [-70.587708, -33.3988], [-70.58771, -33.39878], [-70.587713, -33.398758], [-70.587717, -33.398738], [-70.587723, -33.398718], [-70.58773, -33.398698], [-70.587738, -33.398677], [-70.587747, -33.398658], [-70.587755, -33.398638], [-70.587762, -33.39862], [-70.587765, -33.398605], [-70.587768, -33.398588], [-70.58777, -33.398575], [-70.587773, -33.39856], [-70.58778, -33.398547], [-70.587785, -33.398533], [-70.587788, -33.398522], [-70.587793, -33.398508], [-70.587798, -33.398497], [-70.587802, -33.398485], [-70.587803, -33.398473], [-70.587808, -33.398458], [-70.587813, -33.398443], [-70.58782, -33.398432], [-70.587833, -33.398415], [-70.587842, -33.398402], [-70.587848, -33.398387], [-70.587853, -33.398367], [-70.587857, -33.398343], [-70.587862, -33.398323], [-70.58787, -33.398305], [-70.587883, -33.39829], [-70.58789, -33.398272], [-70.587897, -33.398253], [-70.587902, -33.398237], [-70.587908, -33.398217], [-70.587918, -33.398198], [-70.587927, -33.39818], [-70.587937, -33.398157], [-70.587943, -33.398133], [-70.587953, -33.398113], [-70.587963, -33.398093], [-70.58797, -33.398073], [-70.587978, -33.398053], [-70.587988, -33.398033], [-70.587998, -33.398012], [-70.58801, -33.397992], [-70.58802, -33.397972], [-70.58803, -33.39795], [-70.588038, -33.397932], [-70.588047, -33.397912], [-70.588057, -33.397893], [-70.588063, -33.397875], [-70.588073, -33.397855], [-70.58808, -33.397837], [-70.588088, -33.397817], [-70.588093, -33.397797], [-70.5881, -33.397775], [-70.588108, -33.397755], [-70.588118, -33.397735], [-70.588128, -33.397713], [-70.588138, -33.397693], [-70.588148, -33.397672], [-70.588158, -33.397652], [-70.588168, -33.397632], [-70.588177, -33.397612], [-70.588187, -33.397592], [-70.588197, -33.397572], [-70.588205, -33.397548], [-70.588215, -33.39753], [-70.588227, -33.397512], [-70.588237, -33.397492], [-70.588245, -33.39747], [-70.588253, -33.397448], [-70.588263, -33.397428], [-70.588275, -33.397407], [-70.588288, -33.397385], [-70.5883, -33.397365], [-70.58831, -33.397343], [-70.588317, -33.397325], [-70.588323, -33.397303], [-70.588332, -33.397285], [-70.58834, -33.397265], [-70.58835, -33.397245], [-70.588358, -33.397223], [-70.588368, -33.397202], [-70.58838, -33.397182], [-70.588388, -33.397162], [-70.588398, -33.397142], [-70.588407, -33.397122], [-70.588415, -33.397102], [-70.58843, -33.397082], [-70.58844, -33.39706], [-70.588453, -33.397038], [-70.588463, -33.397017], [-70.588472, -33.396993], [-70.58848, -33.39697], [-70.588485, -33.396947], [-70.58849, -33.396923], [-70.588498, -33.3969], [-70.588507, -33.396875], [-70.588517, -33.396852], [-70.588527, -33.396828], [-70.58853, -33.396807], [-70.588525, -33.396783], [-70.588523, -33.396765], [-70.588527, -33.396745], [-70.58853, -33.39673], [-70.58853, -33.396715], [-70.588533, -33.396703], [-70.58854, -33.396693], [-70.588543, -33.396685], [-70.588552, -33.39667], [-70.588558, -33.396657], [-70.588567, -33.396645], [-70.588568, -33.396642], [-70.588568, -33.396638], [-70.58857, -33.396632], [-70.588575, -33.396625], [-70.588585, -33.396615], [-70.588592, -33.396602], [-70.5886, -33.396588], [-70.588605, -33.396577], [-70.588613, -33.396562], [-70.58862, -33.396545], [-70.588625, -33.39653], [-70.588635, -33.396515], [-70.588638, -33.396502], [-70.588638, -33.39649], [-70.588637, -33.39648], [-70.588647, -33.396465], [-70.588662, -33.396447], [-70.588675, -33.396428], [-70.588687, -33.396412], [-70.5887, -33.396398], [-70.58871, -33.396382], [-70.588717, -33.396363], [-70.588735, -33.396338], [-70.588743, -33.39632], [-70.588758, -33.396298], [-70.588773, -33.396275], [-70.588792, -33.396255], [-70.588802, -33.396238], [-70.588817, -33.396225], [-70.58883, -33.39621], [-70.588842, -33.396188], [-70.588855, -33.396165], [-70.58887, -33.39614], [-70.588885, -33.396118], [-70.588897, -33.396102], [-70.58891, -33.396082], [-70.588927, -33.396065], [-70.58894, -33.396048], [-70.588952, -33.39603], [-70.588967, -33.39601], [-70.588978, -33.395988], [-70.58899, -33.39597], [-70.589005, -33.39595], [-70.589018, -33.395932], [-70.589032, -33.395912], [-70.589047, -33.395892], [-70.589063, -33.395872], [-70.589075, -33.39585], [-70.589083, -33.39583], [-70.58909, -33.39581], [-70.589103, -33.395793], [-70.589112, -33.395773], [-70.589123, -33.395753], [-70.589137, -33.395735], [-70.589152, -33.395715], [-70.589165, -33.395697], [-70.589182, -33.395677], [-70.589198, -33.39566], [-70.589213, -33.395643], [-70.589228, -33.395623], [-70.589243, -33.395605], [-70.589252, -33.395588], [-70.589267, -33.39557], [-70.58928, -33.395553], [-70.589297, -33.395535], [-70.589308, -33.395515], [-70.58932, -33.395497], [-70.589335, -33.395478], [-70.58935, -33.39546], [-70.589367, -33.395442], [-70.589383, -33.395423], [-70.5894, -33.395405], [-70.589417, -33.395385], [-70.58943, -33.395367], [-70.589445, -33.395348], [-70.589458, -33.395328], [-70.589472, -33.395308], [-70.589487, -33.39529], [-70.5895, -33.395267], [-70.589513, -33.395252], [-70.589527, -33.395235], [-70.589542, -33.395222], [-70.589562, -33.395208], [-70.589575, -33.39519], [-70.589582, -33.39517], [-70.589597, -33.395147], [-70.589607, -33.395127], [-70.589623, -33.395108], [-70.58964, -33.39509], [-70.589658, -33.395072], [-70.589675, -33.395055], [-70.589692, -33.395038], [-70.589705, -33.395022], [-70.58972, -33.395005], [-70.589735, -33.394987], [-70.589752, -33.39497], [-70.589765, -33.394953], [-70.589782, -33.394937], [-70.589797, -33.39492], [-70.589812, -33.394905], [-70.589823, -33.394887], [-70.589838, -33.394868], [-70.589852, -33.394853], [-70.589863, -33.394833], [-70.589878, -33.394818], [-70.589892, -33.3948], [-70.589905, -33.394782], [-70.589922, -33.394768], [-70.589938, -33.394755], [-70.589957, -33.394738], [-70.589972, -33.394717], [-70.589987, -33.3947], [-70.589995, -33.394685], [-70.590012, -33.394665], [-70.590028, -33.394647], [-70.590045, -33.39463], [-70.59006, -33.394612], [-70.590073, -33.394595], [-70.590088, -33.394577], [-70.590105, -33.394562], [-70.590122, -33.394545], [-70.590138, -33.394532], [-70.590153, -33.394515], [-70.59017, -33.394498], [-70.590187, -33.394482], [-70.590205, -33.394467], [-70.590223, -33.394448], [-70.590238, -33.39443], [-70.59025, -33.394412], [-70.590268, -33.394395], [-70.590283, -33.394382], [-70.5903, -33.394365], [-70.590312, -33.394355], [-70.59032, -33.39434], [-70.590335, -33.394323], [-70.590352, -33.394308], [-70.590367, -33.394288], [-70.590383, -33.394275], [-70.5904, -33.394257], [-70.590415, -33.394242], [-70.59043, -33.394227], [-70.590443, -33.39421], [-70.590458, -33.394197], [-70.590475, -33.394182], [-70.590493, -33.394168], [-70.59051, -33.394153], [-70.590528, -33.394137], [-70.590543, -33.394118], [-70.590557, -33.394097], [-70.590568, -33.394058], [-70.590592, -33.394037], [-70.590615, -33.394017], [-70.59063, -33.394], [-70.590638, -33.393983], [-70.590653, -33.393968], [-70.590672, -33.39395], [-70.59069, -33.393933], [-70.590705, -33.393915], [-70.59072, -33.3939], [-70.590738, -33.393883], [-70.59076, -33.393865], [-70.590777, -33.393848], [-70.590792, -33.393833], [-70.590812, -33.393817], [-70.590832, -33.393802], [-70.590848, -33.393785], [-70.590865, -33.393768], [-70.590878, -33.393753], [-70.590888, -33.393737], [-70.590898, -33.393723], [-70.590903, -33.393712], [-70.590912, -33.393697], [-70.590922, -33.393685], [-70.590935, -33.393678], [-70.590942, -33.39367], [-70.59095, -33.39366], [-70.590958, -33.39365], [-70.590967, -33.39364], [-70.590973, -33.393632], [-70.590982, -33.39362], [-70.59099, -33.39361], [-70.591002, -33.393602], [-70.591015, -33.393592], [-70.591028, -33.393582], [-70.591037, -33.393572], [-70.591053, -33.393568], [-70.59106, -33.39357], [-70.591077, -33.393568], [-70.591092, -33.393565], [-70.591105, -33.393555], [-70.591117, -33.393543], [-70.591118, -33.393537], [-70.591137, -33.393527], [-70.591152, -33.393513], [-70.591165, -33.393498], [-70.591173, -33.393483], [-70.591183, -33.393463], [-70.591197, -33.39344], [-70.591213, -33.39342], [-70.591237, -33.3934], [-70.591257, -33.393388], [-70.591273, -33.393372], [-70.59129, -33.393358], [-70.591303, -33.393352], [-70.591323, -33.39334], [-70.591345, -33.393323], [-70.591365, -33.393307], [-70.591387, -33.39329], [-70.591407, -33.393273], [-70.591427, -33.393252], [-70.591452, -33.393235], [-70.591473, -33.393218], [-70.591495, -33.393203], [-70.591513, -33.393187], [-70.591533, -33.39317], [-70.591555, -33.393157], [-70.59158, -33.39314], [-70.591602, -33.393122], [-70.59162, -33.393103], [-70.591645, -33.393087], [-70.591662, -33.393075], [-70.591678, -33.39306], [-70.591692, -33.393043], [-70.591702, -33.393032], [-70.591722, -33.393018], [-70.591742, -33.39301], [-70.59176, -33.392997], [-70.591783, -33.392975], [-70.591807, -33.392953], [-70.59183, -33.392932], [-70.591853, -33.392913], [-70.591877, -33.392895], [-70.591897, -33.392878], [-70.59192, -33.39286], [-70.591942, -33.392845], [-70.591963, -33.392828], [-70.591985, -33.39281], [-70.592008, -33.392793], [-70.592027, -33.392778], [-70.592048, -33.392763], [-70.592067, -33.39275], [-70.592085, -33.39274], [-70.592102, -33.392732], [-70.592132, -33.392718], [-70.592157, -33.39271], [-70.59218, -33.392702], [-70.5922, -33.392693], [-70.592228, -33.392678], [-70.59225, -33.392668], [-70.592268, -33.392647], [-70.59229, -33.392625], [-70.592312, -33.392605], [-70.592328, -33.392593], [-70.592345, -33.392578], [-70.592368, -33.39256], [-70.592392, -33.39254], [-70.592417, -33.392518], [-70.59244, -33.392502], [-70.592462, -33.392483], [-70.592485, -33.392467], [-70.592502, -33.392452], [-70.592517, -33.39243], [-70.592532, -33.3924], [-70.59254, -33.392377], [-70.592543, -33.392352], [-70.592542, -33.392333], [-70.592533, -33.392312], [-70.592522, -33.392292], [-70.59251, -33.392272], [-70.592492, -33.392253], [-70.592477, -33.392235], [-70.592462, -33.392217], [-70.592447, -33.392203], [-70.592428, -33.39219], [-70.592405, -33.392172], [-70.592392, -33.392158], [-70.592385, -33.39214], [-70.592378, -33.392122], [-70.59237, -33.392102], [-70.592358, -33.392083], [-70.592343, -33.392063], [-70.59233, -33.392045], [-70.592315, -33.392025], [-70.592303, -33.392007], [-70.592287, -33.391988], [-70.592265, -33.391973], [-70.592243, -33.391957], [-70.592227, -33.391943], [-70.592217, -33.391927], [-70.592207, -33.391908], [-70.592195, -33.39189], [-70.592178, -33.39187], [-70.592162, -33.391852], [-70.592147, -33.391833], [-70.592132, -33.391817], [-70.592117, -33.391798], [-70.592103, -33.39178], [-70.592092, -33.39176], [-70.592082, -33.391743], [-70.592072, -33.391733], [-70.592058, -33.391718], [-70.592038, -33.391698], [-70.592022, -33.391685], [-70.59201, -33.39167], [-70.591997, -33.391653], [-70.591983, -33.391635], [-70.591973, -33.391623], [-70.591962, -33.391607], [-70.591947, -33.391587], [-70.591933, -33.391575], [-70.591917, -33.39156], [-70.591903, -33.391543], [-70.591892, -33.391527], [-70.591882, -33.391507], [-70.591868, -33.391488], [-70.591857, -33.391472], [-70.591842, -33.391455], [-70.591825, -33.391435], [-70.59181, -33.391418], [-70.591797, -33.391403], [-70.591785, -33.391387], [-70.591777, -33.391368], [-70.591765, -33.391348], [-70.591755, -33.391328], [-70.591745, -33.391305], [-70.591737, -33.391292], [-70.591723, -33.391273], [-70.591707, -33.391255], [-70.59169, -33.391235], [-70.591678, -33.39122], [-70.591667, -33.391203], [-70.591655, -33.391188], [-70.59164, -33.391168], [-70.59163, -33.391153], [-70.591618, -33.391135], [-70.591607, -33.391115], [-70.591588, -33.391095], [-70.591577, -33.391077], [-70.59157, -33.391063], [-70.591557, -33.391048], [-70.591537, -33.391033], [-70.591513, -33.391025], [-70.591495, -33.39101], [-70.591463, -33.390995], [-70.591448, -33.39098], [-70.591435, -33.390965], [-70.591427, -33.39095], [-70.591415, -33.390928], [-70.591408, -33.390915], [-70.591397, -33.390897], [-70.591382, -33.39088], [-70.591368, -33.390863], [-70.591352, -33.390847], [-70.591337, -33.39083], [-70.591322, -33.390813], [-70.591305, -33.390797], [-70.591287, -33.390778], [-70.591272, -33.390765], [-70.591253, -33.390748], [-70.591238, -33.390733], [-70.59122, -33.390717], [-70.591203, -33.390702], [-70.59119, -33.390682], [-70.591173, -33.390665], [-70.59116, -33.39065], [-70.591142, -33.39063], [-70.591127, -33.390615], [-70.591115, -33.390602], [-70.591102, -33.390587], [-70.591085, -33.39057], [-70.591067, -33.39055], [-70.591057, -33.390537], [-70.591042, -33.39052], [-70.591025, -33.3905], [-70.591013, -33.390487], [-70.590997, -33.39047], [-70.590978, -33.390455], [-70.590957, -33.39044], [-70.590938, -33.390423], [-70.590918, -33.3904], [-70.590905, -33.390385], [-70.590893, -33.390368], [-70.590878, -33.390352], [-70.59086, -33.390337], [-70.590842, -33.390322], [-70.590823, -33.390305], [-70.59081, -33.39029], [-70.590792, -33.39027], [-70.590775, -33.390253], [-70.590758, -33.390242], [-70.590745, -33.390228], [-70.590732, -33.39021], [-70.590715, -33.390193], [-70.590697, -33.390172], [-70.590678, -33.390155], [-70.590663, -33.390142], [-70.590645, -33.390122], [-70.590628, -33.390108], [-70.590613, -33.390092], [-70.590598, -33.390075], [-70.590578, -33.390053], [-70.590565, -33.390038], [-70.59055, -33.390023], [-70.59054, -33.390007], [-70.590532, -33.389993], [-70.590518, -33.389973], [-70.590507, -33.389957], [-70.590493, -33.389943], [-70.590478, -33.389928], [-70.590452, -33.38991], [-70.590428, -33.389895], [-70.590412, -33.38988], [-70.590397, -33.389867], [-70.590382, -33.389848], [-70.590368, -33.38983], [-70.590352, -33.389808], [-70.590337, -33.389792], [-70.590325, -33.389778], [-70.590302, -33.389755], [-70.590287, -33.389742], [-70.590268, -33.38972], [-70.590257, -33.389702], [-70.590242, -33.389683], [-70.590232, -33.389668], [-70.59021, -33.389648], [-70.590195, -33.389632], [-70.590182, -33.389615], [-70.590168, -33.389598], [-70.590157, -33.389585], [-70.59014, -33.389565], [-70.590128, -33.389548], [-70.590117, -33.389533], [-70.590103, -33.389517], [-70.59009, -33.389498], [-70.590077, -33.389478], [-70.590065, -33.389462], [-70.590053, -33.389443], [-70.59004, -33.389425], [-70.59003, -33.389408], [-70.590017, -33.38939], [-70.590005, -33.389373], [-70.589992, -33.389357], [-70.589978, -33.38934], [-70.589965, -33.389323], [-70.589947, -33.389305], [-70.58993, -33.38929], [-70.589917, -33.389275], [-70.589902, -33.389253], [-70.58989, -33.389235], [-70.589878, -33.389217], [-70.589868, -33.389198], [-70.589857, -33.38918], [-70.589843, -33.389163], [-70.589832, -33.389147], [-70.589822, -33.389132], [-70.58981, -33.38912], [-70.589798, -33.38911], [-70.589785, -33.3891], [-70.589772, -33.38909], [-70.58976, -33.38908], [-70.58975, -33.38907], [-70.58974, -33.38906], [-70.58973, -33.38905], [-70.58972, -33.38904], [-70.589708, -33.389032], [-70.589697, -33.389025], [-70.589687, -33.389015], [-70.589682, -33.389005], [-70.589677, -33.388993], [-70.589672, -33.38898], [-70.589663, -33.388968], [-70.589655, -33.388958], [-70.589645, -33.388945], [-70.589635, -33.388935], [-70.589627, -33.388928], [-70.589615, -33.388915], [-70.5896, -33.388908], [-70.58959, -33.388897], [-70.58958, -33.388882], [-70.589568, -33.388865], [-70.589555, -33.388842], [-70.589543, -33.388818], [-70.58953, -33.3888], [-70.589527, -33.388782], [-70.589522, -33.388763], [-70.589512, -33.38874], [-70.589503, -33.388723], [-70.589495, -33.388712], [-70.589478, -33.388695], [-70.58946, -33.388673], [-70.589447, -33.38866], [-70.589428, -33.388635], [-70.589423, -33.388618], [-70.589417, -33.388595], [-70.589413, -33.38858], [-70.589418, -33.388563], [-70.589425, -33.38855], [-70.58944, -33.388537], [-70.589457, -33.388523], [-70.589477, -33.388508], [-70.589492, -33.3885], [-70.589508, -33.388493], [-70.58953, -33.388485], [-70.589552, -33.388472], [-70.589567, -33.38846], [-70.589583, -33.388448], [-70.589598, -33.388437], [-70.589615, -33.388425], [-70.589635, -33.38841], [-70.589655, -33.388397], [-70.58967, -33.388387], [-70.589692, -33.388375], [-70.589712, -33.388363], [-70.589733, -33.388352], [-70.58976, -33.388337], [-70.589777, -33.388325], [-70.5898, -33.388308], [-70.58982, -33.388293], [-70.589835, -33.388282], [-70.589855, -33.388268], [-70.589875, -33.388257], [-70.589897, -33.388242], [-70.589917, -33.388228], [-70.589937, -33.388218], [-70.589952, -33.38821], [-70.589977, -33.388197], [-70.589997, -33.388187], [-70.590015, -33.38818], [-70.59003, -33.388172], [-70.590052, -33.38816], [-70.590075, -33.388147], [-70.590095, -33.388133], [-70.590115, -33.38812], [-70.590133, -33.388107], [-70.590152, -33.388093], [-70.590175, -33.388077], [-70.590197, -33.388065], [-70.59022, -33.388053], [-70.590233, -33.388045], [-70.590258, -33.38803], [-70.59028, -33.388017], [-70.590302, -33.388003], [-70.590323, -33.38799], [-70.590342, -33.387975], [-70.590362, -33.387962], [-70.590382, -33.387947], [-70.590402, -33.387933], [-70.59042, -33.387917], [-70.59044, -33.387902], [-70.59046, -33.387888], [-70.590485, -33.387875], [-70.590507, -33.387862], [-70.590527, -33.387852], [-70.590552, -33.387835], [-70.590568, -33.387825], [-70.590588, -33.387815], [-70.590605, -33.387807], [-70.590627, -33.387795], [-70.59065, -33.387778], [-70.59067, -33.387763], [-70.590695, -33.387747], [-70.590713, -33.387733], [-70.590742, -33.387717], [-70.590765, -33.387705], [-70.590788, -33.38769], [-70.590798, -33.38768], [-70.590813, -33.387667], [-70.590822, -33.387662], [-70.590832, -33.387655], [-70.590843, -33.387648], [-70.590847, -33.38764], [-70.590858, -33.387628], [-70.59087, -33.387622], [-70.590877, -33.387615], [-70.59089, -33.387605], [-70.5909, -33.387595], [-70.590905, -33.38759], [-70.59091, -33.387588], [-70.590917, -33.387587], [-70.590923, -33.387585], [-70.590933, -33.387578], [-70.590943, -33.387573], [-70.590953, -33.387567], [-70.590962, -33.387558], [-70.590972, -33.38755], [-70.590978, -33.387542], [-70.590985, -33.387533], [-70.590992, -33.387528], [-70.590998, -33.387525], [-70.591008, -33.387522], [-70.59102, -33.387515], [-70.591027, -33.38751], [-70.591033, -33.387502], [-70.591042, -33.387492], [-70.591053, -33.387483], [-70.591068, -33.387475], [-70.591082, -33.387468], [-70.591093, -33.387458], [-70.5911, -33.387448], [-70.591108, -33.387432], [-70.591117, -33.38742], [-70.591123, -33.38741], [-70.591135, -33.3874], [-70.59116, -33.387393], [-70.591185, -33.387385], [-70.591205, -33.387375], [-70.591227, -33.387367], [-70.591245, -33.387358], [-70.591258, -33.387353], [-70.591277, -33.387338], [-70.5913, -33.387322], [-70.591317, -33.38731], [-70.59133, -33.38729], [-70.591348, -33.387267], [-70.591365, -33.387252], [-70.59138, -33.387242], [-70.591398, -33.387222], [-70.591418, -33.387207], [-70.59144, -33.387187], [-70.591463, -33.387172], [-70.591483, -33.38716], [-70.591502, -33.387148], [-70.591522, -33.387132], [-70.591538, -33.387122], [-70.591555, -33.387108], [-70.591573, -33.38709], [-70.591592, -33.387072], [-70.591615, -33.38705], [-70.591633, -33.387033], [-70.591647, -33.38702], [-70.591662, -33.387003], [-70.591682, -33.386983], [-70.591697, -33.386967], [-70.59171, -33.386955], [-70.591725, -33.386937], [-70.591745, -33.386918], [-70.59176, -33.386907], [-70.59178, -33.386885], [-70.591792, -33.38687], [-70.591807, -33.386852], [-70.591825, -33.386832], [-70.591835, -33.386818], [-70.59185, -33.386805], [-70.591865, -33.386787], [-70.591877, -33.386768], [-70.591893, -33.386752], [-70.59191, -33.386735], [-70.59192, -33.386723], [-70.591933, -33.386707], [-70.591952, -33.386687], [-70.591965, -33.386672], [-70.59198, -33.386652], [-70.591997, -33.386635], [-70.592015, -33.38662], [-70.592032, -33.386612], [-70.592048, -33.386603], [-70.59207, -33.386595], [-70.592088, -33.386587], [-70.592105, -33.38658], [-70.592138, -33.386573], [-70.59217, -33.386572], [-70.592197, -33.386577], [-70.592218, -33.386582], [-70.59224, -33.386588], [-70.592265, -33.386598], [-70.592292, -33.386608], [-70.592315, -33.386625], [-70.592338, -33.386638], [-70.592358, -33.386652], [-70.59238, -33.386665], [-70.5924, -33.38668], [-70.592417, -33.386693], [-70.59244, -33.386713], [-70.592457, -33.38673], [-70.592477, -33.386745], [-70.592493, -33.38676], [-70.592508, -33.386773], [-70.59252, -33.386783], [-70.592535, -33.386803], [-70.592548, -33.386827], [-70.592563, -33.386847], [-70.592582, -33.386863], [-70.592603, -33.386878], [-70.592623, -33.386895], [-70.592642, -33.386905], [-70.592658, -33.386913], [-70.592685, -33.386933], [-70.592705, -33.386947], [-70.592723, -33.38696], [-70.592738, -33.386968], [-70.592763, -33.386982], [-70.592783, -33.386993], [-70.592803, -33.387005], [-70.592818, -33.387018], [-70.592838, -33.387037], [-70.592862, -33.387055], [-70.592877, -33.38707], [-70.592895, -33.387085], [-70.59291, -33.387095], [-70.592933, -33.387113], [-70.592952, -33.387123], [-70.59297, -33.387143], [-70.592982, -33.387153], [-70.593003, -33.387173], [-70.593022, -33.38719], [-70.593042, -33.387208], [-70.593062, -33.387218], [-70.593078, -33.387222], [-70.593098, -33.387232], [-70.593122, -33.387248], [-70.59314, -33.387263], [-70.593155, -33.387278], [-70.593177, -33.387292], [-70.593197, -33.38731], [-70.593218, -33.387328], [-70.59324, -33.387345], [-70.593255, -33.387355], [-70.593275, -33.38737], [-70.593298, -33.387388], [-70.593318, -33.3874], [-70.593333, -33.387412], [-70.593353, -33.387425], [-70.593373, -33.387442], [-70.593393, -33.38746], [-70.593418, -33.387478], [-70.59344, -33.387495], [-70.593462, -33.387512], [-70.593483, -33.387527], [-70.593505, -33.387543], [-70.593525, -33.387562], [-70.593548, -33.387573], [-70.59357, -33.387592], [-70.59359, -33.387612], [-70.59361, -33.38763], [-70.593628, -33.387647], [-70.593652, -33.387667], [-70.593672, -33.387685], [-70.593688, -33.387698], [-70.593705, -33.387715], [-70.593722, -33.387737], [-70.593743, -33.38775], [-70.593765, -33.387762], [-70.593787, -33.387777], [-70.593808, -33.387782], [-70.593832, -33.387798], [-70.593852, -33.387812], [-70.593872, -33.38783], [-70.59389, -33.387845], [-70.593908, -33.387857], [-70.593928, -33.387873], [-70.593948, -33.387885], [-70.59397, -33.387903], [-70.593995, -33.387922], [-70.594015, -33.387937], [-70.594037, -33.38795], [-70.594058, -33.387965], [-70.594078, -33.387978], [-70.5941, -33.387995], [-70.59412, -33.388008], [-70.594137, -33.388025], [-70.594157, -33.388042], [-70.594177, -33.388057], [-70.594195, -33.388072], [-70.594215, -33.388088], [-70.594233, -33.388103], [-70.594253, -33.388117], [-70.594273, -33.388132], [-70.59429, -33.388148], [-70.594308, -33.388165], [-70.59433, -33.388183], [-70.594352, -33.3882], [-70.594372, -33.388215], [-70.594392, -33.38823], [-70.594413, -33.388253], [-70.594433, -33.388273], [-70.594455, -33.388287], [-70.594473, -33.3883], [-70.594487, -33.388313], [-70.594508, -33.388327], [-70.594527, -33.388338], [-70.594545, -33.38835], [-70.594565, -33.388367], [-70.594585, -33.388382], [-70.594603, -33.388397], [-70.59462, -33.388415], [-70.594642, -33.388433], [-70.594663, -33.388452], [-70.594683, -33.388468], [-70.594705, -33.388483], [-70.594722, -33.388498], [-70.594742, -33.38851], [-70.59476, -33.388522], [-70.594778, -33.388533], [-70.594797, -33.388548], [-70.594813, -33.38856], [-70.594837, -33.388577], [-70.594853, -33.38859], [-70.594873, -33.388605], [-70.59489, -33.388617], [-70.594913, -33.388632], [-70.594932, -33.388648], [-70.594952, -33.388665], [-70.594967, -33.388673], [-70.594987, -33.388687], [-70.595013, -33.388702], [-70.595037, -33.388713], [-70.595058, -33.388725], [-70.595077, -33.388735], [-70.595102, -33.388747], [-70.595123, -33.388755], [-70.595148, -33.388765], [-70.59517, -33.388773], [-70.595188, -33.388778], [-70.595215, -33.388793], [-70.595238, -33.388803], [-70.595263, -33.388813], [-70.595285, -33.38882], [-70.595308, -33.38883], [-70.595337, -33.388842], [-70.595358, -33.388848], [-70.595385, -33.388857], [-70.595407, -33.388865], [-70.595438, -33.388875], [-70.595465, -33.388887], [-70.59549, -33.388898], [-70.59551, -33.388907], [-70.595533, -33.388913], [-70.595565, -33.388923], [-70.595592, -33.388932], [-70.595615, -33.388937], [-70.595635, -33.388942], [-70.595663, -33.38895], [-70.595697, -33.388957], [-70.595723, -33.388965], [-70.595748, -33.38897], [-70.595768, -33.388975], [-70.595798, -33.388987], [-70.595823, -33.388997], [-70.595848, -33.389008], [-70.595872, -33.389017], [-70.59589, -33.389023], [-70.595918, -33.389033], [-70.595943, -33.38904], [-70.595967, -33.389045], [-70.595985, -33.38905], [-70.596008, -33.389055], [-70.596037, -33.389065], [-70.596058, -33.389072], [-70.596083, -33.389078], [-70.596103, -33.389085], [-70.596128, -33.389092], [-70.596157, -33.3891], [-70.596182, -33.389108], [-70.5962, -33.389115], [-70.596225, -33.389123], [-70.596255, -33.38913], [-70.596278, -33.389135], [-70.596303, -33.389142], [-70.596323, -33.389145], [-70.59635, -33.389155], [-70.596368, -33.389158], [-70.596397, -33.389168], [-70.596422, -33.389177], [-70.59644, -33.389183], [-70.596468, -33.38919], [-70.596493, -33.389197], [-70.596517, -33.389203], [-70.59654, -33.389208], [-70.596563, -33.389217], [-70.596587, -33.389223], [-70.59661, -33.389233], [-70.596628, -33.389242], [-70.596652, -33.389248], [-70.59668, -33.389258], [-70.5967, -33.389263], [-70.596722, -33.389272], [-70.596738, -33.389278], [-70.59676, -33.389287], [-70.596788, -33.389297], [-70.596812, -33.389305], [-70.596835, -33.389315], [-70.596853, -33.389322], [-70.59688, -33.389332], [-70.596902, -33.389342], [-70.596922, -33.38935], [-70.59694, -33.389357], [-70.596965, -33.389365], [-70.596992, -33.389375], [-70.597015, -33.389387], [-70.597037, -33.389397], [-70.597053, -33.389405], [-70.597078, -33.38942], [-70.597095, -33.38943], [-70.597115, -33.389442], [-70.597137, -33.389452], [-70.597157, -33.389465], [-70.597182, -33.38948], [-70.597202, -33.389493], [-70.597223, -33.389507], [-70.597245, -33.389522], [-70.59726, -33.389532], [-70.597287, -33.389547], [-70.597307, -33.389555], [-70.597335, -33.389568], [-70.597353, -33.38958], [-70.597375, -33.389592], [-70.597397, -33.389603], [-70.597418, -33.389617], [-70.597433, -33.389627], [-70.597453, -33.38964], [-70.597477, -33.389655], [-70.597497, -33.389668], [-70.597518, -33.389682], [-70.597538, -33.389697], [-70.597558, -33.38971], [-70.59758, -33.389725], [-70.5976, -33.389737], [-70.597618, -33.389748], [-70.597633, -33.38976], [-70.597652, -33.389772], [-70.59767, -33.389785], [-70.597692, -33.389802], [-70.597708, -33.389815], [-70.597728, -33.389833], [-70.597747, -33.38985], [-70.597765, -33.389865], [-70.597785, -33.389878], [-70.597803, -33.389893], [-70.597823, -33.389908], [-70.597842, -33.38992], [-70.597865, -33.389937], [-70.59788, -33.389947], [-70.597898, -33.38996], [-70.597917, -33.389967], [-70.597933, -33.389978], [-70.59795, -33.38999], [-70.597972, -33.389997], [-70.597997, -33.390007], [-70.59802, -33.390015], [-70.59804, -33.390025], [-70.598057, -33.390032], [-70.598073, -33.390038], [-70.598087, -33.390048], [-70.598112, -33.390065], [-70.598137, -33.390083], [-70.598152, -33.3901], [-70.598167, -33.390115], [-70.598185, -33.390138], [-70.598207, -33.390162], [-70.59823, -33.390185], [-70.598248, -33.39021], [-70.598268, -33.390227], [-70.598292, -33.390248], [-70.598313, -33.39027], [-70.598333, -33.390288], [-70.598352, -33.390298], [-70.598365, -33.390303], [-70.598383, -33.390315], [-70.598405, -33.390332], [-70.598425, -33.390345], [-70.59844, -33.390357], [-70.59846, -33.390372], [-70.598483, -33.390387], [-70.598503, -33.3904], [-70.598523, -33.390415], [-70.59854, -33.390425], [-70.598558, -33.390442], [-70.59858, -33.390457], [-70.598602, -33.390473], [-70.598622, -33.390488], [-70.598638, -33.390502], [-70.59866, -33.390515], [-70.598685, -33.390532], [-70.598702, -33.390545], [-70.598723, -33.390558], [-70.59874, -33.39057], [-70.598758, -33.390583], [-70.598777, -33.390598], [-70.598795, -33.390612], [-70.598813, -33.390625], [-70.598833, -33.390642], [-70.598853, -33.390657], [-70.598873, -33.39067], [-70.598893, -33.390685], [-70.598912, -33.390698], [-70.598932, -33.390712], [-70.598952, -33.390725], [-70.598968, -33.390742], [-70.59899, -33.39076], [-70.599005, -33.390772], [-70.599027, -33.39079], [-70.599047, -33.390807], [-70.599062, -33.390817], [-70.599082, -33.39083], [-70.599102, -33.390845], [-70.59912, -33.390858], [-70.59914, -33.390872], [-70.599157, -33.390887], [-70.599177, -33.390902], [-70.599197, -33.390915], [-70.599215, -33.390928], [-70.599235, -33.390942], [-70.599253, -33.390953], [-70.599273, -33.390967], [-70.599292, -33.390982], [-70.59931, -33.390995], [-70.599328, -33.39101], [-70.599353, -33.391028], [-70.59937, -33.391042], [-70.599388, -33.391055], [-70.599407, -33.39107], [-70.599425, -33.391083], [-70.59944, -33.391098], [-70.59946, -33.391113], [-70.599483, -33.39113], [-70.5995, -33.391142], [-70.599518, -33.391152], [-70.599535, -33.391163], [-70.599553, -33.39118], [-70.599572, -33.391195], [-70.599588, -33.391207], [-70.599607, -33.39122], [-70.599623, -33.391235], [-70.599638, -33.39125], [-70.599658, -33.391268], [-70.599677, -33.391282], [-70.599692, -33.391292], [-70.599712, -33.391307], [-70.59973, -33.39132], [-70.59975, -33.391333], [-70.599772, -33.39135], [-70.59979, -33.391365], [-70.599805, -33.39138], [-70.599822, -33.391395], [-70.599845, -33.391413], [-70.599863, -33.39143], [-70.59988, -33.391443], [-70.5999, -33.391458], [-70.599925, -33.391475], [-70.599942, -33.391485], [-70.599963, -33.391498], [-70.599982, -33.391513], [-70.600003, -33.391527], [-70.600022, -33.39154], [-70.600042, -33.391553], [-70.600058, -33.391568], [-70.600075, -33.391585], [-70.600093, -33.3916], [-70.600115, -33.39162], [-70.600133, -33.391637], [-70.600147, -33.39165], [-70.600165, -33.391663], [-70.600188, -33.39168], [-70.600207, -33.391695], [-70.600227, -33.39171], [-70.600242, -33.39172], [-70.60026, -33.391735], [-70.600278, -33.391752], [-70.600297, -33.391767], [-70.600315, -33.391782], [-70.600332, -33.391798], [-70.600347, -33.391813], [-70.600365, -33.391828], [-70.600382, -33.391845], [-70.600398, -33.391862], [-70.600415, -33.39188], [-70.600432, -33.391897], [-70.600447, -33.391913], [-70.600462, -33.391928], [-70.600477, -33.391943], [-70.600492, -33.391963], [-70.600505, -33.391982], [-70.600522, -33.391998], [-70.600535, -33.392015], [-70.60055, -33.39203], [-70.600563, -33.392045], [-70.600578, -33.392062], [-70.600592, -33.392078], [-70.600605, -33.392095], [-70.600618, -33.392112], [-70.600632, -33.392132], [-70.600645, -33.392152], [-70.600657, -33.392172], [-70.600667, -33.392192], [-70.600678, -33.392212], [-70.600692, -33.39223], [-70.600708, -33.392248], [-70.600723, -33.392267], [-70.60074, -33.392283], [-70.600757, -33.392302], [-70.60077, -33.392318], [-70.600787, -33.392338], [-70.600802, -33.392355], [-70.600817, -33.392373], [-70.600833, -33.392392], [-70.600847, -33.392412], [-70.600862, -33.392428], [-70.600875, -33.392448], [-70.600892, -33.392465], [-70.600908, -33.392482], [-70.600922, -33.392498], [-70.600937, -33.392517], [-70.600952, -33.392535], [-70.600965, -33.392553], [-70.600978, -33.39257], [-70.600993, -33.392588], [-70.601008, -33.392607], [-70.601022, -33.392625], [-70.601037, -33.392643], [-70.60105, -33.392662], [-70.601063, -33.39268], [-70.601078, -33.3927], [-70.601097, -33.392725], [-70.601108, -33.39274], [-70.601122, -33.39276], [-70.601137, -33.39278], [-70.601152, -33.392798], [-70.601168, -33.392817], [-70.601183, -33.392837], [-70.601198, -33.392855], [-70.601215, -33.392875], [-70.60123, -33.39289], [-70.601247, -33.392907], [-70.601262, -33.392923], [-70.601277, -33.392945], [-70.601288, -33.392963], [-70.601303, -33.39298], [-70.601318, -33.393], [-70.601333, -33.393018], [-70.601347, -33.393038], [-70.601362, -33.393058], [-70.601373, -33.393077], [-70.601385, -33.393098], [-70.601397, -33.39312], [-70.601412, -33.39314], [-70.601425, -33.393162], [-70.601437, -33.393183], [-70.601448, -33.393203], [-70.601462, -33.393225], [-70.601472, -33.393245], [-70.60148, -33.393265], [-70.601487, -33.393285], [-70.60149, -33.393308], [-70.601492, -33.393332], [-70.601487, -33.393353], [-70.601478, -33.393377], [-70.601465, -33.393397], [-70.601448, -33.393417], [-70.60143, -33.393435], [-70.601407, -33.393452], [-70.601385, -33.393465], [-70.60136, -33.393475], [-70.601335, -33.393487], [-70.601308, -33.393497], [-70.601283, -33.393507], [-70.601258, -33.393515], [-70.601232, -33.39352], [-70.601207, -33.393527], [-70.601185, -33.393533], [-70.60116, -33.393543], [-70.601137, -33.39355], [-70.601112, -33.393558], [-70.601087, -33.393565], [-70.601062, -33.393573], [-70.601037, -33.39358], [-70.601012, -33.393588], [-70.600988, -33.393597], [-70.600963, -33.393603], [-70.600938, -33.39361], [-70.600912, -33.393615], [-70.600883, -33.39362], [-70.600857, -33.393625], [-70.60083, -33.393632], [-70.600803, -33.393638], [-70.600778, -33.393643], [-70.600752, -33.39365], [-70.600725, -33.393657], [-70.6007, -33.393662], [-70.600672, -33.393667], [-70.600648, -33.393672], [-70.600622, -33.393677], [-70.600602, -33.393685], [-70.600583, -33.393692], [-70.600563, -33.393697], [-70.600547, -33.393702], [-70.600528, -33.393705], [-70.600515, -33.39371], [-70.6005, -33.393715], [-70.600485, -33.393722], [-70.60047, -33.393727], [-70.600455, -33.39373], [-70.600437, -33.393733], [-70.60042, -33.393738], [-70.600403, -33.393743], [-70.600388, -33.393748], [-70.600373, -33.393753], [-70.60036, -33.393762], [-70.600348, -33.393767], [-70.600335, -33.39377], [-70.600323, -33.393777], [-70.600315, -33.393783], [-70.600307, -33.393788], [-70.600297, -33.393793], [-70.600285, -33.393798], [-70.60027, -33.3938], [-70.60025, -33.393805], [-70.600227, -33.393808], [-70.600203, -33.393815], [-70.600183, -33.39382], [-70.600157, -33.393825], [-70.60013, -33.39383], [-70.600102, -33.393833], [-70.600078, -33.39384], [-70.600052, -33.393848], [-70.600027, -33.393853], [-70.6, -33.39386], [-70.599975, -33.393868], [-70.599948, -33.393877], [-70.59992, -33.393883], [-70.599893, -33.393888], [-70.599867, -33.393897], [-70.599842, -33.393903], [-70.599817, -33.393912], [-70.59979, -33.393918], [-70.599765, -33.393923], [-70.599738, -33.393932], [-70.599712, -33.393938], [-70.599687, -33.393947], [-70.59966, -33.393953], [-70.599633, -33.39396], [-70.599607, -33.393968], [-70.59958, -33.393975], [-70.599553, -33.393982], [-70.599527, -33.39399], [-70.5995, -33.393998], [-70.599473, -33.394008], [-70.59945, -33.394018], [-70.599423, -33.394028], [-70.599397, -33.39404], [-70.599373, -33.394053], [-70.599352, -33.394068], [-70.599333, -33.394087], [-70.599318, -33.394108], [-70.599307, -33.394128], [-70.5993, -33.394152], [-70.599295, -33.394175], [-70.599295, -33.394198], [-70.599298, -33.394222], [-70.599305, -33.394243], [-70.599313, -33.394263], [-70.599323, -33.394282], [-70.599333, -33.3943], [-70.599343, -33.39432], [-70.599355, -33.394342], [-70.599363, -33.394363], [-70.599375, -33.394383], [-70.599387, -33.394405], [-70.599398, -33.394427], [-70.59941, -33.394448], [-70.599425, -33.394472], [-70.599438, -33.394493], [-70.59945, -33.394513], [-70.59946, -33.394535], [-70.59947, -33.394557], [-70.599477, -33.394575], [-70.599485, -33.394597], [-70.599497, -33.394618], [-70.599507, -33.394637], [-70.599513, -33.39466], [-70.599523, -33.39468], [-70.599533, -33.3947], [-70.599545, -33.394722], [-70.599557, -33.394745], [-70.599567, -33.394768], [-70.599578, -33.394788], [-70.59959, -33.394812], [-70.5996, -33.394832], [-70.59961, -33.394852], [-70.599622, -33.394872], [-70.599632, -33.394893], [-70.599645, -33.394917], [-70.599658, -33.394937], [-70.59967, -33.394957], [-70.599682, -33.394978], [-70.599693, -33.394998], [-70.599703, -33.395022], [-70.599712, -33.395045], [-70.59972, -33.395067], [-70.59973, -33.39509], [-70.599738, -33.395112], [-70.599747, -33.395135], [-70.599757, -33.395157], [-70.599765, -33.395178], [-70.599773, -33.395202], [-70.599783, -33.395223], [-70.599793, -33.395245], [-70.599805, -33.395268], [-70.599815, -33.39529], [-70.599825, -33.395312], [-70.599835, -33.395332], [-70.599847, -33.395353], [-70.599858, -33.395375], [-70.599868, -33.395397], [-70.599878, -33.395417], [-70.599888, -33.395437], [-70.599898, -33.395458], [-70.599907, -33.39548], [-70.599918, -33.395502], [-70.599932, -33.395522], [-70.599943, -33.39554], [-70.599955, -33.395562], [-70.599965, -33.395583], [-70.599975, -33.395605], [-70.599987, -33.395625], [-70.6, -33.395645], [-70.600017, -33.395663], [-70.600027, -33.395682], [-70.60004, -33.3957], [-70.600052, -33.395722], [-70.600065, -33.395745], [-70.600078, -33.395767], [-70.600092, -33.395788], [-70.600105, -33.39581], [-70.600117, -33.39583], [-70.600127, -33.395852], [-70.600137, -33.395872], [-70.600145, -33.395892], [-70.600157, -33.395912], [-70.600167, -33.395932], [-70.600178, -33.395952], [-70.600187, -33.395975], [-70.600197, -33.395998], [-70.600208, -33.39602], [-70.600218, -33.396042], [-70.60023, -33.396065], [-70.600242, -33.396087], [-70.600252, -33.39611], [-70.600263, -33.396133], [-70.600275, -33.396155], [-70.600287, -33.396177], [-70.600298, -33.396202], [-70.600308, -33.396227], [-70.600318, -33.396252], [-70.600328, -33.396275], [-70.600335, -33.396298], [-70.600343, -33.39632], [-70.600353, -33.396342], [-70.60036, -33.396365], [-70.600373, -33.396385], [-70.600382, -33.396407], [-70.600392, -33.396428], [-70.600402, -33.396452], [-70.600412, -33.396472], [-70.60042, -33.396493], [-70.600427, -33.396515], [-70.600435, -33.396535], [-70.600442, -33.396557], [-70.60045, -33.396577], [-70.600458, -33.3966], [-70.600467, -33.396623], [-70.600473, -33.396643], [-70.60048, -33.396665], [-70.600485, -33.396685], [-70.600488, -33.396702], [-70.600495, -33.396722], [-70.600502, -33.396742], [-70.600508, -33.396765], [-70.600517, -33.396787], [-70.600523, -33.396807], [-70.60053, -33.396828], [-70.600535, -33.396853], [-70.600542, -33.396877], [-70.600548, -33.396902], [-70.600555, -33.396925], [-70.600563, -33.39695], [-70.60057, -33.396973], [-70.600577, -33.396995], [-70.60058, -33.39702], [-70.600585, -33.397043], [-70.600592, -33.397067], [-70.600593, -33.397093], [-70.6006, -33.397118], [-70.600605, -33.397143], [-70.60061, -33.397167], [-70.600613, -33.397192], [-70.600618, -33.397215], [-70.600623, -33.397238], [-70.60063, -33.39726], [-70.600637, -33.39728], [-70.60064, -33.397303], [-70.600647, -33.397325], [-70.600655, -33.397348], [-70.600662, -33.397372], [-70.600668, -33.397393], [-70.600677, -33.397415], [-70.600683, -33.39744], [-70.60069, -33.397463], [-70.600697, -33.397487], [-70.600702, -33.397508], [-70.600708, -33.397532], [-70.600713, -33.397557], [-70.600717, -33.39758], [-70.60072, -33.397602], [-70.600725, -33.397627], [-70.600728, -33.39765], [-70.600732, -33.397673], [-70.600737, -33.397695], [-70.600742, -33.397718], [-70.600745, -33.397742], [-70.600748, -33.397765], [-70.600752, -33.397788], [-70.600755, -33.397808], [-70.60076, -33.397828], [-70.600767, -33.397847], [-70.600772, -33.397867], [-70.600777, -33.397885], [-70.60078, -33.397905], [-70.600783, -33.397925], [-70.600787, -33.397945], [-70.600788, -33.397963], [-70.60079, -33.397983], [-70.600793, -33.398002], [-70.600797, -33.398022], [-70.600802, -33.398042], [-70.600808, -33.39806], [-70.600815, -33.39808], [-70.60082, -33.398098], [-70.600823, -33.398118], [-70.600828, -33.398138], [-70.600833, -33.398158], [-70.600838, -33.39818], [-70.600845, -33.398202], [-70.60085, -33.398223], [-70.600853, -33.398243], [-70.600858, -33.398263], [-70.600862, -33.398285], [-70.600867, -33.39831], [-70.600872, -33.398333], [-70.600875, -33.398357], [-70.600878, -33.398382], [-70.600883, -33.398407], [-70.600888, -33.39843], [-70.600897, -33.398452], [-70.600902, -33.398473], [-70.600903, -33.398497], [-70.600905, -33.39852], [-70.600905, -33.398543], [-70.600907, -33.398568], [-70.600908, -33.398593], [-70.600913, -33.398617], [-70.600918, -33.398638], [-70.600923, -33.39866], [-70.600928, -33.398682], [-70.600932, -33.398707], [-70.600935, -33.39873], [-70.600942, -33.39875], [-70.600948, -33.398767], [-70.600958, -33.398788], [-70.600965, -33.398807], [-70.600972, -33.398827], [-70.600977, -33.398852], [-70.60098, -33.398873], [-70.600985, -33.398895], [-70.600988, -33.398917], [-70.600995, -33.398938], [-70.600998, -33.398962], [-70.601002, -33.398983], [-70.601005, -33.399008], [-70.601008, -33.399033], [-70.601013, -33.399057], [-70.601017, -33.399077], [-70.60102, -33.399098], [-70.601025, -33.399123], [-70.601032, -33.399145], [-70.60104, -33.399167], [-70.601047, -33.399188], [-70.60105, -33.399208], [-70.601053, -33.399232], [-70.601053, -33.399255], [-70.601057, -33.399277], [-70.60106, -33.399302], [-70.601063, -33.399323], [-70.601068, -33.399345], [-70.601073, -33.399368], [-70.601078, -33.399392], [-70.60108, -33.399413], [-70.601082, -33.399437], [-70.601082, -33.399462], [-70.601083, -33.399485], [-70.601088, -33.399508], [-70.601093, -33.39953], [-70.601097, -33.39955], [-70.601102, -33.39957], [-70.601105, -33.399592], [-70.601108, -33.399613], [-70.601112, -33.399635], [-70.601117, -33.399657], [-70.601123, -33.399678], [-70.601128, -33.3997], [-70.601133, -33.399722], [-70.601137, -33.399745], [-70.601138, -33.399767], [-70.601145, -33.399787], [-70.601148, -33.399808], [-70.601155, -33.399823], [-70.601163, -33.399838], [-70.601168, -33.39985], [-70.601167, -33.399862], [-70.601168, -33.399875], [-70.601165, -33.399892], [-70.601165, -33.399907], [-70.601163, -33.399923], [-70.601165, -33.39994], [-70.601165, -33.399955], [-70.601167, -33.399968], [-70.601167, -33.399983], [-70.601167, -33.399997], [-70.601175, -33.40001], [-70.60119, -33.400023], [-70.601205, -33.400033], [-70.601207, -33.400045], [-70.601205, -33.40006], [-70.601202, -33.400073], [-70.601203, -33.400087], [-70.601207, -33.400098], [-70.601208, -33.40011], [-70.601212, -33.400122], [-70.601213, -33.400135], [-70.601215, -33.400145], [-70.601218, -33.400158], [-70.601222, -33.400168], [-70.601225, -33.40018], [-70.601228, -33.40019], [-70.60123, -33.400203], [-70.601233, -33.400218], [-70.601235, -33.400235], [-70.601238, -33.40025], [-70.60124, -33.400265], [-70.601245, -33.40028], [-70.601252, -33.400293], [-70.601257, -33.400307], [-70.60126, -33.400318], [-70.60126, -33.400332], [-70.60126, -33.400345], [-70.601263, -33.400358], [-70.601265, -33.400377], [-70.60127, -33.400395], [-70.601275, -33.400415], [-70.601277, -33.400437], [-70.601278, -33.400457], [-70.601283, -33.40048], [-70.601285, -33.4005], [-70.601292, -33.400518], [-70.601295, -33.400542], [-70.601297, -33.400563], [-70.601303, -33.400585], [-70.601305, -33.400607], [-70.601307, -33.400628], [-70.601307, -33.40065], [-70.601307, -33.400675], [-70.601308, -33.400697], [-70.601313, -33.400715], [-70.601318, -33.400735], [-70.601323, -33.400758], [-70.601325, -33.400778], [-70.601328, -33.4008], [-70.60133, -33.400823], [-70.601332, -33.400847], [-70.601338, -33.400868], [-70.601343, -33.40089], [-70.601347, -33.400912], [-70.601347, -33.400935], [-70.601352, -33.400957], [-70.601355, -33.40098], [-70.601357, -33.401002], [-70.60136, -33.401025], [-70.601365, -33.401045], [-70.601368, -33.401067], [-70.601368, -33.40109], [-70.601372, -33.40111], [-70.601373, -33.401133], [-70.601375, -33.401157], [-70.601378, -33.401178], [-70.60138, -33.401202], [-70.601383, -33.40122], [-70.601387, -33.401243], [-70.60139, -33.401267], [-70.601393, -33.40129], [-70.601398, -33.401312], [-70.6014, -33.401337], [-70.601405, -33.40136], [-70.60141, -33.401382], [-70.601412, -33.401405], [-70.601415, -33.401428], [-70.60142, -33.401453], [-70.601425, -33.401478], [-70.60143, -33.401502], [-70.601435, -33.401527], [-70.60144, -33.40155], [-70.601443, -33.401573], [-70.601448, -33.401597], [-70.601452, -33.401618], [-70.601453, -33.401642], [-70.601455, -33.401665], [-70.601458, -33.401688], [-70.601462, -33.40171], [-70.601467, -33.401735], [-70.601472, -33.401758], [-70.601473, -33.401782], [-70.601478, -33.401803], [-70.601485, -33.401828], [-70.601492, -33.401852], [-70.601497, -33.401873], [-70.6015, -33.401895], [-70.601503, -33.401917], [-70.601507, -33.401938], [-70.60151, -33.401963], [-70.601512, -33.401985], [-70.601515, -33.40201], [-70.601518, -33.402033], [-70.601523, -33.402057], [-70.601527, -33.402078], [-70.601532, -33.4021], [-70.601538, -33.402122], [-70.601545, -33.402143], [-70.601552, -33.402163], [-70.601557, -33.402185], [-70.601558, -33.402207], [-70.601562, -33.402227], [-70.601562, -33.402247], [-70.601565, -33.402267], [-70.601568, -33.402288], [-70.60157, -33.40231], [-70.601572, -33.40233], [-70.601575, -33.402348], [-70.601578, -33.402368], [-70.601583, -33.40239], [-70.601588, -33.40241], [-70.601593, -33.402432], [-70.601597, -33.402452], [-70.6016, -33.402473], [-70.601605, -33.402493], [-70.601608, -33.402513], [-70.60161, -33.402537], [-70.601615, -33.402562], [-70.601622, -33.402588], [-70.601627, -33.402613], [-70.601633, -33.402637], [-70.601637, -33.402658], [-70.601642, -33.402678], [-70.601647, -33.402698], [-70.60165, -33.402718], [-70.601653, -33.40274], [-70.601655, -33.402762], [-70.601657, -33.402782], [-70.601662, -33.402803], [-70.601663, -33.402823], [-70.601665, -33.402845], [-70.60167, -33.40287], [-70.601675, -33.402893], [-70.60168, -33.402915], [-70.60168, -33.402937], [-70.601683, -33.40296], [-70.601685, -33.402983], [-70.601688, -33.403005], [-70.601692, -33.403025], [-70.601698, -33.403047], [-70.601707, -33.403068], [-70.601713, -33.403088], [-70.601718, -33.40311], [-70.601723, -33.40313], [-70.601727, -33.40315], [-70.60173, -33.403173], [-70.601733, -33.403195], [-70.601737, -33.403217], [-70.601742, -33.403238], [-70.601748, -33.403262], [-70.60175, -33.403282], [-70.60175, -33.4033], [-70.601752, -33.403322], [-70.601753, -33.403343], [-70.601753, -33.403365], [-70.601757, -33.403387], [-70.601757, -33.403408], [-70.601757, -33.403432], [-70.60176, -33.403455], [-70.601765, -33.403478], [-70.60177, -33.403502], [-70.601772, -33.403525], [-70.601775, -33.403545], [-70.601778, -33.403565], [-70.60178, -33.403585], [-70.601782, -33.403603], [-70.601782, -33.403623], [-70.60178, -33.403643], [-70.601778, -33.403665], [-70.601775, -33.403685], [-70.601772, -33.403705], [-70.60177, -33.403728], [-70.601767, -33.40375], [-70.601765, -33.403773], [-70.601762, -33.403797], [-70.60176, -33.403817], [-70.601755, -33.403837], [-70.601752, -33.403857], [-70.601748, -33.403878], [-70.601743, -33.403898], [-70.601738, -33.403918], [-70.60173, -33.403938], [-70.601722, -33.403958], [-70.601713, -33.403978], [-70.601703, -33.403998], [-70.601693, -33.404017], [-70.60168, -33.404035], [-70.601667, -33.404053], [-70.601655, -33.404073], [-70.601643, -33.404093], [-70.601632, -33.404112], [-70.60162, -33.40413], [-70.601607, -33.404145], [-70.601593, -33.40416], [-70.60158, -33.404178], [-70.601572, -33.404195], [-70.601563, -33.404213], [-70.601553, -33.404232], [-70.601542, -33.404252], [-70.601532, -33.404268], [-70.601522, -33.404287], [-70.601515, -33.404307], [-70.601513, -33.404323], [-70.601513, -33.404338], [-70.601515, -33.404352], [-70.601515, -33.404365], [-70.601512, -33.404377], [-70.60151, -33.404392], [-70.601507, -33.404407], [-70.601503, -33.40442], [-70.601498, -33.404432], [-70.601493, -33.40444], [-70.601487, -33.404445], [-70.601477, -33.40446], [-70.60148, -33.40448], [-70.60148, -33.404495], [-70.601473, -33.404507], [-70.60147, -33.404518], [-70.601468, -33.404533], [-70.601467, -33.404547], [-70.601463, -33.40456], [-70.601458, -33.404573], [-70.60145, -33.404588], [-70.601447, -33.404602], [-70.60144, -33.404617], [-70.601437, -33.404628], [-70.601437, -33.40464], [-70.601432, -33.404653], [-70.601425, -33.404667], [-70.601418, -33.404678], [-70.601413, -33.40469], [-70.601408, -33.404705], [-70.601402, -33.404718], [-70.601398, -33.404732], [-70.601392, -33.404742], [-70.601387, -33.404755], [-70.60138, -33.404767], [-70.601378, -33.404777], [-70.601375, -33.404785], [-70.60137, -33.404793], [-70.601365, -33.404802], [-70.60136, -33.40481], [-70.601357, -33.40482], [-70.60135, -33.404832], [-70.601348, -33.404843], [-70.601345, -33.404855], [-70.601343, -33.404867], [-70.601343, -33.404878], [-70.60134, -33.404887], [-70.601335, -33.404895], [-70.601332, -33.404903], [-70.601327, -33.404912], [-70.601322, -33.404922], [-70.601317, -33.40493], [-70.601312, -33.40494], [-70.601307, -33.40495], [-70.601305, -33.404962], [-70.601303, -33.40497], [-70.601302, -33.404977], [-70.6013, -33.404985], [-70.601298, -33.404993], [-70.601298, -33.405005], [-70.601297, -33.405018], [-70.601292, -33.40503], [-70.601285, -33.40504], [-70.601277, -33.405052], [-70.601268, -33.405063], [-70.601263, -33.405075], [-70.601253, -33.405083], [-70.601247, -33.405093], [-70.60124, -33.405105], [-70.601235, -33.405118], [-70.60123, -33.40513], [-70.601227, -33.405142], [-70.601222, -33.405148], [-70.60122, -33.405158], [-70.601218, -33.40517], [-70.601215, -33.405182], [-70.601215, -33.405193], [-70.601215, -33.405205], [-70.601213, -33.405217], [-70.601212, -33.405228], [-70.601207, -33.405238], [-70.601203, -33.405252], [-70.601202, -33.405265], [-70.601198, -33.405283], [-70.601187, -33.405302], [-70.601177, -33.405318], [-70.601168, -33.40534], [-70.60116, -33.405362], [-70.601148, -33.405383], [-70.601138, -33.405403], [-70.60113, -33.405422], [-70.601117, -33.405445], [-70.601107, -33.40546], [-70.601097, -33.405478], [-70.601087, -33.405497], [-70.601078, -33.405518], [-70.60107, -33.405537], [-70.601063, -33.405558], [-70.601055, -33.40558], [-70.601047, -33.405602], [-70.601033, -33.405628], [-70.601023, -33.405648], [-70.601012, -33.405667], [-70.601003, -33.405682], [-70.60099, -33.405707], [-70.60098, -33.405728], [-70.600972, -33.405748], [-70.600963, -33.405763], [-70.600952, -33.405783], [-70.600947, -33.40581], [-70.600945, -33.405833], [-70.600943, -33.40585], [-70.60094, -33.405873], [-70.600935, -33.405895], [-70.600933, -33.40592], [-70.60093, -33.405943], [-70.600918, -33.405968], [-70.60091, -33.405993], [-70.600908, -33.40602], [-70.60091, -33.406043], [-70.60091, -33.406068], [-70.600912, -33.406098], [-70.600915, -33.406125], [-70.600918, -33.406148], [-70.60092, -33.406168], [-70.600923, -33.406192], [-70.600928, -33.406213], [-70.600935, -33.406235], [-70.60094, -33.406258], [-70.60094, -33.40628], [-70.60094, -33.406303], [-70.600942, -33.406327], [-70.600942, -33.406348], [-70.600943, -33.406372], [-70.600947, -33.406393], [-70.600948, -33.406413], [-70.60095, -33.406435], [-70.60095, -33.406457], [-70.600952, -33.40648], [-70.600953, -33.406503], [-70.600955, -33.406523], [-70.600953, -33.406547], [-70.600953, -33.406568], [-70.600953, -33.406592], [-70.600957, -33.406613], [-70.60096, -33.406632], [-70.600965, -33.406653], [-70.600968, -33.406675], [-70.60097, -33.406698], [-70.600972, -33.40672], [-70.600973, -33.40674], [-70.600973, -33.406762], [-70.600972, -33.406783], [-70.600968, -33.406803], [-70.600963, -33.406823], [-70.600958, -33.406847], [-70.600957, -33.40687], [-70.600953, -33.406892], [-70.600948, -33.406913], [-70.600945, -33.406935], [-70.60094, -33.406955], [-70.600935, -33.406978], [-70.60093, -33.407], [-70.600925, -33.407023], [-70.600918, -33.407045], [-70.600912, -33.407065], [-70.600905, -33.407088], [-70.600895, -33.407108], [-70.600885, -33.40713], [-70.600877, -33.407148], [-70.600867, -33.407163], [-70.600858, -33.40718], [-70.600848, -33.407193], [-70.600842, -33.407213], [-70.600832, -33.40723], [-70.600823, -33.407247], [-70.600817, -33.407262], [-70.600808, -33.407278], [-70.6008, -33.407298], [-70.600795, -33.407313], [-70.600787, -33.407338], [-70.600777, -33.407362], [-70.600765, -33.407383], [-70.600752, -33.407405], [-70.600742, -33.407425], [-70.600737, -33.407447], [-70.60073, -33.407467], [-70.600723, -33.40749], [-70.600717, -33.407512], [-70.60071, -33.407533], [-70.600705, -33.407553], [-70.6007, -33.407575], [-70.60069, -33.407598], [-70.600682, -33.407617], [-70.60067, -33.407635], [-70.600657, -33.407652], [-70.600642, -33.407667], [-70.600623, -33.407683], [-70.600603, -33.407695], [-70.600582, -33.407703], [-70.600558, -33.407712], [-70.600538, -33.407722], [-70.600522, -33.407735], [-70.600508, -33.407755], [-70.600508, -33.407777], [-70.60052, -33.407785], [-70.600533, -33.407803], [-70.600552, -33.407818], [-70.600585, -33.407835], [-70.600602, -33.40785], [-70.600617, -33.407858], [-70.600635, -33.407872], [-70.600653, -33.407888], [-70.60067, -33.407902], [-70.600688, -33.407913], [-70.600707, -33.407923], [-70.600727, -33.407937], [-70.60074, -33.407948], [-70.600753, -33.407962], [-70.600763, -33.407972], [-70.600775, -33.40798], [-70.600787, -33.407992], [-70.6008, -33.408002], [-70.600815, -33.408015], [-70.600832, -33.408027], [-70.600848, -33.408043], [-70.600867, -33.408058], [-70.600883, -33.408073], [-70.6009, -33.408092], [-70.60092, -33.408112], [-70.60094, -33.408128], [-70.600958, -33.408145], [-70.600977, -33.408162], [-70.600993, -33.40818], [-70.601008, -33.408198], [-70.601025, -33.408218], [-70.601045, -33.40824], [-70.601062, -33.408257], [-70.601077, -33.408273], [-70.601092, -33.408297], [-70.601107, -33.408317], [-70.601125, -33.408337], [-70.601143, -33.408357], [-70.601157, -33.408375], [-70.601175, -33.408393], [-70.601198, -33.408417], [-70.601213, -33.408435], [-70.601228, -33.408457], [-70.601243, -33.408478], [-70.601258, -33.408503], [-70.601273, -33.408525], [-70.601288, -33.408543], [-70.601305, -33.408565], [-70.601322, -33.40859], [-70.601342, -33.40861], [-70.601362, -33.408628], [-70.601382, -33.408645], [-70.601402, -33.408662], [-70.601418, -33.40868], [-70.601435, -33.408697], [-70.601448, -33.408717], [-70.601465, -33.408738], [-70.601485, -33.40876], [-70.6015, -33.408775], [-70.601518, -33.408793], [-70.601538, -33.40881], [-70.601558, -33.408825], [-70.601578, -33.408845], [-70.601595, -33.408863], [-70.601613, -33.408878], [-70.60163, -33.408893], [-70.601645, -33.40891], [-70.60166, -33.408927], [-70.601677, -33.408945], [-70.601695, -33.408965], [-70.60171, -33.408983], [-70.601728, -33.409], [-70.601747, -33.409018], [-70.601768, -33.409038], [-70.601787, -33.409058], [-70.601805, -33.409077], [-70.60182, -33.409097], [-70.601838, -33.409117], [-70.601855, -33.40914], [-70.601873, -33.40916], [-70.601893, -33.409178], [-70.601912, -33.409197], [-70.601928, -33.409213], [-70.601948, -33.409228], [-70.601968, -33.409245], [-70.60199, -33.409262], [-70.60201, -33.409277], [-70.602028, -33.409293], [-70.602047, -33.409312], [-70.602062, -33.409332], [-70.602078, -33.409348], [-70.60209, -33.409368], [-70.602103, -33.409387], [-70.602117, -33.409407], [-70.602128, -33.409425], [-70.602142, -33.409443], [-70.602153, -33.409463], [-70.602163, -33.409485], [-70.602173, -33.409505], [-70.60218, -33.409527], [-70.602187, -33.409548], [-70.602193, -33.40957], [-70.602202, -33.409592], [-70.60221, -33.409615], [-70.602217, -33.409633], [-70.602222, -33.409658], [-70.60223, -33.409682], [-70.602238, -33.409702], [-70.60225, -33.409718], [-70.60225, -33.409745], [-70.602257, -33.409765], [-70.602273, -33.409785], [-70.602292, -33.409795], [-70.602305, -33.409813], [-70.602322, -33.409827], [-70.602328, -33.409847], [-70.602338, -33.409867], [-70.602345, -33.409883], [-70.602352, -33.4099], [-70.60236, -33.40992], [-70.602373, -33.409937], [-70.602385, -33.409958], [-70.602395, -33.409978], [-70.602407, -33.410002], [-70.602415, -33.41002], [-70.602427, -33.410038], [-70.60244, -33.41006], [-70.602452, -33.41008], [-70.602465, -33.4101], [-70.602478, -33.41012], [-70.60249, -33.41014], [-70.602502, -33.41016], [-70.60251, -33.410182], [-70.602523, -33.410203], [-70.602538, -33.410227], [-70.602553, -33.41025], [-70.602572, -33.410272], [-70.602587, -33.410292], [-70.602602, -33.410312], [-70.602613, -33.410333], [-70.602627, -33.410353], [-70.602638, -33.410372], [-70.602648, -33.410397], [-70.602662, -33.410425], [-70.60267, -33.410443], [-70.602678, -33.410468], [-70.602683, -33.410497], [-70.602693, -33.410518], [-70.602703, -33.41054], [-70.602717, -33.410563], [-70.602725, -33.410587], [-70.602733, -33.410612], [-70.602745, -33.410633], [-70.602757, -33.410652], [-70.602768, -33.410672], [-70.602778, -33.41069], [-70.602787, -33.41071], [-70.602795, -33.410732], [-70.602802, -33.410757], [-70.602807, -33.410787], [-70.602808, -33.410812], [-70.602812, -33.410837], [-70.60282, -33.410853], [-70.602832, -33.41087], [-70.602847, -33.410887], [-70.602862, -33.410903], [-70.60287, -33.41092], [-70.60288, -33.410932], [-70.602887, -33.410947], [-70.602897, -33.410965], [-70.602908, -33.410987], [-70.602917, -33.411005], [-70.602927, -33.411027], [-70.602937, -33.411045], [-70.60295, -33.411067], [-70.602968, -33.411085], [-70.602985, -33.411105], [-70.602998, -33.411123], [-70.603012, -33.41114], [-70.603028, -33.411157], [-70.603045, -33.411178], [-70.60306, -33.411195], [-70.603075, -33.411215], [-70.603092, -33.411235], [-70.603108, -33.411257], [-70.60314, -33.41128], [-70.603173, -33.411303], [-70.603203, -33.411325], [-70.603225, -33.411348], [-70.60324, -33.411368], [-70.603253, -33.411388], [-70.603267, -33.411407], [-70.603278, -33.411423], [-70.603298, -33.41144], [-70.603317, -33.411457], [-70.603337, -33.411475], [-70.603352, -33.411495], [-70.603367, -33.411515], [-70.60338, -33.411533], [-70.603393, -33.411552], [-70.603405, -33.41157], [-70.603418, -33.411588], [-70.603433, -33.411608], [-70.603448, -33.411627], [-70.603463, -33.411648], [-70.603477, -33.411672], [-70.603492, -33.411692], [-70.603505, -33.411712], [-70.60351, -33.411735], [-70.60352, -33.41176], [-70.603533, -33.411782], [-70.603548, -33.411802], [-70.603567, -33.411818], [-70.603582, -33.41184], [-70.603597, -33.41186], [-70.603607, -33.411878], [-70.603615, -33.411898], [-70.603623, -33.41192], [-70.603633, -33.411942], [-70.603648, -33.411958], [-70.603665, -33.411975], [-70.603677, -33.411993], [-70.603687, -33.412015], [-70.603695, -33.412037], [-70.603702, -33.41206], [-70.603707, -33.412082], [-70.60371, -33.412107], [-70.60372, -33.412127], [-70.603735, -33.412145], [-70.603748, -33.412165], [-70.60376, -33.412187], [-70.603772, -33.412208], [-70.603783, -33.412227], [-70.6038, -33.412245], [-70.603813, -33.412262], [-70.603828, -33.412282], [-70.60384, -33.412298], [-70.60385, -33.412317], [-70.60386, -33.412337], [-70.60387, -33.412358], [-70.60388, -33.412378], [-70.603887, -33.412398], [-70.603887, -33.41242], [-70.6039, -33.41244], [-70.603913, -33.412463], [-70.603927, -33.412487], [-70.603938, -33.412507], [-70.603942, -33.412535], [-70.603952, -33.412558], [-70.603963, -33.412578], [-70.603977, -33.412598], [-70.603983, -33.412622], [-70.603987, -33.412647], [-70.60399, -33.412673], [-70.603992, -33.412705], [-70.603998, -33.412732], [-70.604013, -33.41276], [-70.604027, -33.41278], [-70.604037, -33.412802], [-70.604045, -33.412823], [-70.604057, -33.412842], [-70.604055, -33.412873], [-70.604062, -33.412888], [-70.604072, -33.412903], [-70.60408, -33.412923], [-70.60409, -33.412948], [-70.604107, -33.412968], [-70.60412, -33.412988], [-70.60413, -33.413008], [-70.604137, -33.413025], [-70.604142, -33.413045], [-70.60415, -33.413068], [-70.604155, -33.413092], [-70.604155, -33.413118], [-70.60415, -33.413145], [-70.604163, -33.413158], [-70.604185, -33.413168], [-70.604203, -33.413178], [-70.604218, -33.413188], [-70.604232, -33.413202], [-70.604243, -33.413218], [-70.604255, -33.413233], [-70.604267, -33.413253], [-70.604267, -33.413253], [-70.60429, -33.41329], [-70.604303, -33.413307], [-70.604315, -33.413325], [-70.604327, -33.413345], [-70.604337, -33.413365], [-70.604352, -33.413383], [-70.604365, -33.413407], [-70.604377, -33.413425], [-70.604392, -33.413445], [-70.604408, -33.413463], [-70.604425, -33.413483], [-70.60444, -33.4135], [-70.604452, -33.413518], [-70.604467, -33.413535], [-70.604487, -33.413552], [-70.6045, -33.413568], [-70.604513, -33.413585], [-70.604523, -33.413602], [-70.604535, -33.413615], [-70.604567, -33.41362], [-70.60459, -33.413603], [-70.604618, -33.413608], [-70.60464, -33.413613], [-70.604652, -33.413623], [-70.604663, -33.413635], [-70.604677, -33.413647], [-70.604688, -33.41366], [-70.604698, -33.413673], [-70.604707, -33.413687], [-70.604715, -33.413697], [-70.604722, -33.41371], [-70.60473, -33.41372], [-70.604737, -33.413732], [-70.604747, -33.413743], [-70.604758, -33.413757], [-70.604768, -33.413768], [-70.604778, -33.413778], [-70.604783, -33.413783], [-70.604792, -33.41379], [-70.604802, -33.413798], [-70.604808, -33.413808], [-70.604815, -33.413813], [-70.60482, -33.413825], [-70.604825, -33.413835], [-70.604832, -33.413847], [-70.604843, -33.413857], [-70.604858, -33.413867], [-70.604868, -33.413875], [-70.60488, -33.413887], [-70.604895, -33.4139], [-70.604903, -33.413913], [-70.60492, -33.41393], [-70.60494, -33.413955], [-70.604955, -33.413975], [-70.60497, -33.414], [-70.60499, -33.414022], [-70.605005, -33.414042], [-70.605015, -33.414055], [-70.60503, -33.414072], [-70.605043, -33.414087], [-70.605057, -33.414102], [-70.60507, -33.414122], [-70.605078, -33.414138], [-70.605093, -33.414155], [-70.605108, -33.414168], [-70.605125, -33.414185], [-70.605133, -33.414212], [-70.605148, -33.414228], [-70.605162, -33.414247], [-70.605172, -33.414267], [-70.605182, -33.414282], [-70.605192, -33.414302], [-70.605207, -33.414317], [-70.605233, -33.414337], [-70.60525, -33.414358], [-70.605262, -33.414387], [-70.605272, -33.414412], [-70.605283, -33.414432], [-70.605297, -33.41445], [-70.605313, -33.414467], [-70.60533, -33.414482], [-70.605348, -33.414495], [-70.605363, -33.414512], [-70.60538, -33.414527], [-70.605398, -33.414542], [-70.605417, -33.414557], [-70.605435, -33.414578], [-70.605453, -33.414598], [-70.605472, -33.414615], [-70.60549, -33.414633], [-70.605508, -33.414647], [-70.605527, -33.414667], [-70.605543, -33.41468], [-70.605562, -33.414703], [-70.605583, -33.414723], [-70.6056, -33.414742], [-70.605618, -33.414775], [-70.605645, -33.414812], [-70.60566, -33.414845], [-70.605672, -33.41487], [-70.605687, -33.414895], [-70.605713, -33.414923], [-70.605737, -33.41495], [-70.60575, -33.414972], [-70.605758, -33.41498], [-70.605772, -33.414993], [-70.605792, -33.415013], [-70.605812, -33.415033], [-70.60583, -33.415055], [-70.605848, -33.415075], [-70.605865, -33.415093], [-70.605882, -33.415107], [-70.605897, -33.41512], [-70.605913, -33.415138], [-70.605927, -33.415153], [-70.60594, -33.415168], [-70.605952, -33.415185], [-70.60596, -33.415197], [-70.60597, -33.415213], [-70.60598, -33.41523], [-70.60599, -33.415245], [-70.605993, -33.415262], [-70.606005, -33.415275], [-70.60601, -33.415293], [-70.606022, -33.41531], [-70.606038, -33.41532], [-70.60605, -33.415335], [-70.606068, -33.41535], [-70.606098, -33.415362], [-70.606115, -33.41538], [-70.606127, -33.415398], [-70.606142, -33.41542], [-70.606163, -33.41544], [-70.606185, -33.415458], [-70.606207, -33.415478], [-70.60623, -33.415498], [-70.60625, -33.41552], [-70.606262, -33.41554], [-70.606277, -33.415562], [-70.606295, -33.415582], [-70.606317, -33.415595], [-70.606337, -33.415612], [-70.60636, -33.415635], [-70.606377, -33.415662], [-70.60639, -33.415678], [-70.606408, -33.415692], [-70.60642, -33.415705], [-70.60643, -33.415715], [-70.606442, -33.41573], [-70.606455, -33.415743], [-70.606463, -33.41575], [-70.606472, -33.41576], [-70.606482, -33.415772], [-70.60649, -33.415787], [-70.606503, -33.41581], [-70.606513, -33.415828], [-70.606523, -33.415842], [-70.606532, -33.415852], [-70.606538, -33.41586], [-70.606542, -33.41587], [-70.606552, -33.415883], [-70.606562, -33.415897], [-70.606575, -33.415912], [-70.606592, -33.415928], [-70.60661, -33.415947], [-70.606628, -33.415963], [-70.606648, -33.415977], [-70.606665, -33.415988], [-70.606688, -33.416003], [-70.606715, -33.416023], [-70.60674, -33.416038], [-70.606763, -33.416057], [-70.606785, -33.416073], [-70.606808, -33.416087], [-70.60683, -33.416107], [-70.60685, -33.416125], [-70.60687, -33.416142], [-70.606888, -33.41616], [-70.606908, -33.416177], [-70.60693, -33.416202], [-70.606948, -33.416228], [-70.60697, -33.416253], [-70.606987, -33.416278], [-70.607003, -33.416305], [-70.60702, -33.416333], [-70.607035, -33.416358], [-70.607048, -33.41638], [-70.607062, -33.416403], [-70.607075, -33.416423], [-70.607098, -33.416443], [-70.607117, -33.416465], [-70.607138, -33.416487], [-70.607158, -33.416512], [-70.607173, -33.416533], [-70.607187, -33.416555], [-70.6072, -33.416573], [-70.607213, -33.416593], [-70.607225, -33.416615], [-70.607237, -33.416638], [-70.607248, -33.416662], [-70.607262, -33.416682], [-70.607277, -33.4167], [-70.607295, -33.416718], [-70.607322, -33.416738], [-70.60734, -33.416755], [-70.607358, -33.416772], [-70.607372, -33.416788], [-70.60739, -33.41681], [-70.607407, -33.416832], [-70.607418, -33.416857], [-70.607433, -33.41688], [-70.607442, -33.416907], [-70.607457, -33.41693], [-70.607478, -33.416953], [-70.6075, -33.416973], [-70.607525, -33.416993], [-70.607555, -33.417013], [-70.607573, -33.417032], [-70.6076, -33.417057], [-70.607615, -33.417072], [-70.607637, -33.417097], [-70.607658, -33.417117], [-70.60768, -33.417142], [-70.607705, -33.417165], [-70.607727, -33.41719], [-70.607745, -33.417212], [-70.607768, -33.41724], [-70.607785, -33.417268], [-70.607798, -33.417293], [-70.607812, -33.417315], [-70.607827, -33.417337], [-70.607842, -33.417358], [-70.607857, -33.41738], [-70.607868, -33.417398], [-70.607883, -33.417418], [-70.607898, -33.417437], [-70.607917, -33.41745], [-70.607937, -33.417468], [-70.60796, -33.41749], [-70.607977, -33.417503], [-70.607995, -33.417522], [-70.608013, -33.417535], [-70.608028, -33.41755], [-70.608045, -33.417563], [-70.608067, -33.41758], [-70.608087, -33.417598], [-70.60811, -33.417615], [-70.608135, -33.41763], [-70.608153, -33.417647], [-70.60817, -33.417662], [-70.608185, -33.417677], [-70.6082, -33.417688], [-70.608218, -33.4177], [-70.608233, -33.417702], [-70.60825, -33.417718], [-70.60827, -33.41774], [-70.60829, -33.417763], [-70.608313, -33.417788], [-70.608328, -33.4178], [-70.608347, -33.417807], [-70.608363, -33.417813], [-70.608375, -33.417813], [-70.608383, -33.417818], [-70.608395, -33.417828], [-70.608407, -33.417837], [-70.608418, -33.417848], [-70.60843, -33.417863], [-70.608445, -33.417877], [-70.60846, -33.417892], [-70.608478, -33.417905], [-70.6085, -33.417923], [-70.608518, -33.417938], [-70.608532, -33.417957], [-70.608547, -33.417973], [-70.608572, -33.417987], [-70.608597, -33.418002], [-70.608622, -33.418017], [-70.608642, -33.418033], [-70.60866, -33.418047], [-70.60868, -33.418062], [-70.608697, -33.418078], [-70.608715, -33.418095], [-70.608733, -33.418112], [-70.60875, -33.418128], [-70.608768, -33.418142], [-70.608785, -33.41816], [-70.608802, -33.418175], [-70.608818, -33.418192], [-70.608835, -33.418207], [-70.608853, -33.418223], [-70.608868, -33.41824], [-70.608883, -33.418257], [-70.608897, -33.418275], [-70.608913, -33.418292], [-70.60893, -33.418308], [-70.608945, -33.418328], [-70.60896, -33.418343], [-70.608977, -33.418362], [-70.608995, -33.418383], [-70.609013, -33.418402], [-70.609033, -33.418418], [-70.609048, -33.418435], [-70.609067, -33.418448], [-70.609087, -33.418463], [-70.609107, -33.418477], [-70.60912, -33.418495], [-70.609133, -33.418508], [-70.60915, -33.418527], [-70.609162, -33.418548], [-70.609177, -33.418568], [-70.609187, -33.418582], [-70.609202, -33.4186], [-70.609215, -33.418617], [-70.609228, -33.418637], [-70.609243, -33.418655], [-70.609258, -33.418672], [-70.609273, -33.418692], [-70.609287, -33.41871], [-70.609292, -33.418737], [-70.609302, -33.418767], [-70.609317, -33.41879], [-70.609333, -33.418808], [-70.609353, -33.418825], [-70.609377, -33.418835], [-70.609398, -33.41885], [-70.609417, -33.418863], [-70.609433, -33.41888], [-70.609452, -33.418897], [-70.609468, -33.418915], [-70.609485, -33.418937], [-70.609498, -33.418957], [-70.609512, -33.418975], [-70.609523, -33.41899], [-70.609535, -33.419003], [-70.609547, -33.419018], [-70.609563, -33.419032], [-70.609583, -33.419045], [-70.6096, -33.419062], [-70.609615, -33.419078], [-70.60963, -33.419095], [-70.609648, -33.41911], [-70.60967, -33.419125], [-70.609693, -33.419137], [-70.609723, -33.419148], [-70.609747, -33.419163], [-70.60977, -33.419175], [-70.60979, -33.419188], [-70.609808, -33.419203], [-70.609823, -33.419218], [-70.609838, -33.419237], [-70.609857, -33.41925], [-70.609877, -33.419267], [-70.609887, -33.419283], [-70.609895, -33.4193], [-70.609907, -33.419318], [-70.609913, -33.419337], [-70.60992, -33.419355], [-70.609933, -33.419378], [-70.60995, -33.419395], [-70.609977, -33.419405], [-70.610002, -33.419415], [-70.610023, -33.419425], [-70.61004, -33.419438], [-70.610058, -33.419455], [-70.610078, -33.419472], [-70.6101, -33.419488], [-70.610123, -33.4195], [-70.610145, -33.419512], [-70.610168, -33.419525], [-70.61019, -33.41954], [-70.610208, -33.419555], [-70.610228, -33.419573], [-70.61024, -33.419588], [-70.610255, -33.419605], [-70.610273, -33.419618], [-70.610293, -33.419633], [-70.610315, -33.419648], [-70.610338, -33.41966], [-70.610357, -33.419675], [-70.610377, -33.419685], [-70.610397, -33.419697], [-70.61042, -33.41971], [-70.610443, -33.419723], [-70.610468, -33.419738], [-70.610495, -33.41975], [-70.610505, -33.419753], [-70.610513, -33.419753], [-70.610527, -33.419758], [-70.610548, -33.419767], [-70.610563, -33.419773], [-70.610577, -33.419783], [-70.61059, -33.419792], [-70.6106, -33.4198], [-70.61061, -33.419808], [-70.61062, -33.419817], [-70.610618, -33.419838], [-70.610627, -33.419858], [-70.610642, -33.41987], [-70.610657, -33.419883], [-70.610668, -33.419895], [-70.61068, -33.419908], [-70.610692, -33.419923], [-70.610702, -33.419937], [-70.610713, -33.41995], [-70.610722, -33.419965], [-70.610723, -33.41999], [-70.61073, -33.42001], [-70.610732, -33.420028], [-70.61074, -33.420038], [-70.610753, -33.42005], [-70.610767, -33.420062], [-70.61078, -33.42007], [-70.610797, -33.420078], [-70.610813, -33.420088], [-70.610832, -33.420102], [-70.610853, -33.420117], [-70.610873, -33.42013], [-70.610897, -33.420143], [-70.610917, -33.420157], [-70.610938, -33.420168], [-70.61096, -33.42018], [-70.610983, -33.420195], [-70.611007, -33.420212], [-70.611028, -33.420228], [-70.61106, -33.420245], [-70.611083, -33.420258], [-70.611105, -33.420272], [-70.61113, -33.420283], [-70.61115, -33.420298], [-70.611173, -33.420315], [-70.611195, -33.42033], [-70.611213, -33.420347], [-70.61123, -33.420362], [-70.61125, -33.420377], [-70.61127, -33.42039], [-70.611292, -33.420402], [-70.611313, -33.420415], [-70.611338, -33.420427], [-70.61136, -33.420435], [-70.611375, -33.420447], [-70.611393, -33.420458], [-70.611422, -33.42047], [-70.611448, -33.420485], [-70.611467, -33.420502], [-70.611488, -33.420517], [-70.611508, -33.420535], [-70.61153, -33.42055], [-70.61155, -33.420565], [-70.61157, -33.420578], [-70.61159, -33.420592], [-70.61161, -33.420607], [-70.611628, -33.42062], [-70.611647, -33.420635], [-70.611667, -33.420648], [-70.61169, -33.420663], [-70.611713, -33.420678], [-70.611737, -33.420692], [-70.61176, -33.420703], [-70.611783, -33.420717], [-70.611808, -33.42073], [-70.611832, -33.420743], [-70.611855, -33.420757], [-70.611877, -33.420767], [-70.611898, -33.420778], [-70.611922, -33.420793], [-70.611945, -33.420805], [-70.611968, -33.420818], [-70.61199, -33.42083], [-70.612012, -33.420843], [-70.612037, -33.420855], [-70.61206, -33.420867], [-70.612083, -33.420878], [-70.612107, -33.420893], [-70.612132, -33.42091], [-70.612155, -33.420927], [-70.612177, -33.420943], [-70.6122, -33.42096], [-70.612222, -33.420973], [-70.612243, -33.420982], [-70.612263, -33.420992], [-70.612285, -33.421003], [-70.612307, -33.421013], [-70.612328, -33.421027], [-70.612348, -33.421037], [-70.612372, -33.421048], [-70.612397, -33.421057], [-70.61242, -33.421063], [-70.612442, -33.421073], [-70.612462, -33.421078], [-70.612482, -33.421093], [-70.612498, -33.42111], [-70.61252, -33.421127], [-70.61254, -33.42114], [-70.612563, -33.421155], [-70.612585, -33.42117], [-70.612602, -33.421182], [-70.61262, -33.421197], [-70.612643, -33.421207], [-70.612672, -33.421215], [-70.612695, -33.421222], [-70.612725, -33.42123], [-70.612765, -33.421235], [-70.612798, -33.421247], [-70.612823, -33.421262], [-70.612842, -33.421277], [-70.612863, -33.421292], [-70.612883, -33.421305], [-70.612903, -33.42132], [-70.612923, -33.421335], [-70.612943, -33.421345], [-70.612965, -33.421353], [-70.612987, -33.421363], [-70.613008, -33.421377], [-70.613032, -33.421383], [-70.613057, -33.421393], [-70.61308, -33.421405], [-70.613107, -33.421417], [-70.613132, -33.421432], [-70.613155, -33.421445], [-70.613175, -33.421457], [-70.613197, -33.42147], [-70.613228, -33.421482], [-70.613258, -33.421493], [-70.613283, -33.421503], [-70.613305, -33.421515], [-70.613325, -33.421522], [-70.613348, -33.421525], [-70.61337, -33.421535], [-70.613395, -33.421543], [-70.613423, -33.421553], [-70.61345, -33.421563], [-70.613475, -33.421572], [-70.613497, -33.42158], [-70.613522, -33.42159], [-70.613547, -33.421602], [-70.613573, -33.421612], [-70.6136, -33.421623], [-70.613625, -33.421635], [-70.61365, -33.421645], [-70.61368, -33.421653], [-70.613705, -33.421662], [-70.613728, -33.421672], [-70.613748, -33.421682], [-70.61377, -33.421693], [-70.613788, -33.421703], [-70.61381, -33.421712], [-70.613832, -33.421722], [-70.613852, -33.421735], [-70.613877, -33.421748], [-70.613902, -33.421758], [-70.613925, -33.42177], [-70.613948, -33.421782], [-70.61397, -33.421795], [-70.613988, -33.42181], [-70.61401, -33.42183], [-70.614032, -33.42185], [-70.614052, -33.421867], [-70.61408, -33.421875], [-70.614103, -33.421885], [-70.614127, -33.421898], [-70.614153, -33.421912], [-70.614178, -33.421923], [-70.614208, -33.421933], [-70.614245, -33.421942], [-70.614267, -33.421947], [-70.614292, -33.421952], [-70.614313, -33.421955], [-70.614327, -33.421952], [-70.614348, -33.421955], [-70.614372, -33.421962], [-70.614398, -33.421972], [-70.61443, -33.421982], [-70.61446, -33.421993], [-70.61449, -33.422002], [-70.614515, -33.422008], [-70.61454, -33.422012], [-70.614568, -33.42202], [-70.614593, -33.42203], [-70.614617, -33.42204], [-70.61464, -33.42205], [-70.614665, -33.42206], [-70.61469, -33.42207], [-70.614717, -33.422078], [-70.614742, -33.422087], [-70.614767, -33.422095], [-70.614792, -33.422108], [-70.614817, -33.422122], [-70.614842, -33.422132], [-70.614868, -33.422138], [-70.614888, -33.422148], [-70.61491, -33.42216], [-70.61493, -33.422172], [-70.614952, -33.422183], [-70.614975, -33.422192], [-70.614997, -33.422202], [-70.61502, -33.422212], [-70.615045, -33.422223], [-70.615072, -33.422237], [-70.615102, -33.42225], [-70.615128, -33.422265], [-70.615157, -33.422278], [-70.615183, -33.42229], [-70.615213, -33.422302], [-70.61524, -33.422312], [-70.615275, -33.422327], [-70.615303, -33.422337], [-70.615322, -33.422343], [-70.615342, -33.422355], [-70.615367, -33.422365], [-70.615393, -33.422372], [-70.615412, -33.42238], [-70.615418, -33.422392], [-70.615435, -33.422402], [-70.615458, -33.422407], [-70.615487, -33.422405], [-70.615518, -33.422408], [-70.615545, -33.42241], [-70.61557, -33.422415], [-70.615593, -33.422425], [-70.61562, -33.422435], [-70.615655, -33.422447], [-70.615685, -33.422453], [-70.615713, -33.422465], [-70.615743, -33.422478], [-70.615775, -33.42249], [-70.6158, -33.422497], [-70.615827, -33.422503], [-70.615855, -33.42251], [-70.615882, -33.422517], [-70.615907, -33.422522], [-70.615935, -33.422527], [-70.615963, -33.422532], [-70.615995, -33.422537], [-70.616023, -33.422548], [-70.616057, -33.422558], [-70.616087, -33.42257], [-70.61612, -33.42258], [-70.61615, -33.42259], [-70.61618, -33.422595], [-70.616208, -33.4226], [-70.616237, -33.4226], [-70.616263, -33.422602], [-70.616288, -33.422607], [-70.616318, -33.422617], [-70.616348, -33.42263], [-70.616377, -33.422643], [-70.616402, -33.422653], [-70.61642, -33.422648], [-70.616432, -33.422643], [-70.616443, -33.422638], [-70.61646, -33.42264], [-70.616477, -33.422643], [-70.616493, -33.422647], [-70.616507, -33.422648], [-70.616518, -33.422652], [-70.61653, -33.422653], [-70.616542, -33.422657], [-70.616553, -33.422658], [-70.616565, -33.422658], [-70.616578, -33.422662], [-70.616592, -33.422663], [-70.616605, -33.422667], [-70.616617, -33.42267], [-70.616628, -33.422673], [-70.616642, -33.422675], [-70.616653, -33.422677], [-70.616667, -33.422677], [-70.616682, -33.422678], [-70.616695, -33.422683], [-70.616708, -33.422685], [-70.616718, -33.422687], [-70.616733, -33.422693], [-70.616745, -33.4227], [-70.616748, -33.422705], [-70.616758, -33.42271], [-70.616773, -33.42272], [-70.616788, -33.42273], [-70.616807, -33.422742], [-70.616815, -33.42275], [-70.61683, -33.422753], [-70.616847, -33.422757], [-70.616865, -33.42277], [-70.616882, -33.422773], [-70.616897, -33.422775], [-70.61691, -33.422775], [-70.616918, -33.422773], [-70.61693, -33.42277], [-70.616945, -33.422767], [-70.616962, -33.422765], [-70.616977, -33.422767], [-70.616992, -33.422772], [-70.61701, -33.422778], [-70.617027, -33.422782], [-70.617042, -33.422787], [-70.617052, -33.42279], [-70.617063, -33.422792], [-70.617078, -33.422798], [-70.617092, -33.422807], [-70.617103, -33.422817], [-70.617118, -33.422827], [-70.617133, -33.422837], [-70.617145, -33.42284], [-70.617163, -33.422852], [-70.61719, -33.422867], [-70.617208, -33.42288], [-70.617238, -33.422885], [-70.617255, -33.422873], [-70.617268, -33.422858], [-70.617282, -33.42285], [-70.617297, -33.422848], [-70.61731, -33.422848], [-70.617327, -33.422852], [-70.617345, -33.422855], [-70.61736, -33.422858], [-70.617373, -33.422862], [-70.617387, -33.422862], [-70.617398, -33.422863], [-70.617408, -33.422863], [-70.617423, -33.422868], [-70.617438, -33.422873], [-70.617452, -33.422882], [-70.617467, -33.422888], [-70.617485, -33.422895], [-70.617503, -33.4229], [-70.61752, -33.422905], [-70.61754, -33.422908], [-70.617553, -33.422905], [-70.617565, -33.422907], [-70.617572, -33.422907], [-70.617583, -33.422908], [-70.617592, -33.422913], [-70.617603, -33.422915], [-70.617615, -33.422922], [-70.617627, -33.422927], [-70.61764, -33.422932], [-70.617653, -33.422935], [-70.617663, -33.422933], [-70.617672, -33.422933], [-70.617682, -33.422935], [-70.617692, -33.422933], [-70.617712, -33.422937], [-70.617727, -33.422942], [-70.617738, -33.422945], [-70.617748, -33.42295], [-70.617762, -33.42295], [-70.617778, -33.422953], [-70.617805, -33.42296], [-70.617827, -33.422968], [-70.61784, -33.422977], [-70.617865, -33.422985], [-70.617887, -33.422992], [-70.61792, -33.423003], [-70.617945, -33.423013], [-70.617975, -33.423025], [-70.61801, -33.423038], [-70.618042, -33.423053], [-70.618053, -33.423045], [-70.618082, -33.423062], [-70.618103, -33.423072], [-70.618127, -33.423082], [-70.618147, -33.42308], [-70.618172, -33.423092], [-70.618195, -33.423102], [-70.61822, -33.423115], [-70.618242, -33.423122], [-70.61826, -33.423125], [-70.618287, -33.423132], [-70.61831, -33.423138], [-70.618325, -33.423133], [-70.618345, -33.423133], [-70.618365, -33.423133], [-70.618393, -33.423147], [-70.61842, -33.423152], [-70.618445, -33.423167], [-70.618472, -33.423182], [-70.618497, -33.423192], [-70.618522, -33.423202], [-70.618545, -33.42321], [-70.61857, -33.423215], [-70.618587, -33.423225], [-70.618605, -33.423233], [-70.618623, -33.423243], [-70.618643, -33.423253], [-70.618662, -33.423262], [-70.618682, -33.423273], [-70.618708, -33.423285], [-70.618737, -33.4233], [-70.618763, -33.423312], [-70.618788, -33.423322], [-70.618812, -33.423328], [-70.618833, -33.423327], [-70.618853, -33.423332], [-70.618872, -33.423337], [-70.618893, -33.423347], [-70.618915, -33.423357], [-70.618938, -33.423367], [-70.618963, -33.423378], [-70.61899, -33.423388], [-70.619015, -33.423398], [-70.619042, -33.42341], [-70.619068, -33.42342], [-70.619098, -33.423435], [-70.619125, -33.423448], [-70.619153, -33.42346], [-70.619178, -33.423472], [-70.619205, -33.423487], [-70.619235, -33.4235], [-70.619263, -33.423517], [-70.619293, -33.423537], [-70.619318, -33.423545], [-70.619342, -33.423553], [-70.619365, -33.423563], [-70.619387, -33.423572], [-70.619407, -33.42357], [-70.619425, -33.423575], [-70.619447, -33.423585], [-70.619472, -33.423592], [-70.619498, -33.423605], [-70.619527, -33.42362], [-70.61955, -33.423633], [-70.619577, -33.423642], [-70.619602, -33.423648], [-70.619623, -33.423655], [-70.619642, -33.423662], [-70.619663, -33.423668], [-70.619685, -33.423675], [-70.61971, -33.423683], [-70.619735, -33.423695], [-70.619758, -33.423703], [-70.619787, -33.423715], [-70.61981, -33.423732], [-70.619832, -33.423747], [-70.619852, -33.423757], [-70.619877, -33.423765], [-70.619898, -33.423775], [-70.619922, -33.423782], [-70.619945, -33.42379], [-70.619967, -33.423798], [-70.619988, -33.423807], [-70.620007, -33.423818], [-70.62003, -33.42383], [-70.620055, -33.423842], [-70.62008, -33.423852], [-70.620105, -33.423862], [-70.620123, -33.42387], [-70.620143, -33.423878], [-70.620162, -33.42389], [-70.620182, -33.423898], [-70.6202, -33.423907], [-70.620223, -33.423918], [-70.62025, -33.423933], [-70.620273, -33.423948], [-70.620297, -33.423968], [-70.620315, -33.423985], [-70.620332, -33.424], [-70.62035, -33.424013], [-70.620372, -33.424027], [-70.620395, -33.424042], [-70.620412, -33.424053], [-70.620432, -33.424068], [-70.620448, -33.424087], [-70.620463, -33.4241], [-70.62048, -33.424112], [-70.6205, -33.424127], [-70.620517, -33.424143], [-70.620533, -33.424163], [-70.620552, -33.424182], [-70.620565, -33.424198], [-70.620583, -33.424208], [-70.620605, -33.42422], [-70.620625, -33.424233], [-70.620645, -33.424242], [-70.620668, -33.42426], [-70.62069, -33.424275], [-70.62071, -33.424285], [-70.620733, -33.424297], [-70.620752, -33.424308], [-70.62077, -33.424325], [-70.620787, -33.424338], [-70.620803, -33.42435], [-70.620822, -33.424365], [-70.62084, -33.42438], [-70.620862, -33.424397], [-70.62088, -33.424413], [-70.620897, -33.424427], [-70.620915, -33.42444], [-70.620932, -33.424453], [-70.620948, -33.424468], [-70.620965, -33.424483], [-70.620982, -33.424502], [-70.621002, -33.424518], [-70.621023, -33.42454], [-70.621043, -33.424562], [-70.621063, -33.424577], [-70.621083, -33.424592], [-70.621102, -33.424608], [-70.621117, -33.42462], [-70.621133, -33.424633], [-70.621143, -33.42465], [-70.621153, -33.424667], [-70.621162, -33.424682], [-70.621172, -33.424697], [-70.621185, -33.424713], [-70.6212, -33.42473], [-70.62122, -33.424743], [-70.62124, -33.424757], [-70.62126, -33.424768], [-70.62128, -33.424783], [-70.621302, -33.424797], [-70.621317, -33.424813], [-70.621335, -33.424828], [-70.621342, -33.424847], [-70.621348, -33.424868], [-70.62135, -33.424892], [-70.621353, -33.424917], [-70.621355, -33.424942], [-70.621357, -33.424968], [-70.621357, -33.424988], [-70.621363, -33.425003], [-70.62137, -33.425022], [-70.621377, -33.425037], [-70.621385, -33.425052], [-70.621397, -33.425068], [-70.621407, -33.425087], [-70.621417, -33.425107], [-70.62143, -33.425123], [-70.621445, -33.42514], [-70.621458, -33.425158], [-70.62147, -33.425177], [-70.621482, -33.425193], [-70.621493, -33.425207], [-70.62151, -33.425225], [-70.621527, -33.425242], [-70.621537, -33.425262], [-70.621548, -33.42528], [-70.621558, -33.425298], [-70.621565, -33.42532], [-70.621573, -33.425342], [-70.621582, -33.425362], [-70.62159, -33.425382], [-70.621597, -33.425402], [-70.621603, -33.425423], [-70.62161, -33.425442], [-70.62162, -33.425458], [-70.621628, -33.425477], [-70.621638, -33.425495], [-70.621647, -33.425515], [-70.621657, -33.425533], [-70.621667, -33.425555], [-70.621675, -33.425575], [-70.621682, -33.425593], [-70.621688, -33.425613], [-70.621695, -33.425632], [-70.621705, -33.425652], [-70.621715, -33.425673], [-70.621725, -33.42569], [-70.621735, -33.425708], [-70.621747, -33.425728], [-70.621758, -33.425748], [-70.621768, -33.425767], [-70.62178, -33.425785], [-70.621792, -33.425803], [-70.621802, -33.425822], [-70.621813, -33.425842], [-70.621823, -33.42586], [-70.621837, -33.42588], [-70.621847, -33.4259], [-70.621857, -33.425918], [-70.621863, -33.425937], [-70.621872, -33.425955], [-70.62188, -33.425975], [-70.621883, -33.425997], [-70.62189, -33.426018], [-70.6219, -33.426037], [-70.62191, -33.426055], [-70.621925, -33.426073], [-70.621937, -33.426093], [-70.621948, -33.426113], [-70.62196, -33.426133], [-70.621972, -33.426153], [-70.621987, -33.426173], [-70.621998, -33.426197], [-70.622012, -33.426218], [-70.622023, -33.426242], [-70.622033, -33.426262], [-70.622045, -33.426282], [-70.622057, -33.426302], [-70.622067, -33.426327], [-70.622073, -33.426338], [-70.622082, -33.42636], [-70.622092, -33.426378], [-70.6221, -33.426397], [-70.62211, -33.426417], [-70.622122, -33.426438], [-70.622133, -33.42646], [-70.622147, -33.426478], [-70.622158, -33.426498], [-70.622167, -33.426518], [-70.622175, -33.426538], [-70.622183, -33.426558], [-70.622192, -33.42658], [-70.6222, -33.426598], [-70.622207, -33.42662], [-70.622215, -33.426642], [-70.622225, -33.426663], [-70.622237, -33.426678], [-70.622248, -33.426693], [-70.622258, -33.426707], [-70.622263, -33.426717], [-70.62227, -33.426727], [-70.622275, -33.42674], [-70.622283, -33.426753], [-70.62229, -33.426767], [-70.622297, -33.42678], [-70.6223, -33.426793], [-70.622312, -33.42681], [-70.622317, -33.426822], [-70.62233, -33.426837], [-70.622337, -33.42685], [-70.622343, -33.426858], [-70.622343, -33.426867], [-70.622345, -33.426877], [-70.622355, -33.426893], [-70.62236, -33.426905], [-70.622365, -33.426915], [-70.622368, -33.426925], [-70.622375, -33.426935], [-70.622378, -33.426945], [-70.62238, -33.426953], [-70.622382, -33.426963], [-70.622385, -33.426973], [-70.622385, -33.426983], [-70.622385, -33.426992], [-70.622387, -33.427008], [-70.622388, -33.427027], [-70.622397, -33.427043], [-70.6224, -33.427062], [-70.622402, -33.427072], [-70.622405, -33.427083], [-70.622408, -33.4271], [-70.622415, -33.427115], [-70.622427, -33.427137], [-70.62243, -33.42715], [-70.62243, -33.42716], [-70.622433, -33.42717], [-70.622435, -33.427182], [-70.62244, -33.427193], [-70.622445, -33.427208], [-70.622447, -33.427217], [-70.62245, -33.427227], [-70.622455, -33.427238], [-70.622463, -33.427252], [-70.622468, -33.427267], [-70.622475, -33.427282], [-70.622477, -33.427295], [-70.622477, -33.427305], [-70.62247, -33.427315], [-70.622467, -33.427325], [-70.62246, -33.427333], [-70.622455, -33.427345], [-70.622452, -33.427357], [-70.62245, -33.427367], [-70.622452, -33.427375], [-70.622453, -33.427388], [-70.622453, -33.4274], [-70.622455, -33.427408], [-70.62245, -33.42742], [-70.62245, -33.42743], [-70.622453, -33.427442], [-70.622458, -33.427453], [-70.622465, -33.427465], [-70.62247, -33.427477], [-70.622485, -33.4275], [-70.622495, -33.427525], [-70.622502, -33.427538], [-70.622512, -33.427548], [-70.622523, -33.427557], [-70.622528, -33.427565], [-70.622532, -33.427572], [-70.622537, -33.427583], [-70.62254, -33.42759], [-70.622543, -33.427598], [-70.622543, -33.427608], [-70.622547, -33.427617], [-70.622545, -33.42763], [-70.622543, -33.427642], [-70.622542, -33.427647], [-70.622543, -33.427658], [-70.622548, -33.42768], [-70.622553, -33.42769], [-70.62256, -33.427698], [-70.622565, -33.427703], [-70.62257, -33.427712], [-70.622575, -33.427722], [-70.62258, -33.427733], [-70.622585, -33.427745], [-70.622592, -33.427755], [-70.622598, -33.427763], [-70.622603, -33.427775], [-70.622607, -33.42779], [-70.62261, -33.427808], [-70.622615, -33.427827], [-70.62262, -33.427845], [-70.622625, -33.427865], [-70.62263, -33.427885], [-70.622633, -33.427907], [-70.622637, -33.427927], [-70.622645, -33.427947], [-70.622652, -33.427967], [-70.622662, -33.42799], [-70.622667, -33.428012], [-70.622675, -33.428035], [-70.622682, -33.428058], [-70.622685, -33.42808], [-70.622687, -33.4281], [-70.622693, -33.428123], [-70.622702, -33.428143], [-70.622712, -33.428165], [-70.622725, -33.428188], [-70.622737, -33.428212], [-70.622748, -33.428233], [-70.622762, -33.428255], [-70.622782, -33.428285], [-70.622793, -33.428307], [-70.622803, -33.428328], [-70.622812, -33.428352], [-70.62282, -33.428373], [-70.622827, -33.428395], [-70.622835, -33.428415], [-70.622845, -33.428437], [-70.622855, -33.428458], [-70.622863, -33.42848], [-70.62287, -33.428502], [-70.622877, -33.428523], [-70.622885, -33.428543], [-70.622893, -33.428563], [-70.622902, -33.428585], [-70.622912, -33.428607], [-70.622923, -33.428628], [-70.622933, -33.42865], [-70.622943, -33.428673], [-70.622952, -33.428695], [-70.622962, -33.428715], [-70.622972, -33.428732], [-70.62298, -33.428752], [-70.622987, -33.428775], [-70.622997, -33.428795], [-70.623015, -33.428813], [-70.623033, -33.42883], [-70.623058, -33.428845], [-70.623082, -33.428862], [-70.623113, -33.428875], [-70.623138, -33.42889], [-70.623162, -33.428905], [-70.623185, -33.428922], [-70.623205, -33.42894], [-70.623228, -33.428957], [-70.62325, -33.428975], [-70.623273, -33.428992], [-70.623297, -33.429008], [-70.62332, -33.429023], [-70.623342, -33.429043], [-70.623368, -33.42906], [-70.62339, -33.429075], [-70.623412, -33.429092], [-70.623432, -33.429105], [-70.623453, -33.42912], [-70.623473, -33.429133], [-70.623495, -33.42915], [-70.623515, -33.429165], [-70.623533, -33.429178], [-70.623557, -33.42919], [-70.62358, -33.4292], [-70.623602, -33.429213], [-70.62362, -33.429232], [-70.62364, -33.42925], [-70.623665, -33.429267], [-70.62369, -33.429285], [-70.623712, -33.429303], [-70.623738, -33.429325], [-70.623755, -33.429348], [-70.623768, -33.42938], [-70.62378, -33.429402], [-70.623795, -33.429422], [-70.623812, -33.429442], [-70.623825, -33.429463], [-70.623835, -33.429487], [-70.623845, -33.42951], [-70.623852, -33.429532], [-70.623858, -33.429553], [-70.623863, -33.429575], [-70.623872, -33.429598], [-70.623885, -33.429622], [-70.623905, -33.429637], [-70.623925, -33.429655], [-70.623948, -33.429675], [-70.623973, -33.429687], [-70.624, -33.429703], [-70.624025, -33.429718], [-70.624055, -33.429733], [-70.624085, -33.429748], [-70.624103, -33.429763], [-70.624125, -33.42978], [-70.624145, -33.429797], [-70.624167, -33.429813], [-70.624187, -33.42983], [-70.624207, -33.429847], [-70.624225, -33.429862], [-70.624242, -33.429877], [-70.624258, -33.429895], [-70.624273, -33.429915], [-70.624287, -33.429935], [-70.6243, -33.429953], [-70.624312, -33.429972], [-70.624327, -33.429992], [-70.62434, -33.43001], [-70.624353, -33.43003], [-70.624365, -33.430052], [-70.624377, -33.430072], [-70.624388, -33.430092], [-70.624398, -33.43011], [-70.624407, -33.43013], [-70.624417, -33.430153], [-70.624422, -33.430172], [-70.624425, -33.430193], [-70.624428, -33.430213], [-70.624428, -33.430233], [-70.624425, -33.430253], [-70.624422, -33.430275], [-70.624412, -33.430295], [-70.62439, -33.43031], [-70.624373, -33.43033], [-70.624355, -33.430342], [-70.624338, -33.430352], [-70.62432, -33.430367], [-70.624302, -33.43038], [-70.624282, -33.43039], [-70.624262, -33.430403], [-70.624242, -33.430418], [-70.624225, -33.430435], [-70.624208, -33.430452], [-70.624188, -33.430467], [-70.62417, -33.430482], [-70.624152, -33.4305], [-70.624135, -33.430515], [-70.62412, -33.430533], [-70.6241, -33.430548], [-70.624078, -33.430563], [-70.624057, -33.43058], [-70.624037, -33.430598], [-70.624015, -33.430613], [-70.624002, -33.430632], [-70.623987, -33.430647], [-70.623972, -33.430662], [-70.623955, -33.430677], [-70.62394, -33.430693], [-70.623925, -33.430712], [-70.62391, -33.430733], [-70.623893, -33.430752], [-70.623875, -33.430768], [-70.623847, -33.430782], [-70.623823, -33.430798], [-70.623802, -33.430818], [-70.62378, -33.430835], [-70.62376, -33.430857], [-70.623747, -33.430878], [-70.623743, -33.4309], [-70.623742, -33.43092], [-70.623742, -33.430943], [-70.623745, -33.430973], [-70.62375, -33.431002], [-70.62376, -33.431032], [-70.62377, -33.431055], [-70.623787, -33.431075], [-70.623798, -33.431097], [-70.623817, -33.431115], [-70.623837, -33.431133], [-70.623852, -33.431153], [-70.623872, -33.431177], [-70.62389, -33.431198], [-70.62391, -33.43122], [-70.623928, -33.431242], [-70.623948, -33.431262], [-70.623968, -33.43128], [-70.623985, -33.4313], [-70.624, -33.431323], [-70.624015, -33.431347], [-70.624027, -33.431368], [-70.624043, -33.431387], [-70.624058, -33.431405], [-70.624077, -33.431422], [-70.624095, -33.43144], [-70.624115, -33.431458], [-70.624133, -33.431477], [-70.62415, -33.431497], [-70.624167, -33.431513], [-70.624188, -33.431535], [-70.62421, -33.43155], [-70.624237, -33.431568], [-70.624263, -33.43158], [-70.62429, -33.431592], [-70.624315, -33.431605], [-70.624337, -33.431613], [-70.624348, -33.431625], [-70.62436, -33.43164], [-70.624377, -33.431658], [-70.6244, -33.431677], [-70.624427, -33.431697], [-70.624447, -33.431713], [-70.624463, -33.431733], [-70.62448, -33.431753], [-70.624497, -33.431775], [-70.62451, -33.431797], [-70.62452, -33.431817], [-70.624537, -33.43183], [-70.624553, -33.431843], [-70.624573, -33.43186], [-70.624598, -33.431878], [-70.624618, -33.431897], [-70.624637, -33.431912], [-70.624655, -33.431928], [-70.624673, -33.431945], [-70.624688, -33.431963], [-70.624705, -33.431982], [-70.624723, -33.431995], [-70.624742, -33.43201], [-70.624762, -33.432022], [-70.624782, -33.432032], [-70.624803, -33.432042], [-70.624825, -33.432055], [-70.624845, -33.432068], [-70.624862, -33.432083], [-70.624878, -33.4321], [-70.624895, -33.432118], [-70.624913, -33.43214], [-70.624928, -33.432163], [-70.624952, -33.432183], [-70.624973, -33.432203], [-70.624998, -33.432223], [-70.625017, -33.432237], [-70.625038, -33.432258], [-70.625057, -33.432278], [-70.625077, -33.432295], [-70.625097, -33.432312], [-70.625115, -33.432327], [-70.62513, -33.432345], [-70.625152, -33.432365], [-70.62517, -33.432382], [-70.625187, -33.432395], [-70.625207, -33.43241], [-70.625227, -33.432427], [-70.625245, -33.432438], [-70.625263, -33.432452], [-70.625283, -33.432467], [-70.625303, -33.432482], [-70.62532, -33.4325], [-70.625337, -33.432518], [-70.625352, -33.432537], [-70.625367, -33.432552], [-70.625385, -33.432567], [-70.625403, -33.432582], [-70.62542, -33.432597], [-70.625438, -33.43261], [-70.625457, -33.432625], [-70.625475, -33.432643], [-70.625497, -33.432667], [-70.625515, -33.432688], [-70.625537, -33.432708], [-70.62556, -33.432732], [-70.625577, -33.43276], [-70.6256, -33.43278], [-70.625618, -33.432798], [-70.625635, -33.432815], [-70.625655, -33.432832], [-70.625675, -33.432845], [-70.625697, -33.432858], [-70.625715, -33.432875], [-70.625733, -33.43289], [-70.625752, -33.432908], [-70.625772, -33.432925], [-70.625792, -33.43294], [-70.625813, -33.432957], [-70.625833, -33.432973], [-70.625852, -33.43299], [-70.625872, -33.433008], [-70.62589, -33.433025], [-70.62591, -33.433042], [-70.625932, -33.433058], [-70.625952, -33.433075], [-70.625973, -33.433092], [-70.625993, -33.43311], [-70.626012, -33.433128], [-70.626033, -33.433148], [-70.626052, -33.433168], [-70.62607, -33.433188], [-70.626088, -33.433205], [-70.626105, -33.433222], [-70.626122, -33.433238], [-70.62614, -33.433255], [-70.626157, -33.433273], [-70.626173, -33.433292], [-70.626185, -33.43331], [-70.626198, -33.433335], [-70.62621, -33.433357], [-70.626222, -33.433378], [-70.626235, -33.433398], [-70.626252, -33.433418], [-70.626272, -33.433437], [-70.626288, -33.433457], [-70.626303, -33.433477], [-70.62632, -33.433507], [-70.626328, -33.433527], [-70.626333, -33.433537], [-70.626345, -33.433552], [-70.626352, -33.433565], [-70.62637, -33.433583], [-70.626388, -33.4336], [-70.626407, -33.433615], [-70.626432, -33.43363], [-70.626453, -33.433647], [-70.626475, -33.433663], [-70.626497, -33.433683], [-70.626517, -33.433703], [-70.626538, -33.433718], [-70.626563, -33.433735], [-70.626588, -33.433752], [-70.626608, -33.43377], [-70.62663, -33.433785], [-70.626648, -33.433803], [-70.626665, -33.433818], [-70.626683, -33.43383], [-70.6267, -33.433843], [-70.626715, -33.433858], [-70.626725, -33.433875], [-70.626737, -33.433892], [-70.626762, -33.433908], [-70.626785, -33.433927], [-70.626807, -33.433942], [-70.626827, -33.433955], [-70.626845, -33.43397], [-70.62686, -33.433988], [-70.626872, -33.43401], [-70.626887, -33.43403], [-70.626912, -33.434045], [-70.626933, -33.43406], [-70.626952, -33.434077], [-70.626972, -33.434095], [-70.626993, -33.434113], [-70.627012, -33.43413], [-70.627028, -33.434147], [-70.62705, -33.434165], [-70.627067, -33.434188], [-70.627083, -33.434213], [-70.627097, -33.434233], [-70.627113, -33.43425], [-70.627133, -33.434267], [-70.627153, -33.434283], [-70.627173, -33.434302], [-70.627195, -33.434318], [-70.627213, -33.434333], [-70.627232, -33.43435], [-70.627252, -33.434365], [-70.627272, -33.43438], [-70.627292, -33.434395], [-70.627313, -33.43441], [-70.627337, -33.434425], [-70.627357, -33.43444], [-70.627377, -33.434455], [-70.627395, -33.434473], [-70.627413, -33.434488], [-70.627433, -33.434503], [-70.627453, -33.43452], [-70.627477, -33.434532], [-70.6275, -33.43454], [-70.627538, -33.43455], [-70.627563, -33.434562], [-70.627582, -33.43457], [-70.6276, -33.434582], [-70.627623, -33.434592], [-70.62765, -33.4346], [-70.627675, -33.434612], [-70.627695, -33.434623], [-70.62772, -33.434633], [-70.627743, -33.434643], [-70.627772, -33.434653], [-70.627797, -33.43466], [-70.627822, -33.43467], [-70.627845, -33.43468], [-70.627868, -33.434693], [-70.627892, -33.434708], [-70.627913, -33.434723], [-70.627935, -33.434738], [-70.627958, -33.434753], [-70.627983, -33.434767], [-70.628002, -33.434783], [-70.62802, -33.434793], [-70.628038, -33.434812], [-70.628063, -33.434828], [-70.628087, -33.434842], [-70.628117, -33.434858], [-70.628138, -33.434872], [-70.628163, -33.43488], [-70.628195, -33.434887], [-70.628218, -33.434898], [-70.628242, -33.43491], [-70.628265, -33.43492], [-70.628288, -33.434932], [-70.628312, -33.434945], [-70.628335, -33.434955], [-70.628357, -33.434965], [-70.62838, -33.434975], [-70.628403, -33.434985], [-70.62843, -33.434995], [-70.628453, -33.435005], [-70.628477, -33.435017], [-70.6285, -33.435028], [-70.628527, -33.435037], [-70.628547, -33.435047], [-70.628568, -33.435057], [-70.628588, -33.43507], [-70.62861, -33.435083], [-70.628637, -33.435093], [-70.628662, -33.435102], [-70.628688, -33.435112], [-70.628713, -33.435122], [-70.628738, -33.43513], [-70.628763, -33.435137], [-70.628788, -33.435142], [-70.628812, -33.43515], [-70.628833, -33.435163], [-70.628853, -33.435177], [-70.628875, -33.43519], [-70.628898, -33.435202], [-70.628923, -33.435213], [-70.62895, -33.43522], [-70.628978, -33.435227], [-70.62901, -33.435237], [-70.629033, -33.435252], [-70.629065, -33.435272], [-70.629092, -33.435285], [-70.629113, -33.435288], [-70.629137, -33.435293], [-70.629158, -33.435302], [-70.629182, -33.435317], [-70.629198, -33.435325], [-70.62922, -33.43534], [-70.629243, -33.435355], [-70.629268, -33.43537], [-70.629288, -33.435383], [-70.629308, -33.4354], [-70.629335, -33.435412], [-70.629367, -33.435423], [-70.629397, -33.435433], [-70.629425, -33.435445], [-70.62945, -33.435455], [-70.629477, -33.435465], [-70.629503, -33.435477], [-70.629528, -33.435488], [-70.629553, -33.4355], [-70.629578, -33.435508], [-70.629605, -33.435517], [-70.629628, -33.435523], [-70.629652, -33.435532], [-70.629677, -33.43554], [-70.629705, -33.435543], [-70.629735, -33.43555], [-70.629763, -33.435565], [-70.62979, -33.435582], [-70.629817, -33.435593], [-70.62984, -33.435607], [-70.629863, -33.435618], [-70.62989, -33.435633], [-70.629917, -33.435642], [-70.629942, -33.435653], [-70.62997, -33.435667], [-70.629993, -33.435682], [-70.630018, -33.435693], [-70.630043, -33.435707], [-70.630068, -33.435718], [-70.630093, -33.435732], [-70.630117, -33.435743], [-70.630142, -33.435753], [-70.630167, -33.435763], [-70.630188, -33.435773], [-70.630213, -33.435787], [-70.630235, -33.435798], [-70.630253, -33.435807], [-70.63027, -33.435812], [-70.630285, -33.435817], [-70.630295, -33.43582], [-70.630307, -33.435822], [-70.63032, -33.435823], [-70.630333, -33.43583], [-70.630342, -33.435835], [-70.630353, -33.435842], [-70.630367, -33.435848], [-70.630378, -33.435855], [-70.630392, -33.43586], [-70.630403, -33.435858], [-70.630415, -33.435862], [-70.63043, -33.435865], [-70.630445, -33.435872], [-70.630462, -33.435878], [-70.630472, -33.435885], [-70.630485, -33.43589], [-70.630502, -33.435895], [-70.630515, -33.4359], [-70.63053, -33.435905], [-70.630542, -33.43591], [-70.630555, -33.435917], [-70.630568, -33.435922], [-70.630585, -33.435932], [-70.6306, -33.43594], [-70.630617, -33.435948], [-70.63063, -33.435957], [-70.630647, -33.435963], [-70.63066, -33.435968], [-70.630672, -33.435973], [-70.630683, -33.435975], [-70.630697, -33.435987], [-70.63071, -33.436], [-70.630727, -33.43601], [-70.630748, -33.43602], [-70.630773, -33.436028], [-70.630797, -33.436038], [-70.630818, -33.436048], [-70.630843, -33.436057], [-70.630867, -33.436063], [-70.630893, -33.436072], [-70.630918, -33.43608], [-70.630945, -33.43609], [-70.63097, -33.436098], [-70.630995, -33.436108], [-70.631022, -33.436118], [-70.631045, -33.43613], [-70.631072, -33.436138], [-70.631098, -33.436147], [-70.631122, -33.436158], [-70.631148, -33.436167], [-70.631177, -33.436177], [-70.631203, -33.436182], [-70.63123, -33.43619], [-70.631255, -33.436198], [-70.631282, -33.43621], [-70.631308, -33.43622], [-70.631332, -33.436228], [-70.631357, -33.436235], [-70.631382, -33.436245], [-70.631405, -33.436257], [-70.631428, -33.436268], [-70.631457, -33.436282], [-70.631482, -33.436292], [-70.631507, -33.436302], [-70.631535, -33.436312], [-70.631555, -33.43632], [-70.631578, -33.436332], [-70.631602, -33.436342], [-70.631628, -33.436355], [-70.631655, -33.436368], [-70.631682, -33.436378], [-70.631707, -33.436385], [-70.631733, -33.436395], [-70.631758, -33.436403], [-70.631788, -33.436413], [-70.631807, -33.436423], [-70.631828, -33.436433], [-70.63185, -33.436442], [-70.631872, -33.436447], [-70.631893, -33.436452], [-70.631913, -33.436457], [-70.631938, -33.436463], [-70.631962, -33.436467], [-70.63198, -33.436468], [-70.631998, -33.436472], [-70.632018, -33.436482], [-70.632038, -33.436493], [-70.63206, -33.436513], [-70.63209, -33.436532], [-70.63212, -33.436553], [-70.63215, -33.43656], [-70.632178, -33.436572], [-70.632207, -33.436583], [-70.63223, -33.436592], [-70.632257, -33.436603], [-70.632277, -33.436615], [-70.63229, -33.43662], [-70.632307, -33.436625], [-70.632325, -33.436632], [-70.63235, -33.43664], [-70.632373, -33.436642], [-70.632395, -33.436653], [-70.632407, -33.436673], [-70.632405, -33.436687], [-70.6324, -33.436705], [-70.632405, -33.436712], [-70.632407, -33.43672], [-70.632407, -33.436732], [-70.6324, -33.43675], [-70.632382, -33.436773], [-70.632377, -33.436792], [-70.632375, -33.436805], [-70.632385, -33.436812], [-70.632398, -33.436818], [-70.63241, -33.436827], [-70.632423, -33.436833], [-70.63274, -33.436913], [-70.632828, -33.436955], [-70.63295, -33.436908], [-70.632947, -33.436927], [-70.632953, -33.43694], [-70.632965, -33.436955], [-70.632985, -33.436955], [-70.632973, -33.436972], [-70.63297, -33.43698], [-70.632983, -33.436987], [-70.632985, -33.436998], [-70.63299, -33.437005], [-70.632973, -33.437017], [-70.63298, -33.437015], [-70.632998, -33.437012], [-70.633015, -33.437005], [-70.633027, -33.437], [-70.633037, -33.436993], [-70.633065, -33.436982], [-70.633088, -33.43697], [-70.633112, -33.436967], [-70.633128, -33.436967], [-70.633148, -33.436965], [-70.633173, -33.436955], [-70.6332, -33.436942], [-70.633223, -33.43693], [-70.633247, -33.436923], [-70.633268, -33.436913], [-70.633287, -33.436907], [-70.633298, -33.436902], [-70.633313, -33.436895], [-70.633333, -33.436885], [-70.633358, -33.436875], [-70.63338, -33.436867], [-70.6334, -33.436863], [-70.633425, -33.436863], [-70.633443, -33.436858], [-70.633462, -33.436853], [-70.63348, -33.43685], [-70.633492, -33.436848], [-70.633507, -33.436847], [-70.633525, -33.436845], [-70.633543, -33.436837], [-70.633568, -33.436825], [-70.633593, -33.43682], [-70.633618, -33.43682], [-70.633642, -33.436822], [-70.633665, -33.436825], [-70.633682, -33.436825], [-70.633692, -33.436822], [-70.633697, -33.436815], [-70.633708, -33.436812], [-70.633722, -33.436808], [-70.633728, -33.436798], [-70.633738, -33.43679], [-70.633748, -33.436785], [-70.633763, -33.436782], [-70.633778, -33.436782], [-70.63379, -33.436787], [-70.633803, -33.436787], [-70.633817, -33.436788], [-70.63383, -33.436788], [-70.633842, -33.436787], [-70.633855, -33.43678], [-70.633865, -33.436775], [-70.633878, -33.43677], [-70.633893, -33.43677], [-70.633905, -33.43677], [-70.633913, -33.436763], [-70.633927, -33.436762], [-70.633942, -33.436758], [-70.633955, -33.436753], [-70.633963, -33.43675], [-70.633975, -33.43675], [-70.633988, -33.436748], [-70.634002, -33.436747], [-70.634018, -33.436747], [-70.634033, -33.436747], [-70.634045, -33.436745], [-70.634058, -33.43674], [-70.634075, -33.436737], [-70.634088, -33.436733], [-70.634103, -33.436727], [-70.634118, -33.43672], [-70.634133, -33.436715], [-70.634147, -33.436712], [-70.634162, -33.436708], [-70.634175, -33.436703], [-70.634185, -33.436697], [-70.634197, -33.43669], [-70.634208, -33.436687], [-70.634223, -33.436683], [-70.634237, -33.436683], [-70.634252, -33.436683], [-70.634267, -33.436692], [-70.634287, -33.436697], [-70.634297, -33.436707], [-70.634317, -33.436715], [-70.634335, -33.436713], [-70.63435, -33.436713], [-70.634363, -33.436713], [-70.634373, -33.436717], [-70.634385, -33.436718], [-70.6344, -33.436723], [-70.63442, -33.436732], [-70.634435, -33.436743], [-70.634447, -33.436748], [-70.634468, -33.436748], [-70.634492, -33.436752], [-70.634512, -33.436758], [-70.634532, -33.436762], [-70.63455, -33.436763], [-70.634565, -33.436765], [-70.63458, -33.43677], [-70.634597, -33.436775], [-70.634612, -33.43678], [-70.634637, -33.436788], [-70.634657, -33.436797], [-70.634678, -33.436805], [-70.6347, -33.436813], [-70.634715, -33.436818], [-70.634735, -33.436828], [-70.63476, -33.43684], [-70.634782, -33.436855], [-70.634798, -33.436868], [-70.634822, -33.436888], [-70.63484, -33.436902], [-70.634865, -33.436922], [-70.634885, -33.436938], [-70.634905, -33.436953], [-70.634923, -33.436968], [-70.634943, -33.436985], [-70.634963, -33.437005], [-70.634985, -33.437023], [-70.635003, -33.437035], [-70.635028, -33.437053], [-70.635048, -33.437065], [-70.635072, -33.43708], [-70.635097, -33.437097], [-70.635127, -33.437113], [-70.635152, -33.437128], [-70.635173, -33.437143], [-70.635198, -33.437153], [-70.635225, -33.437163], [-70.635248, -33.437175], [-70.63527, -33.437185], [-70.635293, -33.437192], [-70.63532, -33.437198], [-70.635345, -33.437205], [-70.635365, -33.43721], [-70.63539, -33.437217], [-70.63542, -33.437222], [-70.635448, -33.437227], [-70.635475, -33.437233], [-70.635497, -33.43724], [-70.635513, -33.437248], [-70.635535, -33.437255], [-70.635565, -33.437263], [-70.635593, -33.437272], [-70.635617, -33.437277], [-70.635647, -33.437283], [-70.635673, -33.43729], [-70.635697, -33.437297], [-70.635715, -33.437302], [-70.635743, -33.437312], [-70.635768, -33.437317], [-70.635793, -33.437322], [-70.635813, -33.437328], [-70.635832, -33.437333], [-70.635855, -33.437342], [-70.63588, -33.437348], [-70.635908, -33.437357], [-70.63593, -33.437362], [-70.635957, -33.437372], [-70.635988, -33.437378], [-70.636015, -33.437385], [-70.636038, -33.437393], [-70.636067, -33.437402], [-70.636098, -33.437413], [-70.636132, -33.437423], [-70.636152, -33.43743], [-70.636178, -33.437437], [-70.636203, -33.437445], [-70.636227, -33.437452], [-70.636252, -33.43746], [-70.63628, -33.437467], [-70.636298, -33.437472], [-70.63632, -33.437478], [-70.63634, -33.437485], [-70.636365, -33.437495], [-70.636388, -33.4375], [-70.636403, -33.437507], [-70.63643, -33.437513], [-70.63645, -33.43752], [-70.63648, -33.437532], [-70.636505, -33.437543], [-70.636527, -33.437552], [-70.636552, -33.437562], [-70.636583, -33.437573], [-70.636602, -33.437582], [-70.636618, -33.437588], [-70.636643, -33.4376], [-70.636678, -33.437615], [-70.636712, -33.437623], [-70.636738, -33.437633], [-70.636763, -33.437642], [-70.636782, -33.437648], [-70.63681, -33.437665], [-70.636835, -33.437675], [-70.63686, -33.437685], [-70.636882, -33.437695], [-70.636905, -33.437707], [-70.636932, -33.437718], [-70.63696, -33.437733], [-70.636982, -33.437742], [-70.637007, -33.437755], [-70.637032, -33.437767], [-70.637058, -33.43778], [-70.637075, -33.43779], [-70.637098, -33.437802], [-70.637122, -33.437817], [-70.637147, -33.43783], [-70.63717, -33.437843], [-70.637197, -33.437857], [-70.63722, -33.43787], [-70.63722, -33.43787], [-70.637263, -33.437895], [-70.637285, -33.437908], [-70.63731, -33.43792], [-70.637338, -33.437937], [-70.637355, -33.437948], [-70.637377, -33.437962], [-70.6374, -33.437977], [-70.637422, -33.43799], [-70.637448, -33.438005], [-70.637467, -33.438018], [-70.637488, -33.438032], [-70.637513, -33.43805], [-70.637537, -33.438063], [-70.63755, -33.438073], [-70.637573, -33.438085], [-70.637593, -33.438098], [-70.637615, -33.438112], [-70.637638, -33.43813], [-70.637653, -33.438143], [-70.637672, -33.438157], [-70.637698, -33.438177], [-70.63772, -33.43819], [-70.637743, -33.438205], [-70.63776, -33.438215], [-70.637783, -33.438228], [-70.637803, -33.438243], [-70.637827, -33.438258], [-70.637842, -33.438268], [-70.637863, -33.438282], [-70.637887, -33.438302], [-70.6379, -33.438315], [-70.637925, -33.438335], [-70.63794, -33.438348], [-70.63796, -33.438363], [-70.63798, -33.438377], [-70.638, -33.438392], [-70.63802, -33.438408], [-70.63804, -33.438428], [-70.63806, -33.438445], [-70.638082, -33.438457], [-70.638103, -33.438472], [-70.638128, -33.438488], [-70.63815, -33.438502], [-70.638173, -33.438517], [-70.638195, -33.43853], [-70.638217, -33.43855], [-70.638238, -33.438567], [-70.638262, -33.438578], [-70.638283, -33.438592], [-70.638303, -33.438607], [-70.638327, -33.438625], [-70.63835, -33.43864], [-70.63837, -33.438657], [-70.638392, -33.438672], [-70.638412, -33.438687], [-70.63843, -33.438703], [-70.63845, -33.43872], [-70.638468, -33.438735], [-70.638488, -33.438748], [-70.638512, -33.438763], [-70.638533, -33.438777], [-70.638555, -33.438793], [-70.638575, -33.438808], [-70.638595, -33.438825], [-70.638615, -33.43884], [-70.638637, -33.438857], [-70.638655, -33.43887], [-70.638673, -33.438882], [-70.638693, -33.438897], [-70.638713, -33.438913], [-70.638733, -33.43893], [-70.638745, -33.43894], [-70.638765, -33.438952], [-70.638782, -33.438967], [-70.638798, -33.438983], [-70.638817, -33.438995], [-70.638835, -33.43901], [-70.638853, -33.439023], [-70.638873, -33.439038], [-70.638893, -33.439057], [-70.638915, -33.439073], [-70.638937, -33.439087], [-70.638963, -33.439105], [-70.638987, -33.439122], [-70.639007, -33.439137], [-70.639028, -33.43915], [-70.639048, -33.439163], [-70.639073, -33.439178], [-70.63909, -33.439192], [-70.63911, -33.439207], [-70.639132, -33.439222], [-70.63915, -33.439235], [-70.639172, -33.439247], [-70.63919, -33.439262], [-70.639207, -33.439268], [-70.639233, -33.43928], [-70.639257, -33.439295], [-70.639282, -33.439312], [-70.639302, -33.43933], [-70.639328, -33.439352], [-70.639345, -33.439363], [-70.639362, -33.43938], [-70.63938, -33.439398], [-70.639398, -33.439412], [-70.63942, -33.439432], [-70.639437, -33.439443], [-70.639453, -33.439455], [-70.63947, -33.439475], [-70.639483, -33.439485], [-70.639502, -33.439502], [-70.639522, -33.439517], [-70.639543, -33.439533], [-70.63957, -33.439552], [-70.639595, -33.43957], [-70.639618, -33.439585], [-70.639637, -33.439595], [-70.639657, -33.43961], [-70.639683, -33.43963], [-70.639702, -33.439648], [-70.639727, -33.439663], [-70.639748, -33.439675], [-70.639782, -33.439687], [-70.639808, -33.439707], [-70.639825, -33.439722], [-70.639848, -33.439733], [-70.639865, -33.439742], [-70.639887, -33.43975], [-70.63991, -33.43977], [-70.639933, -33.439788], [-70.639955, -33.439802], [-70.639972, -33.43981], [-70.639995, -33.439828], [-70.640012, -33.439843], [-70.640028, -33.439863], [-70.640045, -33.439887], [-70.64006, -33.439902], [-70.640083, -33.439917], [-70.64011, -33.439922], [-70.640142, -33.439927], [-70.640165, -33.439942], [-70.640185, -33.439953], [-70.64021, -33.439973], [-70.64023, -33.439987], [-70.640252, -33.440002], [-70.640273, -33.440017], [-70.640295, -33.440032], [-70.640318, -33.440042], [-70.640347, -33.440057], [-70.640365, -33.440065], [-70.640385, -33.440075], [-70.640417, -33.440085], [-70.640438, -33.4401], [-70.640458, -33.440115], [-70.640477, -33.440127], [-70.640503, -33.440143], [-70.640522, -33.440157], [-70.640543, -33.440172], [-70.64057, -33.440187], [-70.64059, -33.440202], [-70.640613, -33.440215], [-70.640637, -33.440227], [-70.640658, -33.44024], [-70.640682, -33.440255], [-70.6407, -33.440265], [-70.640723, -33.44028], [-70.640742, -33.440293], [-70.64075, -33.440303], [-70.640758, -33.44031], [-70.64077, -33.440315], [-70.640783, -33.440322], [-70.640795, -33.44033], [-70.640807, -33.440338], [-70.64082, -33.440347], [-70.640835, -33.440357], [-70.64085, -33.440363], [-70.640863, -33.44037], [-70.640878, -33.440375], [-70.640892, -33.44038], [-70.640903, -33.440385], [-70.640915, -33.440387], [-70.640927, -33.44039], [-70.640937, -33.440397], [-70.640937, -33.440408], [-70.640935, -33.440425], [-70.640945, -33.440432], [-70.640955, -33.440438], [-70.64097, -33.440445], [-70.640985, -33.440455], [-70.641, -33.44046], [-70.641015, -33.440463], [-70.641027, -33.440472], [-70.641038, -33.440483], [-70.641052, -33.440492], [-70.64106, -33.4405], [-70.641065, -33.440507], [-70.641075, -33.440513], [-70.641087, -33.440523], [-70.641098, -33.44053], [-70.641112, -33.440537], [-70.641123, -33.440542], [-70.641137, -33.440545], [-70.641145, -33.440553], [-70.641153, -33.440563], [-70.641162, -33.440577], [-70.641173, -33.440588], [-70.641187, -33.440598], [-70.6412, -33.440613], [-70.641218, -33.440627], [-70.641242, -33.440643], [-70.64126, -33.440662], [-70.641278, -33.440678], [-70.641292, -33.440688], [-70.641315, -33.440707], [-70.641335, -33.440718], [-70.641357, -33.44073], [-70.641378, -33.440743], [-70.641397, -33.440757], [-70.641415, -33.440777], [-70.641432, -33.440802], [-70.641447, -33.440825], [-70.641467, -33.440843], [-70.641487, -33.44086], [-70.641513, -33.440875], [-70.641542, -33.44089], [-70.641565, -33.440905], [-70.641582, -33.440917], [-70.641602, -33.440935], [-70.641628, -33.440953], [-70.641652, -33.440967], [-70.641672, -33.440975], [-70.641688, -33.440985], [-70.641708, -33.441003], [-70.641732, -33.441023], [-70.641753, -33.441037], [-70.641777, -33.441052], [-70.641793, -33.44106], [-70.641813, -33.441073], [-70.641838, -33.441088], [-70.641862, -33.441103], [-70.641883, -33.44112], [-70.641907, -33.441137], [-70.641928, -33.441155], [-70.64195, -33.441175], [-70.64197, -33.441195], [-70.64199, -33.441208], [-70.642007, -33.441217], [-70.64203, -33.441232], [-70.642053, -33.441237], [-70.642075, -33.441253], [-70.642095, -33.441272], [-70.642112, -33.441282], [-70.642135, -33.4413], [-70.642157, -33.44131], [-70.642175, -33.441318], [-70.642197, -33.441335], [-70.64222, -33.441352], [-70.642242, -33.441367], [-70.642263, -33.44138], [-70.642285, -33.441392], [-70.642305, -33.441405], [-70.642332, -33.441423], [-70.64235, -33.441435], [-70.642377, -33.441455], [-70.642393, -33.44147], [-70.642413, -33.441485], [-70.642435, -33.441497], [-70.642455, -33.441508], [-70.642477, -33.44152], [-70.6425, -33.441532], [-70.64252, -33.441543], [-70.642542, -33.441558], [-70.64256, -33.441577], [-70.642583, -33.441592], [-70.642607, -33.441607], [-70.642625, -33.441617], [-70.642642, -33.441628], [-70.64266, -33.441643], [-70.642682, -33.441655], [-70.642703, -33.441668], [-70.642723, -33.44168], [-70.642742, -33.441692], [-70.642767, -33.441705], [-70.642783, -33.44171], [-70.642797, -33.441717], [-70.642812, -33.441725], [-70.642822, -33.441733], [-70.64283, -33.441742], [-70.642838, -33.441752], [-70.642842, -33.441763], [-70.642848, -33.441778], [-70.642855, -33.441783], [-70.642865, -33.441788], [-70.642878, -33.441795], [-70.642893, -33.4418], [-70.642908, -33.441807], [-70.64292, -33.44181], [-70.642928, -33.441818], [-70.642942, -33.441825], [-70.642955, -33.441837], [-70.642972, -33.44185], [-70.642987, -33.441862], [-70.64301, -33.441872], [-70.643032, -33.441882], [-70.643053, -33.44189], [-70.643083, -33.441903], [-70.64311, -33.441915], [-70.643133, -33.441928], [-70.643155, -33.441938], [-70.643178, -33.441948], [-70.643207, -33.441963], [-70.64323, -33.441975], [-70.643255, -33.441987], [-70.643278, -33.441998], [-70.643302, -33.442013], [-70.643328, -33.442027], [-70.643357, -33.442038], [-70.643387, -33.44205], [-70.643413, -33.44206], [-70.643438, -33.44207], [-70.643463, -33.442078], [-70.643488, -33.442083], [-70.643508, -33.442088], [-70.643533, -33.442097], [-70.643563, -33.442108], [-70.64358, -33.442115], [-70.643602, -33.442123], [-70.643623, -33.442132], [-70.643645, -33.442142], [-70.643672, -33.442157], [-70.643695, -33.442153], [-70.64372, -33.442155], [-70.64374, -33.442157], [-70.643767, -33.442158], [-70.643798, -33.442167], [-70.643827, -33.442177], [-70.643865, -33.442187], [-70.643905, -33.442198], [-70.643943, -33.442212], [-70.643977, -33.442217], [-70.644003, -33.442222], [-70.644033, -33.44223], [-70.644067, -33.442248], [-70.6441, -33.44227], [-70.644128, -33.44229], [-70.644157, -33.442308], [-70.644182, -33.442327], [-70.644207, -33.442335], [-70.644238, -33.442338], [-70.644267, -33.442342], [-70.644298, -33.442342], [-70.644325, -33.442353], [-70.644352, -33.442368], [-70.644373, -33.442383], [-70.644403, -33.4424], [-70.644432, -33.44242], [-70.644465, -33.442438], [-70.644493, -33.442447], [-70.644527, -33.442465], [-70.644548, -33.442477], [-70.644575, -33.442485], [-70.644598, -33.442495], [-70.644625, -33.4425], [-70.644648, -33.442503], [-70.644673, -33.442505], [-70.644703, -33.44251], [-70.644723, -33.442512], [-70.644753, -33.442522], [-70.644775, -33.442527], [-70.6448, -33.442532], [-70.644825, -33.442535], [-70.644845, -33.442533], [-70.644867, -33.442537], [-70.6449, -33.442545], [-70.644932, -33.442553], [-70.644963, -33.442553], [-70.644992, -33.442552], [-70.645028, -33.442558], [-70.645062, -33.442568], [-70.645088, -33.44259], [-70.64511, -33.442605], [-70.645125, -33.442628], [-70.64514, -33.44266], [-70.645152, -33.44266], [-70.645177, -33.44266], [-70.645218, -33.442663], [-70.645257, -33.44266], [-70.645295, -33.442665], [-70.645323, -33.442672], [-70.645357, -33.44268], [-70.645387, -33.44269], [-70.64542, -33.442693], [-70.645452, -33.442693], [-70.645487, -33.442697], [-70.645517, -33.442698], [-70.645543, -33.442697], [-70.645573, -33.442705], [-70.645602, -33.442717], [-70.645638, -33.442735], [-70.645663, -33.442743], [-70.645692, -33.442748], [-70.64572, -33.442752], [-70.645748, -33.442757], [-70.645777, -33.442763], [-70.645798, -33.44277], [-70.645825, -33.442777], [-70.645847, -33.442782], [-70.64587, -33.442782], [-70.645887, -33.442783], [-70.645903, -33.442782], [-70.64593, -33.44278], [-70.645957, -33.442782], [-70.645983, -33.442788], [-70.646013, -33.442793], [-70.646042, -33.442802], [-70.646068, -33.44281], [-70.646095, -33.442815], [-70.646123, -33.44282], [-70.646152, -33.442833], [-70.646178, -33.442847], [-70.646207, -33.442858], [-70.646243, -33.442858], [-70.646273, -33.442862], [-70.646303, -33.442865], [-70.646335, -33.442868], [-70.646368, -33.442873], [-70.6464, -33.442875], [-70.646428, -33.442882], [-70.646453, -33.442887], [-70.646477, -33.442888], [-70.646502, -33.44289], [-70.646532, -33.442893], [-70.64656, -33.442898], [-70.646603, -33.442902], [-70.64663, -33.442902], [-70.646657, -33.442905], [-70.646677, -33.442912], [-70.646703, -33.442925], [-70.646738, -33.442942], [-70.646762, -33.442962], [-70.646782, -33.442968], [-70.646807, -33.442973], [-70.646832, -33.44298], [-70.646862, -33.44299], [-70.646885, -33.443], [-70.64691, -33.443007], [-70.646935, -33.443015], [-70.646962, -33.44302], [-70.646992, -33.443023], [-70.647013, -33.44303], [-70.647045, -33.443037], [-70.647067, -33.44304], [-70.647082, -33.44304], [-70.647098, -33.443042], [-70.647112, -33.443043], [-70.647128, -33.443047], [-70.647147, -33.44305], [-70.64716, -33.443055], [-70.647173, -33.44306], [-70.64718, -33.443067], [-70.647188, -33.443065], [-70.647202, -33.443062], [-70.647213, -33.443058], [-70.647227, -33.44306], [-70.647238, -33.44306], [-70.647257, -33.44306], [-70.647275, -33.443057], [-70.647295, -33.443057], [-70.647317, -33.443053], [-70.64734, -33.443053], [-70.647357, -33.443048], [-70.64737, -33.443053], [-70.64739, -33.44306], [-70.647407, -33.443067], [-70.647422, -33.44307], [-70.64744, -33.443073], [-70.647457, -33.443073], [-70.647467, -33.443077], [-70.647475, -33.443078], [-70.64749, -33.44308], [-70.647508, -33.443085], [-70.647518, -33.443085], [-70.647528, -33.44309], [-70.647545, -33.44309], [-70.647565, -33.44309], [-70.647595, -33.443095], [-70.64762, -33.443105], [-70.64764, -33.443112], [-70.647663, -33.44312], [-70.647697, -33.443128], [-70.647718, -33.443132], [-70.647745, -33.443138], [-70.64777, -33.443143], [-70.647795, -33.443152], [-70.647822, -33.443158], [-70.647847, -33.443165], [-70.647878, -33.443172], [-70.647898, -33.443177], [-70.647927, -33.443185], [-70.647955, -33.443188], [-70.64798, -33.443195], [-70.648008, -33.443202], [-70.648035, -33.443207], [-70.648062, -33.443212], [-70.648093, -33.44322], [-70.648117, -33.443225], [-70.648145, -33.443232], [-70.648172, -33.443238], [-70.6482, -33.443245], [-70.648233, -33.443253], [-70.648255, -33.44326], [-70.648283, -33.443265], [-70.648312, -33.443272], [-70.648338, -33.443278], [-70.648368, -33.443285], [-70.648388, -33.44329], [-70.648413, -33.443295], [-70.648438, -33.4433], [-70.648468, -33.443308], [-70.648488, -33.443312], [-70.648512, -33.44332], [-70.648538, -33.443327], [-70.648562, -33.443332], [-70.648585, -33.443337], [-70.648608, -33.443342], [-70.648628, -33.443345], [-70.648637, -33.443348], [-70.648652, -33.44336], [-70.648667, -33.443373], [-70.648687, -33.44338], [-70.648707, -33.44338], [-70.64872, -33.443383], [-70.64874, -33.443388], [-70.648755, -33.443397], [-70.648775, -33.443402], [-70.648792, -33.44341], [-70.648798, -33.44341], [-70.648818, -33.443418], [-70.648835, -33.44342], [-70.648857, -33.443422], [-70.64888, -33.443428], [-70.648907, -33.44343], [-70.648935, -33.443435], [-70.648963, -33.44344], [-70.648993, -33.443447], [-70.649018, -33.443452], [-70.649042, -33.443458], [-70.64907, -33.443472], [-70.649095, -33.443483], [-70.649122, -33.443492], [-70.649147, -33.443498], [-70.649173, -33.443505], [-70.649197, -33.443512], [-70.64922, -33.44352], [-70.64925, -33.443528], [-70.64927, -33.443533], [-70.649297, -33.44354], [-70.649318, -33.443548], [-70.64934, -33.443555], [-70.649365, -33.443565], [-70.649392, -33.443575], [-70.649417, -33.443585], [-70.649442, -33.443592], [-70.649467, -33.443602], [-70.649495, -33.443613], [-70.649505, -33.44362], [-70.649525, -33.443635], [-70.649547, -33.44364], [-70.649573, -33.44365], [-70.649597, -33.443657], [-70.64962, -33.443668], [-70.649662, -33.44368], [-70.649692, -33.44369], [-70.649722, -33.4437], [-70.64975, -33.44371], [-70.649775, -33.443722], [-70.649802, -33.443732], [-70.649828, -33.443735], [-70.64986, -33.443743], [-70.649878, -33.44375], [-70.649902, -33.443757], [-70.649928, -33.443765], [-70.64996, -33.443768], [-70.649993, -33.443778], [-70.650012, -33.443782], [-70.65004, -33.443777], [-70.650067, -33.443788], [-70.650088, -33.443798], [-70.650112, -33.443815], [-70.650132, -33.44382], [-70.650152, -33.443823], [-70.650172, -33.443838], [-70.650197, -33.443847], [-70.650238, -33.443853], [-70.650272, -33.443873], [-70.650292, -33.443882], [-70.650318, -33.443888], [-70.650342, -33.4439], [-70.650368, -33.44391], [-70.650397, -33.443927], [-70.65042, -33.443938], [-70.650455, -33.443937], [-70.650487, -33.443933], [-70.65051, -33.443927], [-70.650533, -33.443918], [-70.650558, -33.44392], [-70.650587, -33.443928], [-70.650613, -33.443937], [-70.650642, -33.443942], [-70.650668, -33.443945], [-70.65069, -33.44395], [-70.650723, -33.44396], [-70.65075, -33.44397], [-70.650775, -33.44398], [-70.650797, -33.443985], [-70.650825, -33.44399], [-70.650858, -33.443992], [-70.650883, -33.44399], [-70.650907, -33.443985], [-70.650938, -33.443977], [-70.650968, -33.443977], [-70.650995, -33.44398], [-70.651023, -33.443985], [-70.651043, -33.443988], [-70.651068, -33.443993], [-70.651092, -33.443997], [-70.651113, -33.443998], [-70.651133, -33.443992], [-70.65115, -33.44399], [-70.651168, -33.443988], [-70.651188, -33.44399], [-70.651205, -33.443997], [-70.651222, -33.444003], [-70.651233, -33.444007], [-70.651245, -33.444013], [-70.651258, -33.444022], [-70.651272, -33.444025], [-70.651283, -33.444027], [-70.651298, -33.444028], [-70.651313, -33.444027], [-70.651328, -33.444027], [-70.651343, -33.444032], [-70.651358, -33.444035], [-70.651373, -33.44404], [-70.65139, -33.444043], [-70.651397, -33.444043], [-70.651413, -33.444045], [-70.651433, -33.444048], [-70.651462, -33.444055], [-70.651488, -33.44406], [-70.651515, -33.444067], [-70.651543, -33.444067], [-70.651572, -33.444072], [-70.651602, -33.444077], [-70.651635, -33.444083], [-70.651665, -33.444088], [-70.651697, -33.444092], [-70.651725, -33.444092], [-70.651757, -33.444097], [-70.651785, -33.444098], [-70.651815, -33.4441], [-70.651845, -33.444102], [-70.65187, -33.44409], [-70.651895, -33.444078], [-70.651925, -33.44408], [-70.651955, -33.444087], [-70.651985, -33.444097], [-70.652018, -33.444107], [-70.652042, -33.444108], [-70.652068, -33.444107], [-70.652093, -33.444107], [-70.65212, -33.444108], [-70.652145, -33.444115], [-70.652168, -33.444118], [-70.65219, -33.444122], [-70.652212, -33.444128], [-70.652235, -33.444135], [-70.652258, -33.444138], [-70.652282, -33.444143], [-70.652305, -33.444147], [-70.652332, -33.444152], [-70.652358, -33.444153], [-70.652392, -33.444155], [-70.652418, -33.44416], [-70.652447, -33.444167], [-70.652465, -33.444168], [-70.652488, -33.44417], [-70.652512, -33.444177], [-70.652533, -33.444178], [-70.65256, -33.444185], [-70.652583, -33.444188], [-70.652605, -33.44419], [-70.652623, -33.444193], [-70.652652, -33.444193], [-70.652678, -33.444202], [-70.652702, -33.444215], [-70.652725, -33.444232], [-70.652738, -33.444243], [-70.652758, -33.444253], [-70.652777, -33.44426], [-70.652795, -33.444267], [-70.652813, -33.444272], [-70.652832, -33.444277], [-70.652852, -33.444288], [-70.652875, -33.444295], [-70.652892, -33.4443], [-70.6529, -33.4443], [-70.652913, -33.444308], [-70.652937, -33.444313], [-70.652953, -33.444315], [-70.652975, -33.444325], [-70.65299, -33.444332], [-70.653005, -33.444335], [-70.65302, -33.444337], [-70.653035, -33.444342], [-70.653053, -33.444348], [-70.653065, -33.444353], [-70.653077, -33.444357], [-70.653095, -33.444363], [-70.653108, -33.444367], [-70.653123, -33.444372], [-70.653133, -33.444373], [-70.65315, -33.444383], [-70.653175, -33.444392], [-70.653198, -33.4444], [-70.653225, -33.444407], [-70.65325, -33.444413], [-70.653277, -33.44442], [-70.653303, -33.444422], [-70.653328, -33.444425], [-70.653348, -33.44443], [-70.653373, -33.444433], [-70.653397, -33.444438], [-70.653427, -33.444442], [-70.653455, -33.444445], [-70.653475, -33.44445], [-70.653502, -33.444453], [-70.653527, -33.44446], [-70.653552, -33.444465], [-70.653582, -33.444473], [-70.653602, -33.44448], [-70.653627, -33.444483], [-70.653652, -33.444492], [-70.653678, -33.444495], [-70.653705, -33.4445], [-70.65373, -33.444502], [-70.653758, -33.44451], [-70.653783, -33.444517], [-70.65381, -33.444525], [-70.653837, -33.444533], [-70.653863, -33.444538], [-70.653888, -33.444542], [-70.653913, -33.444545], [-70.653938, -33.444547], [-70.653967, -33.44455], [-70.653993, -33.444555], [-70.65402, -33.44456], [-70.654042, -33.444562], [-70.654072, -33.444567], [-70.654093, -33.444572], [-70.65412, -33.444577], [-70.654152, -33.44458], [-70.654177, -33.444583], [-70.654197, -33.444583], [-70.654222, -33.444585], [-70.654247, -33.444588], [-70.654272, -33.44459], [-70.654305, -33.444597], [-70.654325, -33.444598], [-70.654352, -33.444603], [-70.654382, -33.44461], [-70.654408, -33.444617], [-70.654427, -33.444618], [-70.654452, -33.444625], [-70.654475, -33.444632], [-70.654502, -33.444635], [-70.654527, -33.444642], [-70.654552, -33.444647], [-70.654575, -33.444655], [-70.654598, -33.444662], [-70.654625, -33.444668], [-70.654647, -33.444672], [-70.65467, -33.444675], [-70.654693, -33.44468], [-70.654715, -33.444683], [-70.654747, -33.444688], [-70.654772, -33.444692], [-70.6548, -33.444697], [-70.65482, -33.444702], [-70.654852, -33.444707], [-70.654877, -33.44471], [-70.6549, -33.444713], [-70.65492, -33.444715], [-70.654943, -33.444718], [-70.654967, -33.444727], [-70.654998, -33.444735], [-70.655025, -33.444743], [-70.655047, -33.444748], [-70.655072, -33.444753], [-70.655107, -33.44476], [-70.655135, -33.444765], [-70.655158, -33.444772], [-70.655182, -33.444777], [-70.655213, -33.444787], [-70.655245, -33.444797], [-70.655277, -33.444805], [-70.6553, -33.444808], [-70.655328, -33.444815], [-70.655357, -33.44482], [-70.65539, -33.444828], [-70.655415, -33.444835], [-70.655443, -33.444843], [-70.655468, -33.44485], [-70.655493, -33.444857], [-70.65552, -33.444867], [-70.655553, -33.444877], [-70.655572, -33.444885], [-70.655597, -33.444893], [-70.655622, -33.444902], [-70.655645, -33.44491], [-70.65567, -33.444918], [-70.655698, -33.44493], [-70.655722, -33.444937], [-70.655753, -33.44494], [-70.65578, -33.444942], [-70.655802, -33.444942], [-70.655822, -33.444945], [-70.655845, -33.444953], [-70.655863, -33.44496], [-70.65589, -33.444978], [-70.655912, -33.444988], [-70.655937, -33.444992], [-70.65596, -33.445007], [-70.655982, -33.44502], [-70.656018, -33.445028], [-70.656038, -33.44503], [-70.65606, -33.44503], [-70.656087, -33.445028], [-70.656113, -33.445023], [-70.656133, -33.445023], [-70.656152, -33.44503], [-70.656178, -33.445038], [-70.656205, -33.445047], [-70.656233, -33.445053], [-70.65626, -33.44506], [-70.656282, -33.445065], [-70.656307, -33.44507], [-70.656332, -33.445073], [-70.65636, -33.445077], [-70.65638, -33.445078], [-70.656393, -33.445077], [-70.656408, -33.445077], [-70.656423, -33.44508], [-70.656442, -33.445085], [-70.65646, -33.445092], [-70.656473, -33.445093], [-70.65649, -33.445097], [-70.656507, -33.445102], [-70.656527, -33.445105], [-70.656547, -33.445112], [-70.656563, -33.44512], [-70.656583, -33.445123], [-70.656597, -33.44513], [-70.65662, -33.44514], [-70.65664, -33.445148], [-70.656655, -33.445155], [-70.656675, -33.445153], [-70.65669, -33.445153], [-70.656703, -33.445155], [-70.656722, -33.445155], [-70.656738, -33.44516], [-70.656755, -33.445167], [-70.656775, -33.445178], [-70.656793, -33.445192], [-70.656812, -33.4452], [-70.656825, -33.445205], [-70.656842, -33.445212], [-70.656858, -33.445218], [-70.656878, -33.445222], [-70.6569, -33.445223], [-70.656922, -33.445228], [-70.656945, -33.445235], [-70.656968, -33.445237], [-70.656995, -33.445242], [-70.657012, -33.445245], [-70.657042, -33.445248], [-70.657065, -33.445248], [-70.657092, -33.445252], [-70.657117, -33.445252], [-70.65714, -33.44526], [-70.657168, -33.445265], [-70.657202, -33.445272], [-70.657228, -33.445275], [-70.657248, -33.445278], [-70.657275, -33.445283], [-70.657308, -33.445292], [-70.657337, -33.4453], [-70.657365, -33.445307], [-70.657388, -33.445312], [-70.657417, -33.445318], [-70.657443, -33.445322], [-70.65747, -33.445327], [-70.657495, -33.44533], [-70.657518, -33.445333], [-70.657542, -33.44534], [-70.657573, -33.44535], [-70.6576, -33.445357], [-70.657625, -33.44536], [-70.657643, -33.445362], [-70.657667, -33.445365], [-70.65769, -33.445368], [-70.657713, -33.445372], [-70.657737, -33.445375], [-70.657762, -33.44538], [-70.657787, -33.445385], [-70.657808, -33.445387], [-70.657825, -33.44539], [-70.657848, -33.445397], [-70.65787, -33.4454], [-70.657892, -33.445403], [-70.657915, -33.445408], [-70.657935, -33.445412], [-70.657957, -33.44542], [-70.657977, -33.445428], [-70.658012, -33.44544], [-70.658038, -33.445442], [-70.658065, -33.44544], [-70.658087, -33.44544], [-70.658113, -33.445445], [-70.658142, -33.445453], [-70.658168, -33.44546], [-70.658193, -33.445467], [-70.658223, -33.445475], [-70.65825, -33.445485], [-70.65828, -33.445493], [-70.658298, -33.445495], [-70.658323, -33.445498], [-70.658357, -33.445507], [-70.65839, -33.445517], [-70.65842, -33.445527], [-70.658452, -33.445537], [-70.658477, -33.445547], [-70.658503, -33.445557], [-70.658535, -33.445567], [-70.658565, -33.445572], [-70.658592, -33.445575], [-70.658617, -33.445582], [-70.65864, -33.445583], [-70.658658, -33.445583], [-70.658673, -33.44559], [-70.658687, -33.445592], [-70.658697, -33.445593], [-70.658712, -33.445602], [-70.65873, -33.445612], [-70.658748, -33.445618], [-70.65877, -33.445623], [-70.65879, -33.445622], [-70.658808, -33.445618], [-70.658817, -33.445617], [-70.658828, -33.445622], [-70.65884, -33.445625], [-70.65885, -33.44563], [-70.658867, -33.445635], [-70.658878, -33.44564], [-70.658893, -33.445642], [-70.658908, -33.445645], [-70.658922, -33.445645], [-70.658933, -33.445648], [-70.658945, -33.445653], [-70.658965, -33.445658], [-70.658977, -33.445658], [-70.658993, -33.445665], [-70.65901, -33.44567], [-70.659027, -33.445675], [-70.659045, -33.44568], [-70.659062, -33.445687], [-70.659078, -33.445692], [-70.659105, -33.445702], [-70.659125, -33.445708], [-70.659152, -33.445715], [-70.65917, -33.44572], [-70.659193, -33.445723], [-70.659223, -33.445728], [-70.659245, -33.445735], [-70.659278, -33.445742], [-70.659307, -33.44575], [-70.65933, -33.445755], [-70.659357, -33.445758], [-70.659382, -33.445763], [-70.659408, -33.44577], [-70.659435, -33.445775], [-70.65946, -33.44578], [-70.659492, -33.445788], [-70.659518, -33.445792], [-70.659538, -33.445793], [-70.65956, -33.445795], [-70.659587, -33.4458], [-70.659612, -33.445805], [-70.659638, -33.445813], [-70.659662, -33.445818], [-70.659687, -33.445823], [-70.659712, -33.445832], [-70.659735, -33.445838], [-70.659757, -33.445843], [-70.65978, -33.445852], [-70.659803, -33.445858], [-70.659828, -33.445863], [-70.659853, -33.445873], [-70.659878, -33.44588], [-70.659902, -33.445883], [-70.659922, -33.445888], [-70.659947, -33.445892], [-70.659972, -33.445895], [-70.659998, -33.4459], [-70.660023, -33.445905], [-70.660052, -33.445908], [-70.660083, -33.445913], [-70.660105, -33.445915], [-70.66013, -33.445918], [-70.660155, -33.445923], [-70.660183, -33.44593], [-70.660215, -33.445942], [-70.660237, -33.445955], [-70.660262, -33.445963], [-70.660292, -33.445973], [-70.660325, -33.445985], [-70.66036, -33.445995], [-70.66039, -33.445997], [-70.66042, -33.446], [-70.660445, -33.446005], [-70.660477, -33.446012], [-70.660508, -33.446025], [-70.660538, -33.446028], [-70.660575, -33.446028], [-70.660598, -33.44603], [-70.660632, -33.446033], [-70.66066, -33.44604], [-70.660682, -33.446047], [-70.66071, -33.446053], [-70.660735, -33.44606], [-70.660765, -33.446063], [-70.660792, -33.446067], [-70.660818, -33.446073], [-70.660847, -33.446077], [-70.660872, -33.446083], [-70.660897, -33.446088], [-70.66092, -33.446093], [-70.660943, -33.446098], [-70.660965, -33.446103], [-70.66099, -33.446108], [-70.661017, -33.446113], [-70.66104, -33.446118], [-70.661067, -33.446123], [-70.66109, -33.446128], [-70.661115, -33.446132], [-70.66114, -33.446137], [-70.661165, -33.446142], [-70.661193, -33.446148], [-70.661215, -33.446152], [-70.661238, -33.446158], [-70.66126, -33.446163], [-70.66128, -33.446168], [-70.661297, -33.446172], [-70.661312, -33.446175], [-70.661327, -33.446178], [-70.661338, -33.44618], [-70.661352, -33.446183], [-70.661368, -33.446187], [-70.661385, -33.44619], [-70.661403, -33.446197], [-70.661422, -33.446208], [-70.66144, -33.446218], [-70.661467, -33.446228], [-70.661483, -33.446238], [-70.661497, -33.446247], [-70.661503, -33.44625], [-70.66151, -33.446253], [-70.661515, -33.446253], [-70.661522, -33.446253], [-70.661528, -33.446255], [-70.661542, -33.446253], [-70.661553, -33.446253], [-70.661565, -33.446252], [-70.661582, -33.446255], [-70.661595, -33.446258], [-70.661617, -33.44626], [-70.66163, -33.446263], [-70.661643, -33.446267], [-70.661662, -33.44627], [-70.661685, -33.446278], [-70.6617, -33.446287], [-70.661722, -33.446302], [-70.661738, -33.446308], [-70.661757, -33.446313], [-70.661777, -33.446315], [-70.661797, -33.446317], [-70.661813, -33.44632], [-70.661837, -33.446325], [-70.66186, -33.446333], [-70.661883, -33.446342], [-70.661907, -33.446348], [-70.66193, -33.446355], [-70.661955, -33.44636], [-70.661978, -33.446365], [-70.662008, -33.446367], [-70.662028, -33.446368], [-70.662055, -33.446353], [-70.662082, -33.446335], [-70.662102, -33.446328], [-70.662117, -33.446332], [-70.662135, -33.446333], [-70.662153, -33.446333], [-70.662177, -33.44633], [-70.662198, -33.446332], [-70.662218, -33.446335], [-70.662247, -33.446342], [-70.662277, -33.44635], [-70.66231, -33.446357], [-70.662333, -33.446367], [-70.662353, -33.446367], [-70.662373, -33.446378], [-70.662393, -33.446392], [-70.662412, -33.446405], [-70.66243, -33.446415], [-70.662452, -33.446423], [-70.662477, -33.446432], [-70.662503, -33.446442], [-70.662525, -33.446453], [-70.662547, -33.446465], [-70.662573, -33.446482], [-70.6626, -33.446493], [-70.662632, -33.446495], [-70.662657, -33.446493], [-70.662688, -33.446498], [-70.66271, -33.446503], [-70.662738, -33.446507], [-70.662765, -33.446513], [-70.662797, -33.446527], [-70.66283, -33.44654], [-70.662853, -33.44655], [-70.66288, -33.446558], [-70.662907, -33.446563], [-70.662937, -33.446568], [-70.66297, -33.446572], [-70.662992, -33.446575], [-70.663017, -33.44658], [-70.663043, -33.44659], [-70.663065, -33.446598], [-70.663085, -33.446605], [-70.663108, -33.446613], [-70.663133, -33.446622], [-70.66316, -33.446633], [-70.663178, -33.446642], [-70.663202, -33.446648], [-70.663227, -33.446655], [-70.663252, -33.446663], [-70.663282, -33.446675], [-70.663307, -33.446685], [-70.66333, -33.446693], [-70.663357, -33.446702], [-70.663382, -33.446708], [-70.663412, -33.446713], [-70.663438, -33.446717], [-70.663465, -33.446722], [-70.66349, -33.446725], [-70.663512, -33.446727], [-70.663533, -33.44673], [-70.663558, -33.446733], [-70.663602, -33.446735], [-70.663643, -33.446747], [-70.66368, -33.44676], [-70.66372, -33.446772], [-70.66375, -33.446778], [-70.663782, -33.446785], [-70.663822, -33.446793], [-70.663853, -33.446797], [-70.663878, -33.4468], [-70.663907, -33.446807], [-70.663935, -33.446812], [-70.66397, -33.446822], [-70.663998, -33.44683], [-70.664025, -33.446837], [-70.66405, -33.446843], [-70.66407, -33.44685], [-70.664095, -33.446857], [-70.664122, -33.446865], [-70.66414, -33.446867], [-70.664163, -33.446872], [-70.664193, -33.44688], [-70.664222, -33.446885], [-70.664248, -33.446892], [-70.66427, -33.446897], [-70.664295, -33.446903], [-70.66432, -33.44691], [-70.664345, -33.446915], [-70.66437, -33.44692], [-70.664397, -33.44693], [-70.664427, -33.446938], [-70.664457, -33.446943], [-70.664483, -33.44695], [-70.66451, -33.446958], [-70.664537, -33.446962], [-70.664563, -33.446968], [-70.664587, -33.446978], [-70.664607, -33.446992], [-70.664622, -33.44701], [-70.664635, -33.447027], [-70.664643, -33.447045], [-70.664655, -33.447058], [-70.664678, -33.447082], [-70.664695, -33.447093], [-70.664708, -33.447107], [-70.664713, -33.44712], [-70.664715, -33.447135], [-70.664717, -33.447145], [-70.664715, -33.44716], [-70.66472, -33.447175], [-70.664725, -33.44719], [-70.664728, -33.447205], [-70.664733, -33.447222], [-70.664735, -33.44724], [-70.66473, -33.447257], [-70.664728, -33.447277], [-70.664725, -33.447293], [-70.664727, -33.447308], [-70.664723, -33.447312], [-70.664723, -33.447323], [-70.664725, -33.447342], [-70.664725, -33.447362], [-70.664727, -33.447382], [-70.66473, -33.447402], [-70.664737, -33.447425], [-70.664747, -33.447448], [-70.664755, -33.447477], [-70.664762, -33.4475], [-70.664767, -33.447517], [-70.664775, -33.447538], [-70.66478, -33.44756], [-70.664782, -33.447585], [-70.664783, -33.447605], [-70.664785, -33.447623], [-70.664783, -33.447645], [-70.664782, -33.447655], [-70.664783, -33.447675], [-70.66478, -33.447683], [-70.664767, -33.447687], [-70.664752, -33.447697], [-70.664742, -33.447705], [-70.664732, -33.44772], [-70.66473, -33.447728], [-70.664727, -33.44774], [-70.664728, -33.447755], [-70.66473, -33.447767], [-70.664732, -33.44778], [-70.664733, -33.447795], [-70.664733, -33.447808], [-70.664727, -33.447815], [-70.664722, -33.44782], [-70.66472, -33.44783], [-70.66472, -33.447843], [-70.664718, -33.447855], [-70.664715, -33.447867], [-70.664715, -33.447885], [-70.664718, -33.447907], [-70.664717, -33.447918], [-70.66472, -33.447932], [-70.664727, -33.447952], [-70.66473, -33.44797], [-70.66473, -33.447985], [-70.66473, -33.448003], [-70.66473, -33.448027], [-70.664727, -33.44805], [-70.664725, -33.44807], [-70.664722, -33.448092], [-70.664718, -33.448115], [-70.664718, -33.448138], [-70.664718, -33.448167], [-70.66472, -33.448185], [-70.664718, -33.448208], [-70.664715, -33.448232], [-70.664713, -33.448255], [-70.664712, -33.448277], [-70.664712, -33.448298], [-70.66472, -33.448327], [-70.66473, -33.448365], [-70.66474, -33.448388], [-70.66474, -33.448412], [-70.66474, -33.448433], [-70.664738, -33.448453], [-70.664733, -33.448472], [-70.66473, -33.448493], [-70.664727, -33.448515], [-70.664728, -33.448543], [-70.664727, -33.448567], [-70.664727, -33.44859], [-70.664727, -33.448617], [-70.664727, -33.44865], [-70.664727, -33.448677], [-70.664725, -33.448698], [-70.664723, -33.448723], [-70.664718, -33.448733], [-70.664718, -33.448755], [-70.664715, -33.448777], [-70.66471, -33.448798], [-70.66471, -33.448817], [-70.664712, -33.448838], [-70.664713, -33.448863], [-70.664717, -33.448888], [-70.664713, -33.448912], [-70.66471, -33.448933], [-70.664707, -33.448955], [-70.664703, -33.448975], [-70.664698, -33.448995], [-70.664695, -33.449015], [-70.664688, -33.449033], [-70.664682, -33.449057], [-70.664673, -33.449078], [-70.664665, -33.449098], [-70.664663, -33.449118], [-70.664665, -33.449142], [-70.664667, -33.449165], [-70.664668, -33.44919], [-70.664668, -33.449212], [-70.664668, -33.44923], [-70.664668, -33.449245], [-70.664668, -33.449257], [-70.66467, -33.449265], [-70.664668, -33.449277], [-70.664673, -33.449283], [-70.664675, -33.449293], [-70.664675, -33.449303], [-70.664675, -33.449312], [-70.664677, -33.449325], [-70.664677, -33.449338], [-70.664673, -33.449352], [-70.66467, -33.449367], [-70.664667, -33.44938], [-70.664668, -33.449402], [-70.664683, -33.449423], [-70.6647, -33.449443], [-70.664707, -33.449458], [-70.664722, -33.44948], [-70.664738, -33.449512], [-70.664743, -33.449528], [-70.664747, -33.449547], [-70.664738, -33.44956], [-70.664733, -33.449572], [-70.664728, -33.449588], [-70.66472, -33.44961], [-70.664713, -33.449628], [-70.66471, -33.44965], [-70.664707, -33.449678], [-70.664705, -33.449702], [-70.664703, -33.449725], [-70.664703, -33.449745], [-70.664705, -33.449765], [-70.664703, -33.449792], [-70.6647, -33.449812], [-70.664693, -33.449827], [-70.664685, -33.449838], [-70.664677, -33.449855], [-70.664667, -33.449875], [-70.664658, -33.449893], [-70.66465, -33.449908], [-70.66464, -33.449927], [-70.664637, -33.449948], [-70.664635, -33.44997], [-70.664633, -33.449992], [-70.664635, -33.450013], [-70.664635, -33.450035], [-70.664635, -33.450057], [-70.664637, -33.450077], [-70.66464, -33.450093], [-70.664643, -33.450115], [-70.664642, -33.450135], [-70.664637, -33.450153], [-70.66463, -33.450178], [-70.664623, -33.450197], [-70.664617, -33.450222], [-70.664617, -33.450242], [-70.66462, -33.45027], [-70.664625, -33.450288], [-70.66463, -33.450312], [-70.664655, -33.450333], [-70.664673, -33.450358], [-70.664688, -33.45038], [-70.664688, -33.450403], [-70.66468, -33.450428], [-70.664673, -33.450442], [-70.664673, -33.450457], [-70.664673, -33.450473], [-70.664667, -33.450488], [-70.664663, -33.450502], [-70.664657, -33.450518], [-70.664652, -33.450537], [-70.664642, -33.450548], [-70.664633, -33.450558], [-70.664625, -33.450567], [-70.66462, -33.450572], [-70.664618, -33.450577], [-70.66462, -33.450587], [-70.664622, -33.450597], [-70.664622, -33.450608], [-70.66462, -33.450618], [-70.664617, -33.450627], [-70.664608, -33.45064], [-70.664602, -33.450653], [-70.664595, -33.450673], [-70.664587, -33.450697], [-70.664578, -33.450723], [-70.664573, -33.450752], [-70.664575, -33.45079], [-70.664573, -33.450818], [-70.664562, -33.45084], [-70.664548, -33.450865], [-70.664538, -33.450892], [-70.66453, -33.450913], [-70.664525, -33.450938], [-70.664525, -33.450965], [-70.664527, -33.450988], [-70.664528, -33.451013], [-70.664525, -33.451037], [-70.66452, -33.451055], [-70.664518, -33.451085], [-70.664523, -33.451108], [-70.664533, -33.451135], [-70.664543, -33.451168], [-70.664552, -33.4512], [-70.664557, -33.451232], [-70.664563, -33.451263], [-70.664567, -33.451303], [-70.66457, -33.451335], [-70.664573, -33.45136], [-70.664568, -33.451383], [-70.664555, -33.451408], [-70.664543, -33.451428], [-70.664535, -33.451455], [-70.664528, -33.451473], [-70.664518, -33.451502], [-70.664508, -33.451527], [-70.664497, -33.451548], [-70.664488, -33.45157], [-70.66448, -33.451588], [-70.66447, -33.451607], [-70.664463, -33.451623], [-70.664457, -33.451645], [-70.66445, -33.451662], [-70.664443, -33.451685], [-70.66444, -33.451705], [-70.664437, -33.451722], [-70.664435, -33.451735], [-70.664438, -33.451752], [-70.664437, -33.451765], [-70.664435, -33.451782], [-70.664437, -33.451797], [-70.664435, -33.451815], [-70.664433, -33.451832], [-70.664427, -33.451848], [-70.664422, -33.451863], [-70.664417, -33.451877], [-70.664405, -33.45189], [-70.664393, -33.451898], [-70.664393, -33.451898], [-70.664377, -33.451933], [-70.664372, -33.451953], [-70.664365, -33.451973], [-70.664362, -33.451993], [-70.664362, -33.452013], [-70.66436, -33.452033], [-70.664358, -33.45205], [-70.664362, -33.452075], [-70.664362, -33.452098], [-70.664362, -33.452118], [-70.664365, -33.452137], [-70.664368, -33.452157], [-70.664372, -33.452177], [-70.66438, -33.452203], [-70.664387, -33.45223], [-70.664392, -33.452257], [-70.664393, -33.452278], [-70.6644, -33.452313], [-70.664413, -33.452348], [-70.664423, -33.452382], [-70.664428, -33.452408], [-70.664435, -33.452437], [-70.664433, -33.45246], [-70.664432, -33.452482], [-70.664428, -33.4525], [-70.664425, -33.452518], [-70.664425, -33.452537], [-70.664427, -33.45256], [-70.664428, -33.452582], [-70.664432, -33.452607], [-70.664433, -33.45263], [-70.66443, -33.45265], [-70.664425, -33.45267], [-70.66442, -33.452688], [-70.664413, -33.452705], [-70.664413, -33.452728], [-70.66441, -33.452753], [-70.664407, -33.452777], [-70.664412, -33.452798], [-70.66441, -33.452817], [-70.66441, -33.452835], [-70.66441, -33.452863], [-70.664412, -33.452887], [-70.664407, -33.452908], [-70.664403, -33.452925], [-70.664395, -33.45294], [-70.664388, -33.45296], [-70.664378, -33.452978], [-70.664367, -33.452995], [-70.664362, -33.453008], [-70.664353, -33.453022], [-70.664348, -33.453043], [-70.664347, -33.453065], [-70.664338, -33.453083], [-70.664335, -33.453102], [-70.664333, -33.453118], [-70.664333, -33.453137], [-70.664333, -33.453157], [-70.664327, -33.45318], [-70.664315, -33.453203], [-70.664307, -33.453227], [-70.664297, -33.453247], [-70.664292, -33.45327], [-70.664292, -33.453288], [-70.66429, -33.453308], [-70.664292, -33.453328], [-70.664293, -33.453355], [-70.664295, -33.453377], [-70.6643, -33.453398], [-70.664305, -33.453423], [-70.664307, -33.453443], [-70.664302, -33.453462], [-70.664298, -33.453477], [-70.664295, -33.453495], [-70.664288, -33.453515], [-70.664282, -33.453532], [-70.664273, -33.45355], [-70.66427, -33.45357], [-70.664265, -33.453593], [-70.664262, -33.45362], [-70.664258, -33.45364], [-70.664255, -33.453663], [-70.664253, -33.453688], [-70.664252, -33.45371], [-70.664248, -33.453732], [-70.664238, -33.453752], [-70.664228, -33.453772], [-70.664228, -33.453772], [-70.664217, -33.45382], [-70.664215, -33.453848], [-70.664212, -33.453875], [-70.664208, -33.453903], [-70.66421, -33.45393], [-70.664212, -33.453957], [-70.664208, -33.453978], [-70.664205, -33.454], [-70.664203, -33.454022], [-70.664202, -33.454047], [-70.6642, -33.45407], [-70.6642, -33.454095], [-70.6642, -33.454115], [-70.664203, -33.45414], [-70.664208, -33.454158], [-70.664213, -33.454175], [-70.664217, -33.454188], [-70.66422, -33.454202], [-70.664222, -33.454217], [-70.664223, -33.454232], [-70.664227, -33.454245], [-70.664232, -33.45426], [-70.664233, -33.454277], [-70.664232, -33.454288], [-70.66423, -33.454308], [-70.664225, -33.454328], [-70.664217, -33.454347], [-70.664208, -33.454367], [-70.664202, -33.45439], [-70.664197, -33.45441], [-70.664197, -33.45444], [-70.664193, -33.454465], [-70.664188, -33.454485], [-70.664183, -33.454515], [-70.664178, -33.454542], [-70.664178, -33.454572], [-70.664175, -33.454593], [-70.664173, -33.454612], [-70.66417, -33.454637], [-70.664165, -33.454657], [-70.664158, -33.454677], [-70.664148, -33.454693], [-70.664143, -33.454707], [-70.664138, -33.454728], [-70.66414, -33.45475], [-70.664142, -33.454773], [-70.66414, -33.454797], [-70.664138, -33.454825], [-70.664137, -33.45485], [-70.664138, -33.454882], [-70.664145, -33.454907], [-70.664148, -33.45493], [-70.66415, -33.454957], [-70.664153, -33.45499], [-70.664152, -33.455027], [-70.664148, -33.45506], [-70.664143, -33.455083], [-70.66414, -33.455113], [-70.664133, -33.455137], [-70.664122, -33.455162], [-70.664117, -33.455187], [-70.664115, -33.45521], [-70.66411, -33.455235], [-70.664107, -33.45526], [-70.664102, -33.455283], [-70.664097, -33.455303], [-70.664092, -33.455323], [-70.664087, -33.455345], [-70.66408, -33.455367], [-70.66408, -33.455395], [-70.66408, -33.455422], [-70.664073, -33.455443], [-70.66407, -33.455463], [-70.66407, -33.455488], [-70.66407, -33.455488], [-70.664073, -33.455543], [-70.664068, -33.455567], [-70.664063, -33.455588], [-70.664058, -33.455612], [-70.664055, -33.455633], [-70.664055, -33.455633], [-70.664045, -33.455672], [-70.664045, -33.455692], [-70.664047, -33.455712], [-70.664045, -33.455732], [-70.664045, -33.455753], [-70.664038, -33.45577], [-70.664037, -33.455788], [-70.664033, -33.455815], [-70.66403, -33.455843], [-70.66403, -33.45587], [-70.664022, -33.455892], [-70.664015, -33.455918], [-70.664015, -33.455943], [-70.66402, -33.455978], [-70.664018, -33.455997], [-70.66402, -33.456018], [-70.664023, -33.456042], [-70.664022, -33.456065], [-70.664027, -33.456098], [-70.664027, -33.456122], [-70.664022, -33.456142], [-70.664015, -33.456158], [-70.664005, -33.45618], [-70.664, -33.456203], [-70.663997, -33.456227], [-70.663995, -33.456247], [-70.663997, -33.456263], [-70.663998, -33.456282], [-70.664002, -33.456298], [-70.664003, -33.456308], [-70.664005, -33.45632], [-70.664003, -33.456332], [-70.664003, -33.456345], [-70.664005, -33.45636], [-70.664008, -33.456378], [-70.664015, -33.4564], [-70.664022, -33.456425], [-70.664023, -33.456442], [-70.664027, -33.456455], [-70.66403, -33.456463], [-70.664032, -33.456478], [-70.664033, -33.456502], [-70.664035, -33.456523], [-70.664035, -33.456542], [-70.664033, -33.456552], [-70.664032, -33.456565], [-70.66403, -33.456577], [-70.66403, -33.45658], [-70.664032, -33.456588], [-70.664033, -33.456598], [-70.664035, -33.456622], [-70.664042, -33.456637], [-70.664048, -33.456652], [-70.664052, -33.456667], [-70.664055, -33.45668], [-70.664057, -33.45669], [-70.664055, -33.456702], [-70.66405, -33.45672], [-70.664048, -33.456738], [-70.664048, -33.456762], [-70.664047, -33.456773], [-70.664048, -33.456782], [-70.66405, -33.45679], [-70.664055, -33.456807], [-70.664058, -33.45683], [-70.664062, -33.456848], [-70.664063, -33.456868], [-70.664063, -33.456885], [-70.66406, -33.456905], [-70.664053, -33.456918], [-70.664045, -33.45693], [-70.664038, -33.45695], [-70.664032, -33.456965], [-70.664025, -33.456987], [-70.664017, -33.457012], [-70.664012, -33.457032], [-70.664007, -33.457053], [-70.664, -33.457073], [-70.663997, -33.457095], [-70.66399, -33.457115], [-70.663985, -33.457137], [-70.663978, -33.457153], [-70.663968, -33.457178], [-70.663958, -33.457198], [-70.663945, -33.457217], [-70.663918, -33.45723], [-70.663908, -33.457248], [-70.6639, -33.457263], [-70.663897, -33.457278], [-70.663892, -33.457292], [-70.663888, -33.457303], [-70.663885, -33.457318], [-70.663887, -33.457342], [-70.663885, -33.45736], [-70.663878, -33.457377], [-70.663862, -33.457397], [-70.663843, -33.457423], [-70.66383, -33.45745], [-70.66382, -33.457472], [-70.663813, -33.457495], [-70.663805, -33.457518], [-70.663798, -33.45754], [-70.663793, -33.457555], [-70.663787, -33.457572], [-70.663785, -33.457588], [-70.663783, -33.457613], [-70.663783, -33.457638], [-70.663788, -33.457667], [-70.663793, -33.457693], [-70.663793, -33.457713], [-70.663792, -33.457733], [-70.663783, -33.457767], [-70.663777, -33.457787], [-70.663773, -33.45781], [-70.66377, -33.457827], [-70.663768, -33.457857], [-70.663765, -33.457878], [-70.663767, -33.457907], [-70.663775, -33.457932], [-70.663778, -33.457953], [-70.663785, -33.457987], [-70.6638, -33.458018], [-70.663813, -33.458048], [-70.663818, -33.458073], [-70.66382, -33.458097], [-70.663822, -33.458118], [-70.663827, -33.45814], [-70.663828, -33.458162], [-70.663832, -33.458183], [-70.663835, -33.458205], [-70.663837, -33.458227], [-70.66384, -33.458247], [-70.663842, -33.458267], [-70.663842, -33.45829], [-70.663847, -33.458318], [-70.663852, -33.458338], [-70.663858, -33.458362], [-70.663862, -33.458385], [-70.663867, -33.458408], [-70.663873, -33.458433], [-70.663882, -33.458463], [-70.66389, -33.458485], [-70.663902, -33.4585], [-70.663917, -33.45852], [-70.663928, -33.45854], [-70.663938, -33.458562], [-70.663943, -33.458582], [-70.663947, -33.458602], [-70.663948, -33.458623], [-70.663945, -33.458645], [-70.66394, -33.458665], [-70.663938, -33.458683], [-70.66394, -33.45871], [-70.663942, -33.458728], [-70.663942, -33.458752], [-70.66394, -33.45877], [-70.663938, -33.458788], [-70.663932, -33.458812], [-70.663925, -33.45883], [-70.66392, -33.45885], [-70.663925, -33.458872], [-70.663937, -33.458895], [-70.663952, -33.458915], [-70.663957, -33.458933], [-70.663955, -33.458952], [-70.663953, -33.45897], [-70.663947, -33.458988], [-70.663943, -33.459], [-70.663938, -33.459015], [-70.663933, -33.459028], [-70.663928, -33.459043], [-70.663922, -33.45907], [-70.663918, -33.459092], [-70.663913, -33.45911], [-70.663903, -33.45912], [-70.663893, -33.459135], [-70.663885, -33.459158], [-70.663883, -33.459175], [-70.66388, -33.459193], [-70.663873, -33.459215], [-70.663867, -33.45923], [-70.663852, -33.459253], [-70.663847, -33.45927], [-70.663843, -33.45929], [-70.663833, -33.459305], [-70.66383, -33.45933], [-70.663827, -33.459352], [-70.663825, -33.45937], [-70.663823, -33.459392], [-70.663822, -33.459408], [-70.66382, -33.459437], [-70.663822, -33.45946], [-70.663822, -33.459483], [-70.66382, -33.459502], [-70.663818, -33.459532], [-70.66382, -33.459553], [-70.663823, -33.459577], [-70.663827, -33.459603], [-70.66383, -33.459627], [-70.663832, -33.459658], [-70.663838, -33.45969], [-70.663845, -33.459718], [-70.663852, -33.459732], [-70.663853, -33.459742], [-70.66385, -33.459768], [-70.663848, -33.45979], [-70.663848, -33.45981], [-70.663847, -33.459832], [-70.663847, -33.459858], [-70.663845, -33.459883], [-70.663845, -33.459913], [-70.663847, -33.459937], [-70.663847, -33.459967], [-70.663845, -33.460003], [-70.663842, -33.46003], [-70.663835, -33.460048], [-70.66383, -33.460062], [-70.663825, -33.46008], [-70.663817, -33.460107], [-70.663812, -33.460132], [-70.663808, -33.460153], [-70.663807, -33.460175], [-70.663807, -33.460193], [-70.66381, -33.460213], [-70.663815, -33.460228], [-70.663817, -33.460242], [-70.663822, -33.460252], [-70.663825, -33.460267], [-70.663825, -33.460285], [-70.663825, -33.460285], [-70.663842, -33.460317], [-70.663843, -33.460328], [-70.663838, -33.460342], [-70.66384, -33.460355], [-70.663838, -33.460365], [-70.663838, -33.460373], [-70.663838, -33.460378], [-70.663838, -33.460395], [-70.663835, -33.46041], [-70.663832, -33.460425], [-70.66383, -33.460433], [-70.663827, -33.460448], [-70.663823, -33.460467], [-70.66382, -33.460483], [-70.66382, -33.4605], [-70.663823, -33.46051], [-70.663828, -33.460525], [-70.663825, -33.460535], [-70.663823, -33.460545], [-70.663822, -33.460557], [-70.663818, -33.460577], [-70.663815, -33.460602], [-70.66381, -33.460622], [-70.663803, -33.46064], [-70.663798, -33.460665], [-70.663798, -33.460685], [-70.663797, -33.460703], [-70.663795, -33.460727], [-70.663793, -33.460752], [-70.66379, -33.46078], [-70.663788, -33.460798], [-70.66379, -33.460818], [-70.663788, -33.460833], [-70.663787, -33.460848], [-70.663783, -33.460873], [-70.663782, -33.460895], [-70.663782, -33.46092], [-70.663782, -33.46094], [-70.663782, -33.46096], [-70.663788, -33.460992], [-70.663795, -33.46101], [-70.663798, -33.46103], [-70.663798, -33.461053], [-70.663797, -33.461073], [-70.663797, -33.461092], [-70.663792, -33.461117], [-70.66379, -33.461138], [-70.663792, -33.461153], [-70.663793, -33.46118], [-70.663795, -33.461205], [-70.663798, -33.461227], [-70.663802, -33.461245], [-70.663802, -33.461268], [-70.6638, -33.461297], [-70.663795, -33.46132], [-70.66379, -33.461343], [-70.663787, -33.461367], [-70.663787, -33.461387], [-70.663787, -33.461412], [-70.663785, -33.461432], [-70.663782, -33.46145], [-70.663778, -33.461465], [-70.663775, -33.461482], [-70.663772, -33.461505], [-70.663768, -33.461523], [-70.663767, -33.461543], [-70.663765, -33.46156], [-70.663762, -33.461588], [-70.663762, -33.461613], [-70.663763, -33.461633], [-70.663767, -33.461655], [-70.663775, -33.461683], [-70.663778, -33.461707], [-70.663773, -33.461728], [-70.663775, -33.461747], [-70.663777, -33.461767], [-70.663775, -33.461788], [-70.663768, -33.46181], [-70.663763, -33.461827], [-70.663758, -33.461853], [-70.66375, -33.46187], [-70.663745, -33.461883], [-70.663743, -33.461905], [-70.663742, -33.461927], [-70.66374, -33.461945], [-70.663738, -33.461967], [-70.663733, -33.461987], [-70.663732, -33.462005], [-70.66373, -33.462023], [-70.663727, -33.462038], [-70.663722, -33.462058], [-70.66372, -33.462087], [-70.663717, -33.462108], [-70.663715, -33.462132], [-70.663715, -33.462148], [-70.663715, -33.462168], [-70.663715, -33.462195], [-70.663718, -33.462217], [-70.663723, -33.462235], [-70.663727, -33.462248], [-70.66373, -33.462267], [-70.663732, -33.462283], [-70.663732, -33.462297], [-70.66373, -33.46231], [-70.663732, -33.462328], [-70.663735, -33.46234], [-70.66374, -33.462348], [-70.66374, -33.46236], [-70.663738, -33.462368], [-70.663735, -33.462377], [-70.663732, -33.462385], [-70.663728, -33.462393], [-70.663723, -33.462402], [-70.66372, -33.462413], [-70.663718, -33.462428], [-70.663717, -33.462442], [-70.663713, -33.46245], [-70.663717, -33.46246], [-70.663718, -33.462473], [-70.663725, -33.462487], [-70.663732, -33.462505], [-70.663732, -33.462525], [-70.663723, -33.462548], [-70.66372, -33.462565], [-70.663717, -33.46259], [-70.663715, -33.46261], [-70.663713, -33.462628], [-70.663715, -33.462647], [-70.663715, -33.462662], [-70.663712, -33.462692], [-70.663712, -33.462713], [-70.663713, -33.462733], [-70.663712, -33.462748], [-70.663712, -33.462768], [-70.66371, -33.462792], [-70.663707, -33.462813], [-70.663703, -33.462833], [-70.663702, -33.462852], [-70.6637, -33.462873], [-70.663698, -33.462897], [-70.6637, -33.462917], [-70.6637, -33.462935], [-70.663698, -33.462958], [-70.663697, -33.462987], [-70.66369, -33.463007], [-70.663682, -33.46303], [-70.663677, -33.46305], [-70.663673, -33.463072], [-70.663672, -33.4631], [-70.663672, -33.463123], [-70.663675, -33.463143], [-70.663688, -33.46318], [-70.663698, -33.46321], [-70.6637, -33.463232], [-70.663697, -33.463252], [-70.663693, -33.463268], [-70.66369, -33.463293], [-70.663692, -33.463318], [-70.663688, -33.463348], [-70.663688, -33.463367], [-70.663688, -33.463392], [-70.663685, -33.463415], [-70.663685, -33.46344], [-70.663685, -33.46346], [-70.663683, -33.463483], [-70.66368, -33.463503], [-70.663675, -33.463525], [-70.663673, -33.463545], [-70.66367, -33.463572], [-70.663662, -33.46359], [-70.663647, -33.463605], [-70.66364, -33.463627], [-70.66363, -33.463647], [-70.663625, -33.463672], [-70.663618, -33.463695], [-70.663608, -33.463717], [-70.663598, -33.463738], [-70.663595, -33.46376], [-70.663593, -33.463778], [-70.663593, -33.463797], [-70.663592, -33.463817], [-70.663592, -33.463842], [-70.663585, -33.46386], [-70.663582, -33.463878], [-70.66358, -33.463902], [-70.663578, -33.463923], [-70.663577, -33.463945], [-70.663577, -33.463968], [-70.663577, -33.463987], [-70.663578, -33.464008], [-70.66358, -33.46403], [-70.66358, -33.464052], [-70.663583, -33.464073], [-70.663585, -33.464093], [-70.663588, -33.464117], [-70.663588, -33.464138], [-70.663585, -33.464163], [-70.663585, -33.46418], [-70.663582, -33.464202], [-70.663582, -33.464233], [-70.663585, -33.464257], [-70.663593, -33.464282], [-70.663597, -33.464297], [-70.663598, -33.464322], [-70.663602, -33.464352], [-70.663603, -33.464377], [-70.663607, -33.464402], [-70.663605, -33.464422], [-70.663597, -33.464438], [-70.663593, -33.464458], [-70.66359, -33.46448], [-70.663588, -33.464493], [-70.663588, -33.46452], [-70.663587, -33.464547], [-70.663588, -33.464567], [-70.663588, -33.464588], [-70.663588, -33.464603], [-70.663585, -33.464622], [-70.663582, -33.464648], [-70.663578, -33.46467], [-70.66358, -33.46469], [-70.66358, -33.46469], [-70.663588, -33.464738], [-70.663592, -33.464757], [-70.663587, -33.464785], [-70.663585, -33.464803], [-70.663583, -33.464827], [-70.66358, -33.464852], [-70.663578, -33.464873], [-70.663575, -33.464893], [-70.663572, -33.46491], [-70.66357, -33.464932], [-70.66357, -33.464958], [-70.663572, -33.464973], [-70.66357, -33.464997], [-70.663572, -33.465022], [-70.663575, -33.46504], [-70.663582, -33.465065], [-70.663587, -33.465088], [-70.663592, -33.46511], [-70.663597, -33.465123], [-70.663593, -33.465133], [-70.663595, -33.465148], [-70.663597, -33.46516], [-70.663595, -33.465177], [-70.663592, -33.46519], [-70.663588, -33.46521], [-70.663585, -33.46523], [-70.663587, -33.46525], [-70.663592, -33.465272], [-70.663597, -33.465292], [-70.663593, -33.465315], [-70.663597, -33.465332], [-70.6636, -33.465352], [-70.663602, -33.465373], [-70.6636, -33.46539], [-70.663597, -33.465415], [-70.663588, -33.465432], [-70.663582, -33.46545], [-70.663577, -33.465467], [-70.66357, -33.465488], [-70.663562, -33.465503], [-70.663555, -33.465525], [-70.663548, -33.465545], [-70.663543, -33.46557], [-70.663538, -33.465598], [-70.663538, -33.465623], [-70.663537, -33.465642], [-70.663535, -33.465658], [-70.663533, -33.465675], [-70.663535, -33.465707], [-70.663535, -33.465733], [-70.663533, -33.46576], [-70.663535, -33.46578], [-70.663535, -33.465798], [-70.663535, -33.465817], [-70.663533, -33.465838], [-70.663535, -33.465853], [-70.663533, -33.465872], [-70.663533, -33.465892], [-70.663532, -33.465907], [-70.66353, -33.465917], [-70.663533, -33.465935], [-70.663537, -33.465965], [-70.663535, -33.465992], [-70.663528, -33.46602], [-70.663525, -33.466042], [-70.663523, -33.466057], [-70.66352, -33.466073], [-70.663522, -33.466097], [-70.663525, -33.466115], [-70.663523, -33.466132], [-70.663525, -33.46615], [-70.663525, -33.46617], [-70.663523, -33.466187], [-70.663523, -33.466205], [-70.663525, -33.46622], [-70.663527, -33.466235], [-70.663528, -33.466248], [-70.663528, -33.466258], [-70.663532, -33.466275], [-70.663543, -33.4663], [-70.663545, -33.466312], [-70.663543, -33.466325], [-70.663543, -33.466333], [-70.663542, -33.46634], [-70.66354, -33.466348], [-70.663532, -33.46635], [-70.663522, -33.466362], [-70.66352, -33.46638], [-70.663518, -33.466397], [-70.663513, -33.466408], [-70.663513, -33.46643], [-70.663512, -33.46645], [-70.663513, -33.466468], [-70.663512, -33.466495], [-70.663512, -33.466517], [-70.66351, -33.466538], [-70.663508, -33.466558], [-70.663505, -33.46658], [-70.6635, -33.466605], [-70.663492, -33.466633], [-70.663485, -33.466655], [-70.663487, -33.466668], [-70.663487, -33.46669], [-70.663485, -33.466708], [-70.663482, -33.466728], [-70.66348, -33.466748], [-70.663477, -33.466768], [-70.663477, -33.466783], [-70.663475, -33.466807], [-70.663473, -33.466832], [-70.66347, -33.466853], [-70.663467, -33.466875], [-70.663472, -33.466895], [-70.663477, -33.466918], [-70.663478, -33.466943], [-70.663473, -33.466967], [-70.663473, -33.466982], [-70.66347, -33.467002], [-70.663472, -33.467035], [-70.663475, -33.46706], [-70.663477, -33.467083], [-70.663473, -33.467103], [-70.663475, -33.467122], [-70.663473, -33.467147], [-70.663473, -33.467168], [-70.663473, -33.467185], [-70.663472, -33.467208], [-70.663473, -33.467235], [-70.663472, -33.467258], [-70.663473, -33.46728], [-70.663477, -33.4673], [-70.663478, -33.467312], [-70.663483, -33.467333], [-70.663487, -33.467353], [-70.66349, -33.467375], [-70.663495, -33.467405], [-70.663497, -33.46743], [-70.663495, -33.467462], [-70.663495, -33.467487], [-70.663492, -33.467507], [-70.663492, -33.46753], [-70.663498, -33.467553], [-70.663508, -33.467577], [-70.663513, -33.467602], [-70.66351, -33.467622], [-70.663507, -33.467633], [-70.663502, -33.467642], [-70.663502, -33.467657], [-70.663508, -33.467683], [-70.663512, -33.467698], [-70.663512, -33.46771], [-70.663513, -33.467727], [-70.663515, -33.467742], [-70.663515, -33.46775], [-70.663518, -33.467762], [-70.663518, -33.467775], [-70.663513, -33.467785], [-70.663512, -33.467798], [-70.663515, -33.467815], [-70.663512, -33.467822], [-70.66351, -33.467832], [-70.663508, -33.467842], [-70.663505, -33.467845], [-70.663498, -33.46785], [-70.663493, -33.467858], [-70.663487, -33.467863], [-70.66348, -33.467867], [-70.663477, -33.467868], [-70.663472, -33.467878], [-70.663468, -33.467885], [-70.663468, -33.467892], [-70.663473, -33.467913], [-70.663475, -33.467923], [-70.663478, -33.467938], [-70.663482, -33.467958], [-70.663485, -33.467972], [-70.663485, -33.467983], [-70.663485, -33.467997], [-70.663485, -33.468012], [-70.663483, -33.468027], [-70.663482, -33.46805], [-70.663478, -33.468065], [-70.663477, -33.468083], [-70.663472, -33.468102], [-70.663468, -33.468122], [-70.663467, -33.468142], [-70.663468, -33.46816], [-70.663468, -33.468177], [-70.663467, -33.468195], [-70.663467, -33.468213], [-70.663467, -33.468235], [-70.663467, -33.468258], [-70.663467, -33.468258], [-70.663468, -33.468307], [-70.663467, -33.468328], [-70.663467, -33.468353], [-70.663467, -33.468382], [-70.663472, -33.46841], [-70.663468, -33.46843], [-70.663468, -33.468452], [-70.663463, -33.468478], [-70.663453, -33.4685], [-70.663438, -33.468522], [-70.663428, -33.46854], [-70.663425, -33.468562], [-70.663422, -33.468573], [-70.663427, -33.468598], [-70.663427, -33.468598], [-70.663423, -33.468637], [-70.663427, -33.468657], [-70.663422, -33.468678], [-70.66342, -33.468703], [-70.663418, -33.468727], [-70.663418, -33.468747], [-70.663415, -33.468772], [-70.663413, -33.468787], [-70.663413, -33.468807], [-70.663413, -33.468835], [-70.663408, -33.468853], [-70.663403, -33.468868], [-70.663398, -33.468892], [-70.663392, -33.468908], [-70.663387, -33.46893], [-70.663383, -33.468958], [-70.663382, -33.468983], [-70.663378, -33.469], [-70.663372, -33.469023], [-70.663365, -33.469042], [-70.663368, -33.46906], [-70.663367, -33.46908], [-70.663368, -33.469105], [-70.663375, -33.469125], [-70.663387, -33.469157], [-70.663395, -33.469187], [-70.663402, -33.469202], [-70.663412, -33.46922], [-70.663417, -33.469238], [-70.663417, -33.469252], [-70.663415, -33.469262], [-70.663413, -33.469272], [-70.663412, -33.469278], [-70.66341, -33.469288], [-70.663408, -33.469298], [-70.663407, -33.469312], [-70.663408, -33.469323], [-70.663407, -33.469337], [-70.66341, -33.469352], [-70.663413, -33.469363], [-70.663415, -33.469368], [-70.663413, -33.469375], [-70.663413, -33.469385], [-70.663412, -33.469393], [-70.66341, -33.469403], [-70.66341, -33.469412], [-70.663408, -33.469422], [-70.663408, -33.469433], [-70.663408, -33.469442], [-70.663407, -33.469457], [-70.663403, -33.46947], [-70.663397, -33.469487], [-70.663393, -33.469508], [-70.663392, -33.46953], [-70.663392, -33.469552], [-70.663392, -33.469575], [-70.663392, -33.469593], [-70.663393, -33.469615], [-70.663392, -33.469638], [-70.663383, -33.469647], [-70.66338, -33.46967], [-70.663385, -33.4697], [-70.663385, -33.469717], [-70.663388, -33.469745], [-70.66339, -33.469772], [-70.66339, -33.469772], [-70.663388, -33.46982], [-70.663383, -33.469838], [-70.663377, -33.469862], [-70.663372, -33.469887], [-70.663368, -33.469908], [-70.663365, -33.469933], [-70.663363, -33.469957], [-70.663363, -33.469983], [-70.663365, -33.470008], [-70.663365, -33.470033], [-70.663358, -33.470047], [-70.663355, -33.470073], [-70.66335, -33.470095], [-70.66334, -33.47011], [-70.663328, -33.470127], [-70.663325, -33.470152], [-70.663318, -33.470178], [-70.663312, -33.470195], [-70.663305, -33.470217], [-70.663297, -33.470235], [-70.663293, -33.470255], [-70.663288, -33.470272], [-70.663278, -33.470297], [-70.663272, -33.470318], [-70.663267, -33.470342], [-70.66325, -33.470357], [-70.663242, -33.470373], [-70.663235, -33.470388], [-70.663227, -33.470398], [-70.663207, -33.470405], [-70.663187, -33.470403], [-70.663168, -33.470403], [-70.663155, -33.470407], [-70.663142, -33.47041], [-70.663132, -33.470413], [-70.663118, -33.470417], [-70.66311, -33.470417], [-70.663107, -33.470413], [-70.663102, -33.470417], [-70.663095, -33.470415], [-70.663083, -33.470408], [-70.663068, -33.470405], [-70.663058, -33.470405], [-70.663052, -33.470405], [-70.663042, -33.470403], [-70.663033, -33.470405], [-70.663025, -33.470405], [-70.663013, -33.470405], [-70.663002, -33.470398], [-70.662983, -33.470392], [-70.662972, -33.47039], [-70.66296, -33.470392], [-70.662947, -33.470395], [-70.662932, -33.470395], [-70.662915, -33.470395], [-70.662897, -33.470397], [-70.662878, -33.470398], [-70.66286, -33.4704], [-70.66284, -33.4704], [-70.662818, -33.470393], [-70.662792, -33.470388], [-70.662772, -33.470388], [-70.662745, -33.470383], [-70.662717, -33.470383], [-70.662693, -33.470387], [-70.66267, -33.470387], [-70.662647, -33.47039], [-70.66262, -33.470393], [-70.662593, -33.470395], [-70.662565, -33.470398], [-70.662542, -33.470402], [-70.662512, -33.470402], [-70.662483, -33.4704], [-70.662457, -33.470402], [-70.662438, -33.470402], [-70.662415, -33.470403], [-70.662383, -33.470398], [-70.662358, -33.470398], [-70.66234, -33.470403], [-70.662313, -33.470407], [-70.662288, -33.470405], [-70.662258, -33.470403], [-70.662235, -33.470403], [-70.66221, -33.4704], [-70.662183, -33.470398], [-70.66216, -33.470398], [-70.662133, -33.470398], [-70.662105, -33.470398], [-70.662082, -33.470398], [-70.662062, -33.470398], [-70.662038, -33.470398], [-70.662015, -33.470397], [-70.661995, -33.470397], [-70.661968, -33.470398], [-70.66195, -33.470398], [-70.661922, -33.470393], [-70.66189, -33.470393], [-70.661867, -33.470397], [-70.661852, -33.470395], [-70.66183, -33.47039], [-70.661803, -33.470382], [-70.661778, -33.470372], [-70.661743, -33.47036], [-70.661723, -33.470353], [-70.6617, -33.470352], [-70.661677, -33.470352], [-70.661655, -33.470348], [-70.66163, -33.470348], [-70.661603, -33.470348], [-70.661578, -33.470347], [-70.661555, -33.470347], [-70.661527, -33.470345], [-70.661502, -33.47034], [-70.661482, -33.470338], [-70.661458, -33.470337], [-70.661432, -33.47033], [-70.661402, -33.470328], [-70.661372, -33.470323], [-70.661343, -33.470317], [-70.66132, -33.470315], [-70.6613, -33.470317], [-70.661268, -33.470317], [-70.66125, -33.470315], [-70.661225, -33.470313], [-70.6612, -33.470308], [-70.661173, -33.470307], [-70.66115, -33.470303], [-70.661128, -33.470302], [-70.661102, -33.470302], [-70.66108, -33.470307], [-70.661055, -33.470305], [-70.661028, -33.4703], [-70.661002, -33.4703], [-70.660975, -33.470297], [-70.660947, -33.470292], [-70.66092, -33.470288], [-70.660895, -33.470287], [-70.66087, -33.470285], [-70.660843, -33.47028], [-70.660822, -33.47028], [-70.660802, -33.470277], [-70.66079, -33.470275], [-70.660783, -33.470268], [-70.660772, -33.470262], [-70.660762, -33.470258], [-70.66075, -33.47026], [-70.660738, -33.47026], [-70.660723, -33.470263], [-70.66071, -33.470267], [-70.660697, -33.470267], [-70.660677, -33.470268], [-70.660648, -33.470267], [-70.66062, -33.470265], [-70.660597, -33.47027], [-70.660575, -33.470272], [-70.660553, -33.470272], [-70.660532, -33.470272], [-70.66051, -33.470273], [-70.660485, -33.47027], [-70.66046, -33.470267], [-70.660435, -33.470263], [-70.66041, -33.470262], [-70.660385, -33.470263], [-70.660355, -33.47027], [-70.660322, -33.470273], [-70.660292, -33.470272], [-70.660265, -33.470275], [-70.660243, -33.470277], [-70.66022, -33.470277], [-70.6602, -33.470272], [-70.66018, -33.47027], [-70.660157, -33.470265], [-70.660133, -33.470263], [-70.660107, -33.470258], [-70.660077, -33.470252], [-70.660047, -33.470245], [-70.660017, -33.470243], [-70.659988, -33.470238], [-70.65996, -33.470242], [-70.659937, -33.470245], [-70.659917, -33.470247], [-70.659902, -33.47025], [-70.659887, -33.47025], [-70.659873, -33.470248], [-70.659855, -33.470245], [-70.659837, -33.470237], [-70.659812, -33.47023], [-70.659788, -33.470225], [-70.659768, -33.470218], [-70.65975, -33.47021], [-70.65975, -33.47021], [-70.659727, -33.47019], [-70.659723, -33.470173], [-70.659717, -33.470155], [-70.659712, -33.470137], [-70.659712, -33.470118], [-70.659712, -33.4701], [-70.659712, -33.4701], [-70.659713, -33.470065], [-70.659713, -33.470047], [-70.659712, -33.470028], [-70.65971, -33.47001], [-70.65971, -33.47001], [-70.659713, -33.469988], [-70.65972, -33.469947], [-70.659722, -33.469927], [-70.65972, -33.469907], [-70.65972, -33.469907], [-70.659715, -33.469863], [-70.659712, -33.469842], [-70.65971, -33.46982], [-70.65971, -33.46982], [-70.659707, -33.46978], [-70.659707, -33.469758], [-70.659707, -33.469758], [-70.659708, -33.469737], [-70.659715, -33.469693], [-70.659715, -33.469673], [-70.659715, -33.469647], [-70.659715, -33.469647], [-70.659712, -33.469605], [-70.65971, -33.469585], [-70.65971, -33.469565], [-70.659712, -33.469545], [-70.65971, -33.469525], [-70.659705, -33.469503], [-70.659705, -33.469503], [-70.659693, -33.469465], [-70.659685, -33.469442], [-70.659678, -33.469425], [-70.659678, -33.469425], [-70.659668, -33.469402], [-70.659658, -33.469382], [-70.659633, -33.469345], [-70.659633, -33.469345], [-70.65961, -33.469322], [-70.659592, -33.46931], [-70.65954, -33.469283], [-70.659513, -33.469268], [-70.659513, -33.469268], [-70.65949, -33.469258], [-70.659468, -33.469255], [-70.659425, -33.469257], [-70.659408, -33.469257], [-70.659408, -33.469257], [-70.65939, -33.46926], [-70.65937, -33.46926], [-70.65935, -33.469253], [-70.659327, -33.469248], [-70.659305, -33.469248], [-70.659288, -33.46924], [-70.65927, -33.469232], [-70.659257, -33.469228], [-70.659227, -33.469222], [-70.659213, -33.469222], [-70.659213, -33.469222], [-70.659198, -33.469215], [-70.659177, -33.469202], [-70.659165, -33.469193], [-70.659165, -33.469193], [-70.659163, -33.469188], [-70.65915, -33.469178], [-70.65912, -33.469155], [-70.6591, -33.469147], [-70.6591, -33.469147], [-70.659083, -33.46914], [-70.659067, -33.469137], [-70.65905, -33.469127], [-70.65904, -33.469115], [-70.65904, -33.469115], [-70.659032, -33.469107], [-70.659023, -33.469103], [-70.659008, -33.469093], [-70.659008, -33.469093], [-70.659, -33.469088], [-70.65899, -33.469078], [-70.658978, -33.46907], [-70.658968, -33.469062], [-70.658945, -33.469043], [-70.658945, -33.469043], [-70.658933, -33.46903], [-70.658928, -33.469015], [-70.658913, -33.46898], [-70.6589, -33.468962], [-70.6589, -33.468962], [-70.658888, -33.468943], [-70.658882, -33.468922], [-70.65887, -33.46889], [-70.658865, -33.468872], [-70.658865, -33.468872], [-70.65886, -33.468852], [-70.65886, -33.46883], [-70.65886, -33.46881], [-70.658857, -33.468788], [-70.658853, -33.468767], [-70.658848, -33.468747], [-70.658842, -33.468728], [-70.65883, -33.46869], [-70.65883, -33.46869], [-70.658822, -33.468672], [-70.65882, -33.46865], [-70.658815, -33.46863], [-70.658812, -33.468608], [-70.658808, -33.468563], [-70.658808, -33.468563], [-70.658808, -33.468535], [-70.65881, -33.468515], [-70.658805, -33.468468], [-70.658798, -33.468445], [-70.658798, -33.468445], [-70.658792, -33.468422], [-70.658793, -33.468397], [-70.658783, -33.468342], [-70.658783, -33.468342], [-70.658782, -33.468318], [-70.658775, -33.468293], [-70.65877, -33.46827], [-70.658767, -33.46824], [-70.658762, -33.468217], [-70.65876, -33.468193], [-70.658755, -33.468172], [-70.658748, -33.468148], [-70.658747, -33.468128], [-70.658748, -33.468113], [-70.658747, -33.468097], [-70.658747, -33.468083], [-70.658747, -33.468067], [-70.658745, -33.46805], [-70.65874, -33.468025], [-70.65874, -33.468013], [-70.65874, -33.468013], [-70.658737, -33.468007], [-70.658735, -33.467997], [-70.658733, -33.467978], [-70.658733, -33.467978], [-70.658727, -33.467967], [-70.658725, -33.467952], [-70.65873, -33.467937], [-70.65873, -33.467937], [-70.658733, -33.467927], [-70.658735, -33.467917], [-70.658732, -33.467905], [-70.658732, -33.467895], [-70.658733, -33.46788], [-70.65874, -33.467847], [-70.65874, -33.467847], [-70.658745, -33.46783], [-70.658748, -33.467817], [-70.658747, -33.46778], [-70.658747, -33.46778], [-70.658745, -33.467757], [-70.658743, -33.467733], [-70.658748, -33.46771], [-70.658752, -33.467667], [-70.658752, -33.467667], [-70.658753, -33.467642], [-70.65875, -33.467618], [-70.65874, -33.467577], [-70.658738, -33.467558], [-70.658738, -33.467558], [-70.65874, -33.467537], [-70.658743, -33.46751], [-70.658752, -33.467467], [-70.658752, -33.467467], [-70.658747, -33.467445], [-70.658747, -33.467422], [-70.658748, -33.467402], [-70.658747, -33.46738], [-70.658747, -33.467357], [-70.658753, -33.467337], [-70.658755, -33.467315], [-70.658763, -33.46729], [-70.658768, -33.46727], [-70.658775, -33.467252], [-70.658783, -33.467232], [-70.658787, -33.46721], [-70.658795, -33.467187], [-70.658802, -33.467167], [-70.658808, -33.467118], [-70.658808, -33.467118], [-70.658813, -33.4671], [-70.658815, -33.46708], [-70.65882, -33.467033], [-70.65882, -33.467033], [-70.658823, -33.467013], [-70.658823, -33.466992], [-70.658828, -33.46697], [-70.658837, -33.466955], [-70.658842, -33.466932], [-70.658847, -33.466912], [-70.658852, -33.46689], [-70.658855, -33.466875], [-70.658857, -33.466852], [-70.658858, -33.466832], [-70.658868, -33.4668], [-70.658868, -33.4668], [-70.658875, -33.466783], [-70.658888, -33.466758], [-70.658897, -33.466735], [-70.658907, -33.466715], [-70.658918, -33.466692], [-70.658932, -33.466668], [-70.658943, -33.466652], [-70.658965, -33.466618], [-70.658965, -33.466618], [-70.658977, -33.46661], [-70.65899, -33.466563], [-70.65899, -33.466563], [-70.658997, -33.466542], [-70.659002, -33.46652], [-70.65901, -33.466498], [-70.659018, -33.466483], [-70.659027, -33.466475], [-70.659053, -33.466452], [-70.659053, -33.466452], [-70.65906, -33.466433], [-70.659068, -33.466412], [-70.659075, -33.466395], [-70.659082, -33.466375], [-70.659097, -33.466333], [-70.659097, -33.466333], [-70.659107, -33.466313], [-70.659118, -33.466302], [-70.659135, -33.466257], [-70.659147, -33.466237], [-70.659147, -33.466237], [-70.659157, -33.46622], [-70.659167, -33.466185], [-70.659177, -33.466163], [-70.659177, -33.466163], [-70.659185, -33.466145], [-70.65919, -33.466127], [-70.659203, -33.466085], [-70.659203, -33.466085], [-70.659222, -33.46605], [-70.659232, -33.466028], [-70.659243, -33.466007], [-70.659243, -33.466007], [-70.659257, -33.46598], [-70.659278, -33.46594], [-70.65929, -33.465918], [-70.659303, -33.465895], [-70.659303, -33.465895], [-70.659312, -33.465873], [-70.659328, -33.465835], [-70.659337, -33.465812], [-70.659347, -33.465788], [-70.659347, -33.465788], [-70.659363, -33.465752], [-70.659373, -33.46573], [-70.65938, -33.465707], [-70.659393, -33.465685], [-70.659407, -33.465668], [-70.659417, -33.465653], [-70.659433, -33.465638], [-70.659452, -33.46562], [-70.659463, -33.465607], [-70.659477, -33.465585], [-70.659492, -33.465567], [-70.65951, -33.465553], [-70.659532, -33.465543], [-70.659557, -33.465532], [-70.659557, -33.465532], [-70.659598, -33.465517], [-70.659623, -33.46551], [-70.659648, -33.465503], [-70.659672, -33.465495], [-70.659672, -33.465495], [-70.659715, -33.465478], [-70.659738, -33.46547], [-70.659767, -33.465462], [-70.659792, -33.465453], [-70.659813, -33.46545], [-70.659842, -33.465447], [-70.659873, -33.465443], [-70.659893, -33.46544], [-70.65992, -33.465437], [-70.659945, -33.465433], [-70.659973, -33.465428], [-70.660005, -33.465422], [-70.660032, -33.465413], [-70.660052, -33.465407], [-70.660077, -33.465398], [-70.660077, -33.465398], [-70.66012, -33.465362], [-70.660132, -33.465343], [-70.660143, -33.46532], [-70.660143, -33.46532], [-70.660153, -33.465297], [-70.660165, -33.465242], [-70.660165, -33.465222], [-70.660167, -33.465198], [-70.660167, -33.465198], [-70.660178, -33.465148], [-70.660182, -33.465125], [-70.660182, -33.465105], [-70.660182, -33.465105], [-70.660183, -33.465082], [-70.66018, -33.465028], [-70.66018, -33.465028], [-70.66018, -33.465003], [-70.660183, -33.464983], [-70.660185, -33.464955], [-70.66019, -33.46493], [-70.660197, -33.464907], [-70.660202, -33.464887], [-70.660207, -33.46486], [-70.66021, -33.464838], [-70.66021, -33.464818], [-70.660212, -33.464795], [-70.660217, -33.464768], [-70.660222, -33.46474], [-70.660225, -33.464715], [-70.660232, -33.464675], [-70.660233, -33.46465], [-70.660232, -33.464622], [-70.660233, -33.464605], [-70.660233, -33.464605], [-70.660235, -33.464575], [-70.66024, -33.464558]]}, "properties": {}}]}