{"type": "FeatureCollection", "features": [{"type": "Feature", "geometry": {"type": "LineString", "coordinates": [[-70.659928, -33.464597], [-70.659925, -33.464617], [-70.659918, -33.464635], [-70.659917, -33.464655], [-70.659915, -33.464675], [-70.659913, -33.464697], [-70.659912, -33.464722], [-70.65991, -33.464745], [-70.659907, -33.464767], [-70.659905, -33.46479], [-70.659903, -33.464812], [-70.659903, -33.464835], [-70.659902, -33.464858], [-70.6599, -33.464882], [-70.659898, -33.464905], [-70.659895, -33.464928], [-70.659893, -33.46495], [-70.659892, -33.464972], [-70.65989, -33.464995], [-70.659888, -33.465017], [-70.659885, -33.46504], [-70.659883, -33.465063], [-70.65988, -33.465088], [-70.659877, -33.465112], [-70.659875, -33.465133], [-70.659873, -33.465157], [-70.659873, -33.465177], [-70.65987, -33.465198], [-70.659868, -33.46522], [-70.659865, -33.465245], [-70.659862, -33.465267], [-70.659867, -33.465287], [-70.659865, -33.465308], [-70.65986, -33.465328], [-70.65985, -33.46535], [-70.659837, -33.465372], [-70.659822, -33.465392], [-70.659807, -33.465412], [-70.659788, -33.465428], [-70.659767, -33.465445], [-70.659747, -33.46546], [-70.659723, -33.465473], [-70.659698, -33.465488], [-70.659672, -33.4655], [-70.659648, -33.46551], [-70.659622, -33.46552], [-70.659595, -33.465528], [-70.659568, -33.465535], [-70.659542, -33.465542], [-70.659513, -33.465547], [-70.659487, -33.465553], [-70.659462, -33.465562], [-70.659437, -33.46557], [-70.659413, -33.465582], [-70.65939, -33.465597], [-70.65937, -33.465613], [-70.659353, -33.46563], [-70.659337, -33.465645], [-70.659322, -33.465663], [-70.659313, -33.465682], [-70.659307, -33.4657], [-70.659295, -33.465717], [-70.659285, -33.465735], [-70.659277, -33.465753], [-70.659265, -33.465775], [-70.659253, -33.465795], [-70.659237, -33.465817], [-70.659222, -33.465837], [-70.659207, -33.465857], [-70.659187, -33.465878], [-70.659173, -33.465895], [-70.659165, -33.465912], [-70.659157, -33.46593], [-70.659148, -33.46595], [-70.65914, -33.465968], [-70.659132, -33.46599], [-70.659128, -33.466008], [-70.659123, -33.466025], [-70.659118, -33.466042], [-70.659107, -33.466065], [-70.659097, -33.466085], [-70.65909, -33.466102], [-70.659083, -33.466118], [-70.659077, -33.466135], [-70.659067, -33.466155], [-70.659053, -33.466175], [-70.659043, -33.466198], [-70.65903, -33.466218], [-70.65902, -33.466237], [-70.65901, -33.466255], [-70.658998, -33.466275], [-70.65899, -33.466293], [-70.658985, -33.46631], [-70.658978, -33.466332], [-70.658968, -33.466352], [-70.658957, -33.466372], [-70.658943, -33.466393], [-70.658932, -33.466415], [-70.65892, -33.466435], [-70.658913, -33.466455], [-70.658905, -33.466473], [-70.658895, -33.466495], [-70.658885, -33.466515], [-70.658873, -33.466538], [-70.658867, -33.466558], [-70.658863, -33.466573], [-70.658857, -33.466595], [-70.658848, -33.466613], [-70.658838, -33.466633], [-70.65883, -33.466653], [-70.658823, -33.466672], [-70.658813, -33.466692], [-70.658795, -33.466713], [-70.658783, -33.466725], [-70.658775, -33.466742], [-70.658767, -33.466762], [-70.658755, -33.466787], [-70.658745, -33.466808], [-70.658737, -33.466828], [-70.658728, -33.466847], [-70.65872, -33.466868], [-70.65871, -33.46689], [-70.658698, -33.466908], [-70.658688, -33.466932], [-70.658682, -33.466955], [-70.65868, -33.466977], [-70.658677, -33.466997], [-70.658672, -33.467018], [-70.658663, -33.467038], [-70.658657, -33.467057], [-70.658653, -33.467078], [-70.65865, -33.467098], [-70.658652, -33.467118], [-70.65865, -33.467138], [-70.658647, -33.467162], [-70.65864, -33.467183], [-70.658632, -33.467207], [-70.658622, -33.467228], [-70.658612, -33.467252], [-70.658603, -33.467275], [-70.658598, -33.467298], [-70.658598, -33.467322], [-70.658597, -33.467342], [-70.658592, -33.467363], [-70.658588, -33.46738], [-70.658582, -33.467408], [-70.658578, -33.467432], [-70.658573, -33.467455], [-70.65857, -33.467477], [-70.658567, -33.467495], [-70.658568, -33.467513], [-70.658572, -33.467533], [-70.658575, -33.467548], [-70.65858, -33.467573], [-70.658583, -33.467593], [-70.658588, -33.467612], [-70.658592, -33.46763], [-70.658593, -33.467652], [-70.658593, -33.467673], [-70.658595, -33.467695], [-70.658597, -33.467718], [-70.658598, -33.467738], [-70.658598, -33.467757], [-70.658597, -33.467778], [-70.658595, -33.467803], [-70.65859, -33.467827], [-70.65859, -33.467848], [-70.658595, -33.467868], [-70.658602, -33.467885], [-70.658607, -33.467905], [-70.658612, -33.467923], [-70.658612, -33.467947], [-70.658615, -33.467965], [-70.658617, -33.467987], [-70.658617, -33.468012], [-70.658612, -33.468037], [-70.65861, -33.468055], [-70.65861, -33.468075], [-70.658608, -33.468095], [-70.658605, -33.468117], [-70.658607, -33.468138], [-70.658607, -33.468158], [-70.658607, -33.468178], [-70.658605, -33.468198], [-70.658603, -33.468218], [-70.6586, -33.46824], [-70.658602, -33.468262], [-70.658602, -33.468282], [-70.658605, -33.468302], [-70.658607, -33.468325], [-70.658608, -33.468343], [-70.658613, -33.46836], [-70.658617, -33.46838], [-70.65862, -33.468397], [-70.658623, -33.468412], [-70.658623, -33.468432], [-70.658625, -33.468453], [-70.658627, -33.468473], [-70.658628, -33.468493], [-70.658635, -33.46851], [-70.658638, -33.46853], [-70.658643, -33.468543], [-70.658647, -33.46856], [-70.65865, -33.468578], [-70.658653, -33.468598], [-70.658657, -33.46862], [-70.658662, -33.46864], [-70.658663, -33.468662], [-70.658665, -33.468685], [-70.658672, -33.468707], [-70.658675, -33.468727], [-70.65868, -33.468743], [-70.658682, -33.468767], [-70.658685, -33.468788], [-70.658688, -33.468812], [-70.658692, -33.468835], [-70.6587, -33.468855], [-70.658708, -33.468875], [-70.658715, -33.468897], [-70.658725, -33.468917], [-70.658737, -33.468935], [-70.658742, -33.468952], [-70.658752, -33.468968], [-70.658762, -33.468988], [-70.658773, -33.469007], [-70.65878, -33.469028], [-70.658788, -33.46905], [-70.658802, -33.469065], [-70.65882, -33.46908], [-70.65884, -33.469095], [-70.658858, -33.46911], [-70.658877, -33.469128], [-70.658905, -33.469152], [-70.658938, -33.469178], [-70.658977, -33.469188], [-70.659003, -33.469193], [-70.65903, -33.469197], [-70.659052, -33.469205], [-70.659075, -33.469218], [-70.659103, -33.469227], [-70.659132, -33.469233], [-70.659155, -33.469238], [-70.659178, -33.469243], [-70.6592, -33.469253], [-70.659223, -33.469262], [-70.659248, -33.469267], [-70.659273, -33.469272], [-70.659297, -33.469277], [-70.659322, -33.469278], [-70.659348, -33.46928], [-70.659373, -33.469282], [-70.6594, -33.469287], [-70.659425, -33.46929], [-70.659452, -33.469295], [-70.659477, -33.4693], [-70.659503, -33.469302], [-70.65953, -33.469307], [-70.659552, -33.469318], [-70.659573, -33.46933], [-70.65959, -33.469345], [-70.659603, -33.469362], [-70.659615, -33.46938], [-70.659625, -33.469398], [-70.659633, -33.469418], [-70.659637, -33.469438], [-70.659638, -33.46946], [-70.659637, -33.469482], [-70.659635, -33.469503], [-70.659633, -33.469523], [-70.659633, -33.469545], [-70.65963, -33.469565], [-70.659628, -33.469587], [-70.659627, -33.469603], [-70.659623, -33.469627], [-70.659622, -33.469645], [-70.659622, -33.469665], [-70.659623, -33.469683], [-70.659627, -33.469703], [-70.659627, -33.469722], [-70.659625, -33.46974], [-70.659622, -33.46976], [-70.65962, -33.469778], [-70.659618, -33.469795], [-70.659617, -33.469812], [-70.659613, -33.46983], [-70.65961, -33.469847], [-70.659612, -33.469865], [-70.659615, -33.469882], [-70.659618, -33.469902], [-70.659623, -33.46992], [-70.659623, -33.469938], [-70.659625, -33.46996], [-70.659625, -33.46998], [-70.659627, -33.47], [-70.659625, -33.470023], [-70.659623, -33.470045], [-70.659622, -33.470067], [-70.659618, -33.470088], [-70.65961, -33.470107], [-70.659598, -33.470127], [-70.659583, -33.470142], [-70.659563, -33.470155], [-70.659542, -33.470158], [-70.659515, -33.470172], [-70.659492, -33.47018], [-70.65947, -33.470183], [-70.659448, -33.470182], [-70.659425, -33.47018], [-70.659403, -33.470178], [-70.659378, -33.470175], [-70.659357, -33.47017], [-70.659328, -33.470162], [-70.659298, -33.470158], [-70.65926, -33.470163], [-70.659232, -33.470158], [-70.659203, -33.470152], [-70.659177, -33.470145], [-70.659153, -33.470142], [-70.659128, -33.470137], [-70.6591, -33.470137], [-70.659075, -33.470135], [-70.659047, -33.470132], [-70.659018, -33.47013], [-70.658993, -33.470128], [-70.658972, -33.470127], [-70.65895, -33.470127], [-70.658927, -33.47013], [-70.658898, -33.470133], [-70.65887, -33.470137], [-70.658843, -33.470138], [-70.658815, -33.470138], [-70.658787, -33.470138], [-70.65876, -33.470135], [-70.65874, -33.470132], [-70.658713, -33.47013], [-70.658685, -33.470127], [-70.65866, -33.470125], [-70.658633, -33.470122], [-70.658607, -33.47012], [-70.658578, -33.470117], [-70.65855, -33.470115], [-70.658523, -33.470113], [-70.658495, -33.470112], [-70.658472, -33.47011], [-70.658447, -33.470108], [-70.658418, -33.470108], [-70.658392, -33.470108], [-70.658365, -33.470107], [-70.658337, -33.470107], [-70.65831, -33.470105], [-70.658287, -33.470102], [-70.658263, -33.470095], [-70.65824, -33.47009], [-70.658217, -33.470083], [-70.658188, -33.470082], [-70.658163, -33.470082], [-70.65814, -33.470078], [-70.658113, -33.470077], [-70.658093, -33.470072], [-70.658075, -33.470067], [-70.658058, -33.470058], [-70.658038, -33.470052], [-70.658012, -33.470052], [-70.657992, -33.470053], [-70.657957, -33.470057], [-70.657932, -33.470057], [-70.657907, -33.470055], [-70.657882, -33.470055], [-70.657855, -33.470053], [-70.657827, -33.470048], [-70.6578, -33.470045], [-70.657773, -33.470045], [-70.657748, -33.470045], [-70.657722, -33.470045], [-70.657698, -33.470047], [-70.657673, -33.470047], [-70.657648, -33.470047], [-70.657623, -33.470045], [-70.657598, -33.470045], [-70.657573, -33.470043], [-70.657548, -33.47004], [-70.65752, -33.470038], [-70.657493, -33.470035], [-70.657468, -33.470035], [-70.657448, -33.470035], [-70.657418, -33.470035], [-70.657393, -33.470035], [-70.657367, -33.470035], [-70.65734, -33.470042], [-70.65731, -33.470045], [-70.657283, -33.470045], [-70.657258, -33.470043], [-70.657235, -33.470042], [-70.657212, -33.470038], [-70.657185, -33.470038], [-70.65716, -33.470038], [-70.657135, -33.470042], [-70.65711, -33.47004], [-70.657085, -33.47004], [-70.657062, -33.47004], [-70.657037, -33.470037], [-70.657012, -33.470035], [-70.656992, -33.470033], [-70.656962, -33.470032], [-70.656935, -33.470032], [-70.656912, -33.470033], [-70.656887, -33.470033], [-70.656865, -33.470035], [-70.656842, -33.470037], [-70.656817, -33.470035], [-70.656797, -33.470033], [-70.656765, -33.47003], [-70.65674, -33.470027], [-70.656715, -33.470027], [-70.656693, -33.470027], [-70.65667, -33.470025], [-70.656647, -33.470022], [-70.656622, -33.470018], [-70.656598, -33.470017], [-70.656575, -33.470015], [-70.656552, -33.470012], [-70.656527, -33.470008], [-70.656503, -33.470005], [-70.65648, -33.470003], [-70.656457, -33.47], [-70.656432, -33.470002], [-70.656407, -33.470002], [-70.656383, -33.470002], [-70.656358, -33.470002], [-70.656333, -33.47], [-70.656308, -33.47], [-70.656282, -33.470002], [-70.656255, -33.470002], [-70.656228, -33.470002], [-70.656205, -33.470005], [-70.656177, -33.470003], [-70.656153, -33.47], [-70.65613, -33.469998], [-70.656107, -33.469993], [-70.656085, -33.469988], [-70.656063, -33.46998], [-70.656047, -33.469968], [-70.656032, -33.469953], [-70.656025, -33.469937], [-70.656022, -33.469917], [-70.65602, -33.4699], [-70.656013, -33.469873], [-70.656008, -33.469852], [-70.656005, -33.46983], [-70.656005, -33.469807], [-70.656007, -33.469783], [-70.656012, -33.46976], [-70.656012, -33.469738], [-70.656013, -33.469717], [-70.656015, -33.4697], [-70.656018, -33.469673], [-70.65602, -33.469652], [-70.65602, -33.46963], [-70.65602, -33.469608], [-70.656017, -33.469587], [-70.656017, -33.469563], [-70.656017, -33.469542], [-70.656017, -33.469518], [-70.65602, -33.469495], [-70.656023, -33.469473], [-70.656025, -33.469452], [-70.656027, -33.469433], [-70.65603, -33.469412], [-70.656033, -33.469383], [-70.656033, -33.46936], [-70.656037, -33.469338], [-70.656037, -33.469317], [-70.656038, -33.469295], [-70.65604, -33.469273], [-70.656042, -33.469252], [-70.656045, -33.46923], [-70.656045, -33.469213], [-70.656043, -33.469187], [-70.65604, -33.469165], [-70.65604, -33.469143], [-70.656043, -33.469127], [-70.656047, -33.469102], [-70.656047, -33.46908], [-70.656047, -33.469058], [-70.656048, -33.469038], [-70.656047, -33.469017], [-70.656045, -33.468995], [-70.656045, -33.468973], [-70.656045, -33.468952], [-70.656045, -33.468932], [-70.656045, -33.468908], [-70.656045, -33.468885], [-70.656048, -33.468862], [-70.656052, -33.468838], [-70.656053, -33.468815], [-70.656055, -33.468793], [-70.656058, -33.468772], [-70.656062, -33.46875], [-70.656063, -33.46873], [-70.656065, -33.468708], [-70.65607, -33.468687], [-70.656073, -33.468663], [-70.656077, -33.468642], [-70.656078, -33.46862], [-70.65608, -33.468598], [-70.65608, -33.468578], [-70.65608, -33.468555], [-70.656082, -33.468533], [-70.656082, -33.468512], [-70.656082, -33.468492], [-70.656082, -33.46847], [-70.656085, -33.468447], [-70.656085, -33.468425], [-70.656088, -33.468405], [-70.656087, -33.468383], [-70.656087, -33.468363], [-70.656087, -33.468342], [-70.656087, -33.46832], [-70.656087, -33.468298], [-70.656087, -33.468277], [-70.656088, -33.468255], [-70.656088, -33.468232], [-70.65609, -33.468212], [-70.656092, -33.468192], [-70.656093, -33.46817], [-70.656095, -33.468148], [-70.656098, -33.468128], [-70.6561, -33.468107], [-70.6561, -33.468085], [-70.6561, -33.468065], [-70.656098, -33.468045], [-70.656102, -33.468023], [-70.656105, -33.468003], [-70.656107, -33.467982], [-70.656105, -33.467962], [-70.656105, -33.467942], [-70.656105, -33.46792], [-70.656107, -33.467898], [-70.656107, -33.467877], [-70.65611, -33.467855], [-70.656112, -33.467833], [-70.656113, -33.46781], [-70.656115, -33.467788], [-70.656117, -33.467765], [-70.656115, -33.467743], [-70.656115, -33.46772], [-70.656115, -33.467698], [-70.656113, -33.467677], [-70.656113, -33.467655], [-70.656115, -33.467633], [-70.656117, -33.46761], [-70.656117, -33.46759], [-70.656117, -33.467567], [-70.656117, -33.467545], [-70.656117, -33.467523], [-70.65612, -33.467502], [-70.656122, -33.46748], [-70.656123, -33.467457], [-70.656123, -33.467435], [-70.656125, -33.467412], [-70.656125, -33.467392], [-70.656127, -33.467372], [-70.65613, -33.46735], [-70.656133, -33.46733], [-70.656135, -33.467308], [-70.656138, -33.467288], [-70.656142, -33.467268], [-70.656143, -33.467248], [-70.656145, -33.467228], [-70.656147, -33.467208], [-70.656143, -33.467187], [-70.656142, -33.467165], [-70.656142, -33.467145], [-70.656142, -33.467123], [-70.656145, -33.467103], [-70.656147, -33.467083], [-70.656152, -33.467063], [-70.656157, -33.467042], [-70.65616, -33.467022], [-70.656163, -33.467], [-70.656165, -33.466978], [-70.656165, -33.466958], [-70.656167, -33.466942], [-70.656167, -33.466922], [-70.656168, -33.466897], [-70.656172, -33.466877], [-70.656175, -33.466855], [-70.656177, -33.466837], [-70.656178, -33.466815], [-70.65618, -33.46679], [-70.656182, -33.466768], [-70.656183, -33.46675], [-70.656182, -33.466725], [-70.656183, -33.466705], [-70.656185, -33.466683], [-70.656185, -33.466662], [-70.656187, -33.46664], [-70.65619, -33.466622], [-70.656192, -33.4666], [-70.656193, -33.466578], [-70.65619, -33.466557], [-70.656193, -33.46653], [-70.656192, -33.466507], [-70.656192, -33.466485], [-70.656192, -33.466468], [-70.656195, -33.46644], [-70.656197, -33.466417], [-70.6562, -33.466395], [-70.6562, -33.466377], [-70.656202, -33.466355], [-70.656202, -33.466328], [-70.656203, -33.466307], [-70.656205, -33.466283], [-70.656207, -33.466265], [-70.656208, -33.46624], [-70.656212, -33.466217], [-70.656212, -33.466197], [-70.656213, -33.466178], [-70.656215, -33.466153], [-70.656217, -33.466132], [-70.656215, -33.466113], [-70.656217, -33.46609], [-70.656217, -33.46607], [-70.65622, -33.466043], [-70.65622, -33.466022], [-70.656218, -33.465998], [-70.656218, -33.465982], [-70.65622, -33.465957], [-70.65622, -33.465935], [-70.656222, -33.465913], [-70.656223, -33.465897], [-70.656227, -33.46587], [-70.656225, -33.465848], [-70.656225, -33.465828], [-70.656225, -33.465812], [-70.656227, -33.46579], [-70.656228, -33.465765], [-70.656227, -33.465745], [-70.656228, -33.46573], [-70.65623, -33.465703], [-70.656232, -33.465685], [-70.656233, -33.465665], [-70.656235, -33.46564], [-70.656233, -33.465625], [-70.656232, -33.4656], [-70.65623, -33.46558], [-70.656227, -33.465558], [-70.656227, -33.465542], [-70.656228, -33.46552], [-70.656228, -33.465498], [-70.656228, -33.465473], [-70.656227, -33.46545], [-70.656227, -33.465432], [-70.656228, -33.465405], [-70.656228, -33.465383], [-70.65623, -33.465363], [-70.656233, -33.465347], [-70.656235, -33.46532], [-70.656235, -33.465298], [-70.656238, -33.465277], [-70.65624, -33.465262], [-70.656243, -33.465238], [-70.656247, -33.465215], [-70.656252, -33.465193], [-70.656253, -33.465173], [-70.656257, -33.465152], [-70.656258, -33.46513], [-70.656262, -33.465107], [-70.656263, -33.465087], [-70.656263, -33.465068], [-70.656262, -33.465042], [-70.656262, -33.465022], [-70.656262, -33.465], [-70.656262, -33.464982], [-70.65626, -33.46496], [-70.656262, -33.464933], [-70.656262, -33.464912], [-70.656263, -33.46489], [-70.656263, -33.464873], [-70.656267, -33.464847], [-70.65627, -33.464825], [-70.656273, -33.464803], [-70.656277, -33.464785], [-70.656277, -33.46476], [-70.656278, -33.464745], [-70.65628, -33.464722], [-70.65628, -33.464702], [-70.656283, -33.46468], [-70.656285, -33.464655], [-70.656285, -33.464632], [-70.656285, -33.46461], [-70.656287, -33.464588], [-70.656287, -33.464565], [-70.656287, -33.464543], [-70.656288, -33.464522], [-70.656292, -33.464503], [-70.656297, -33.464482], [-70.656302, -33.464457], [-70.656307, -33.464432], [-70.656308, -33.464413], [-70.656307, -33.46439], [-70.656308, -33.464363], [-70.656308, -33.464342], [-70.65631, -33.464318], [-70.65631, -33.4643], [-70.65631, -33.464273], [-70.656312, -33.464257], [-70.656313, -33.464228], [-70.656313, -33.464208], [-70.656312, -33.464185], [-70.65631, -33.464163], [-70.65631, -33.464138], [-70.656312, -33.464117], [-70.656312, -33.464098], [-70.656312, -33.464072], [-70.656312, -33.46405], [-70.656315, -33.464027], [-70.656317, -33.464005], [-70.656318, -33.463983], [-70.656317, -33.463962], [-70.656317, -33.46394], [-70.656318, -33.463923], [-70.656322, -33.463902], [-70.656325, -33.463875], [-70.656328, -33.463853], [-70.656333, -33.463837], [-70.656335, -33.46381], [-70.656335, -33.463793], [-70.656337, -33.463772], [-70.656338, -33.463745], [-70.656338, -33.463728], [-70.65634, -33.463705], [-70.65634, -33.463678], [-70.656342, -33.463655], [-70.656342, -33.463637], [-70.656343, -33.46361], [-70.656347, -33.463588], [-70.656348, -33.463567], [-70.65635, -33.463545], [-70.656353, -33.463527], [-70.656355, -33.463502], [-70.656355, -33.46348], [-70.656357, -33.463457], [-70.656357, -33.463435], [-70.65636, -33.463413], [-70.656362, -33.463392], [-70.656363, -33.46337], [-70.656363, -33.463355], [-70.656365, -33.463332], [-70.656367, -33.463305], [-70.656367, -33.463282], [-70.656368, -33.46326], [-70.656368, -33.463243], [-70.656372, -33.463218], [-70.656372, -33.463195], [-70.656373, -33.463173], [-70.656373, -33.463157], [-70.656373, -33.46313], [-70.656375, -33.463108], [-70.656377, -33.463087], [-70.656377, -33.46307], [-70.656378, -33.463042], [-70.65638, -33.46302], [-70.656382, -33.463], [-70.656382, -33.462977], [-70.656383, -33.462958], [-70.656383, -33.462933], [-70.656382, -33.462912], [-70.656382, -33.462895], [-70.65638, -33.462868], [-70.656382, -33.462845], [-70.656382, -33.462827], [-70.656382, -33.462805], [-70.65638, -33.462783], [-70.65638, -33.46276], [-70.656378, -33.462737], [-70.65638, -33.46271], [-70.656382, -33.462688], [-70.656383, -33.462668], [-70.656383, -33.462652], [-70.656382, -33.462625], [-70.656382, -33.462602], [-70.656382, -33.462578], [-70.656385, -33.462562], [-70.656387, -33.462533], [-70.656387, -33.462512], [-70.656388, -33.46249], [-70.656392, -33.46247], [-70.656393, -33.462447], [-70.656395, -33.462423], [-70.656397, -33.462402], [-70.6564, -33.462385], [-70.656398, -33.462363], [-70.656398, -33.462337], [-70.6564, -33.462317], [-70.656398, -33.462295], [-70.6564, -33.462277], [-70.6564, -33.462252], [-70.6564, -33.46223], [-70.6564, -33.46221], [-70.656402, -33.462193], [-70.656403, -33.462167], [-70.656403, -33.462147], [-70.656405, -33.462122], [-70.656407, -33.4621], [-70.656405, -33.462078], [-70.656408, -33.462058], [-70.656408, -33.462037], [-70.656407, -33.46202], [-70.656408, -33.461998], [-70.656413, -33.461973], [-70.656418, -33.461952], [-70.656422, -33.461927], [-70.656425, -33.461903], [-70.656425, -33.461887], [-70.656427, -33.461865], [-70.656427, -33.46184], [-70.656428, -33.461818], [-70.656428, -33.461795], [-70.65643, -33.461773], [-70.656428, -33.461752], [-70.656427, -33.461723], [-70.656422, -33.461698], [-70.656422, -33.46168], [-70.656418, -33.461655], [-70.656418, -33.461633], [-70.656418, -33.461613], [-70.656418, -33.461595], [-70.656418, -33.46157], [-70.656418, -33.461545], [-70.656418, -33.461525], [-70.656418, -33.461507], [-70.656422, -33.461478], [-70.656422, -33.461457], [-70.656418, -33.461435], [-70.656417, -33.46142], [-70.656417, -33.461395], [-70.65642, -33.461367], [-70.656422, -33.461342], [-70.656423, -33.461318], [-70.656425, -33.4613], [-70.656428, -33.461273], [-70.65643, -33.461252], [-70.656432, -33.46123], [-70.656433, -33.461207], [-70.656433, -33.461183], [-70.656435, -33.461163], [-70.656438, -33.461143], [-70.656442, -33.461123], [-70.656445, -33.461105], [-70.656447, -33.461082], [-70.656447, -33.46106], [-70.656448, -33.461038], [-70.65645, -33.461017], [-70.656447, -33.460992], [-70.656445, -33.460968], [-70.656445, -33.460943], [-70.656445, -33.460925], [-70.656443, -33.4609], [-70.656442, -33.460872], [-70.656442, -33.460848], [-70.656447, -33.460825], [-70.656452, -33.460798], [-70.656452, -33.460777], [-70.65645, -33.460753], [-70.65645, -33.46073], [-70.65645, -33.460712], [-70.656452, -33.460687], [-70.656452, -33.460667], [-70.65645, -33.460648], [-70.65645, -33.460628], [-70.656447, -33.460607], [-70.656437, -33.460588], [-70.656423, -33.460573], [-70.656405, -33.460557], [-70.656388, -33.460547], [-70.656355, -33.460537], [-70.656327, -33.460532], [-70.6563, -33.460528], [-70.656273, -33.460527], [-70.656242, -33.460523], [-70.656217, -33.460518], [-70.65619, -33.460513], [-70.65617, -33.460507], [-70.656138, -33.460502], [-70.656113, -33.460498], [-70.656087, -33.460493], [-70.65606, -33.460492], [-70.656038, -33.46049], [-70.656008, -33.460488], [-70.655983, -33.460487], [-70.65596, -33.460483], [-70.655932, -33.460478], [-70.655897, -33.460472], [-70.655872, -33.460468], [-70.655845, -33.460463], [-70.655825, -33.460463], [-70.655797, -33.460462], [-70.655772, -33.46046], [-70.655748, -33.460455], [-70.655725, -33.460453], [-70.655698, -33.460448], [-70.655668, -33.460443], [-70.655643, -33.460438], [-70.655618, -33.460435], [-70.65559, -33.460433], [-70.655563, -33.460432], [-70.655538, -33.460428], [-70.655512, -33.460425], [-70.655492, -33.460423], [-70.655458, -33.460422], [-70.655433, -33.46042], [-70.655408, -33.460417], [-70.655383, -33.460413], [-70.655358, -33.460408], [-70.655333, -33.460405], [-70.655312, -33.460402], [-70.655287, -33.460397], [-70.655263, -33.460395], [-70.655237, -33.46039], [-70.655212, -33.460385], [-70.655185, -33.460382], [-70.65516, -33.460378], [-70.655133, -33.460375], [-70.655107, -33.460373], [-70.65508, -33.460373], [-70.655052, -33.46037], [-70.655028, -33.460365], [-70.655003, -33.460362], [-70.654978, -33.460358], [-70.654953, -33.460357], [-70.654927, -33.460353], [-70.654902, -33.460352], [-70.654877, -33.46035], [-70.65485, -33.460347], [-70.654825, -33.460343], [-70.654797, -33.460343], [-70.65477, -33.460342], [-70.654745, -33.46034], [-70.654718, -33.460338], [-70.654693, -33.460337], [-70.654668, -33.460332], [-70.654643, -33.460328], [-70.654618, -33.460325], [-70.654592, -33.460323], [-70.654565, -33.46032], [-70.654538, -33.460317], [-70.65451, -33.460312], [-70.654483, -33.460308], [-70.654457, -33.460305], [-70.654432, -33.460302], [-70.654405, -33.460298], [-70.654378, -33.460295], [-70.65435, -33.460292], [-70.654325, -33.460288], [-70.654297, -33.460285], [-70.654272, -33.46028], [-70.654245, -33.460278], [-70.654217, -33.460278], [-70.654192, -33.460272], [-70.654165, -33.460268], [-70.654145, -33.460267], [-70.654113, -33.460262], [-70.654088, -33.460258], [-70.654063, -33.460253], [-70.65404, -33.46025], [-70.654015, -33.460247], [-70.65399, -33.460245], [-70.653963, -33.460242], [-70.653938, -33.46024], [-70.653912, -33.460237], [-70.653885, -33.460233], [-70.65386, -33.460232], [-70.653838, -33.460228], [-70.653818, -33.460227], [-70.653787, -33.460222], [-70.653763, -33.460217], [-70.653735, -33.460213], [-70.653715, -33.46021], [-70.653685, -33.460207], [-70.653658, -33.460205], [-70.653633, -33.460203], [-70.653612, -33.460202], [-70.653582, -33.460198], [-70.653557, -33.460195], [-70.653532, -33.460193], [-70.653505, -33.46019], [-70.653483, -33.460188], [-70.653458, -33.460187], [-70.653433, -33.460185], [-70.653407, -33.460183], [-70.65339, -33.460182], [-70.653362, -33.46018], [-70.653337, -33.460177], [-70.653313, -33.460175], [-70.65329, -33.460173], [-70.653272, -33.46017], [-70.653252, -33.460172], [-70.65323, -33.460173], [-70.653207, -33.460175], [-70.653182, -33.460175], [-70.653157, -33.46017], [-70.653132, -33.460163], [-70.653108, -33.460155], [-70.653078, -33.460152], [-70.65305, -33.460148], [-70.653023, -33.460145], [-70.653, -33.460142], [-70.652975, -33.460138], [-70.65295, -33.460135], [-70.652925, -33.460132], [-70.652902, -33.460127], [-70.652882, -33.460122], [-70.65286, -33.46011], [-70.652835, -33.460105], [-70.65281, -33.4601], [-70.652785, -33.460097], [-70.65276, -33.460097], [-70.652733, -33.460097], [-70.652707, -33.460095], [-70.65268, -33.460095], [-70.652655, -33.460093], [-70.652628, -33.460092], [-70.6526, -33.46009], [-70.652575, -33.460087], [-70.652552, -33.460078], [-70.652527, -33.460082], [-70.6525, -33.460078], [-70.65248, -33.460068], [-70.652458, -33.460057], [-70.652433, -33.460047], [-70.652408, -33.460037], [-70.652382, -33.460028], [-70.652353, -33.460022], [-70.652327, -33.46002], [-70.652302, -33.460013], [-70.652275, -33.460012], [-70.65225, -33.460013], [-70.652213, -33.460018], [-70.652183, -33.46002], [-70.652152, -33.46002], [-70.652125, -33.460017], [-70.652098, -33.460017], [-70.652073, -33.460013], [-70.652048, -33.460012], [-70.65202, -33.46001], [-70.651992, -33.46001], [-70.651963, -33.460008], [-70.651937, -33.460005], [-70.651913, -33.460002], [-70.65189, -33.459998], [-70.651863, -33.459997], [-70.65184, -33.459995], [-70.651813, -33.459993], [-70.65179, -33.45999], [-70.651765, -33.459988], [-70.651738, -33.459985], [-70.65171, -33.459985], [-70.651687, -33.459983], [-70.651657, -33.459982], [-70.65163, -33.459978], [-70.651603, -33.459977], [-70.651577, -33.45997], [-70.651553, -33.459963], [-70.651528, -33.459962], [-70.651502, -33.45996], [-70.651478, -33.459955], [-70.651453, -33.459953], [-70.651428, -33.459952], [-70.651402, -33.459948], [-70.65138, -33.459948], [-70.651355, -33.459948], [-70.651325, -33.459945], [-70.6513, -33.45994], [-70.651273, -33.459937], [-70.651253, -33.459933], [-70.65122, -33.45993], [-70.651198, -33.45993], [-70.651165, -33.459927], [-70.651138, -33.459927], [-70.651117, -33.459925], [-70.651085, -33.459922], [-70.651058, -33.45992], [-70.651032, -33.459917], [-70.651003, -33.459913], [-70.650975, -33.459912], [-70.650948, -33.459907], [-70.650922, -33.459905], [-70.650898, -33.4599], [-70.650873, -33.459897], [-70.650848, -33.459893], [-70.650822, -33.45989], [-70.650795, -33.459887], [-70.650767, -33.459883], [-70.650737, -33.45988], [-70.65071, -33.459878], [-70.650685, -33.459875], [-70.65066, -33.459875], [-70.650635, -33.459872], [-70.65061, -33.459868], [-70.650585, -33.459865], [-70.650558, -33.459862], [-70.650532, -33.459858], [-70.65051, -33.459855], [-70.650478, -33.459845], [-70.650452, -33.459838], [-70.650428, -33.459837], [-70.650403, -33.459835], [-70.650382, -33.459835], [-70.650348, -33.459835], [-70.650322, -33.459837], [-70.650302, -33.459835], [-70.650268, -33.459827], [-70.650243, -33.45982], [-70.650217, -33.459813], [-70.65019, -33.459808], [-70.65017, -33.459807], [-70.650145, -33.459803], [-70.650113, -33.459802], [-70.650093, -33.459802], [-70.650068, -33.4598], [-70.650037, -33.459798], [-70.650017, -33.459795], [-70.649988, -33.45979], [-70.649963, -33.459785], [-70.649937, -33.459782], [-70.64991, -33.459778], [-70.649887, -33.459777], [-70.649858, -33.459773], [-70.649832, -33.459772], [-70.649812, -33.45977], [-70.64978, -33.459768], [-70.649755, -33.459765], [-70.649728, -33.459763], [-70.649708, -33.45976], [-70.649683, -33.459757], [-70.649653, -33.459753], [-70.649628, -33.459752], [-70.64961, -33.45975], [-70.649583, -33.45975], [-70.649558, -33.459752], [-70.64953, -33.459752], [-70.649503, -33.459747], [-70.649478, -33.459742], [-70.649452, -33.459738], [-70.649427, -33.459735], [-70.649402, -33.45973], [-70.649375, -33.459725], [-70.649355, -33.459723], [-70.64933, -33.45972], [-70.649298, -33.459718], [-70.64927, -33.459715], [-70.649243, -33.45971], [-70.649225, -33.459707], [-70.649197, -33.459702], [-70.649165, -33.459697], [-70.649135, -33.459693], [-70.649108, -33.459688], [-70.649087, -33.459685], [-70.64906, -33.45968], [-70.649035, -33.459673], [-70.649008, -33.459668], [-70.648983, -33.459662], [-70.648957, -33.459657], [-70.64893, -33.459653], [-70.648905, -33.459648], [-70.648875, -33.459642], [-70.648855, -33.459638], [-70.648828, -33.459632], [-70.648803, -33.459623], [-70.648772, -33.459615], [-70.648745, -33.45961], [-70.648717, -33.459603], [-70.648695, -33.4596], [-70.648665, -33.459595], [-70.648642, -33.459592], [-70.648615, -33.459588], [-70.64859, -33.459585], [-70.648565, -33.45958], [-70.64854, -33.459577], [-70.648515, -33.45957], [-70.648488, -33.459562], [-70.648467, -33.459558], [-70.648437, -33.45955], [-70.64841, -33.459543], [-70.648385, -33.459538], [-70.648362, -33.459533], [-70.648342, -33.459532], [-70.648312, -33.459527], [-70.648287, -33.459522], [-70.648262, -33.459513], [-70.64824, -33.459507], [-70.648208, -33.459502], [-70.648183, -33.459498], [-70.648157, -33.459493], [-70.648137, -33.459492], [-70.648112, -33.459488], [-70.64808, -33.459483], [-70.648055, -33.459478], [-70.648035, -33.459473], [-70.64801, -33.459468], [-70.647985, -33.459463], [-70.64796, -33.459458], [-70.647928, -33.459452], [-70.647902, -33.459447], [-70.647882, -33.459442], [-70.647852, -33.459438], [-70.647827, -33.459432], [-70.647802, -33.459427], [-70.64778, -33.459422], [-70.64775, -33.459417], [-70.647723, -33.45941], [-70.6477, -33.459403], [-70.647673, -33.459397], [-70.647648, -33.45939], [-70.647622, -33.459385], [-70.647595, -33.45938], [-70.647568, -33.459373], [-70.647548, -33.459368], [-70.647517, -33.459362], [-70.647488, -33.459357], [-70.647462, -33.45935], [-70.64744, -33.459345], [-70.647408, -33.459338], [-70.647382, -33.459333], [-70.647357, -33.459328], [-70.647335, -33.459323], [-70.647308, -33.459317], [-70.647278, -33.459308], [-70.647253, -33.459302], [-70.647228, -33.459293], [-70.647203, -33.459283], [-70.647178, -33.459275], [-70.647152, -33.459272], [-70.647127, -33.459267], [-70.647102, -33.459262], [-70.647077, -33.459257], [-70.647052, -33.459253], [-70.647025, -33.45925], [-70.647002, -33.459245], [-70.646977, -33.459242], [-70.646955, -33.459238], [-70.646932, -33.459235], [-70.646907, -33.459228], [-70.646888, -33.459223], [-70.646858, -33.45922], [-70.646835, -33.459215], [-70.64681, -33.45921], [-70.646785, -33.459207], [-70.64676, -33.459205], [-70.646735, -33.459202], [-70.646712, -33.459197], [-70.646687, -33.45919], [-70.646665, -33.459185], [-70.646637, -33.45918], [-70.646612, -33.459177], [-70.646588, -33.459172], [-70.646567, -33.459167], [-70.646538, -33.459163], [-70.646513, -33.459158], [-70.64649, -33.459153], [-70.646467, -33.45915], [-70.646443, -33.459148], [-70.646413, -33.45914], [-70.646388, -33.459132], [-70.646363, -33.459127], [-70.646343, -33.459123], [-70.646317, -33.45912], [-70.646285, -33.459115], [-70.646258, -33.459108], [-70.646233, -33.459103], [-70.646215, -33.459098], [-70.646185, -33.459093], [-70.64616, -33.459088], [-70.646133, -33.459085], [-70.646108, -33.45908], [-70.646083, -33.459073], [-70.646058, -33.459067], [-70.646033, -33.459058], [-70.646015, -33.459055], [-70.645988, -33.459048], [-70.645957, -33.459038], [-70.64593, -33.459033], [-70.645905, -33.459027], [-70.645877, -33.459023], [-70.64585, -33.459017], [-70.645825, -33.45901], [-70.645803, -33.459007], [-70.645777, -33.459002], [-70.64575, -33.458997], [-70.64572, -33.45899], [-70.645695, -33.458985], [-70.64567, -33.45898], [-70.645652, -33.458975], [-70.645623, -33.458968], [-70.6456, -33.45896], [-70.645573, -33.458955], [-70.645547, -33.458948], [-70.64552, -33.458943], [-70.645493, -33.458938], [-70.645467, -33.458935], [-70.64544, -33.458928], [-70.64542, -33.458925], [-70.645388, -33.458917], [-70.645362, -33.458912], [-70.645335, -33.458908], [-70.645308, -33.458905], [-70.645283, -33.4589], [-70.645257, -33.458895], [-70.645232, -33.45889], [-70.645215, -33.458887], [-70.645185, -33.45888], [-70.64516, -33.458875], [-70.645133, -33.45887], [-70.645108, -33.458862], [-70.645088, -33.458857], [-70.645057, -33.45885], [-70.645032, -33.458845], [-70.645005, -33.45884], [-70.644987, -33.458835], [-70.644953, -33.458828], [-70.644927, -33.458823], [-70.644898, -33.45882], [-70.644873, -33.458815], [-70.644848, -33.45881], [-70.64482, -33.458805], [-70.644793, -33.4588], [-70.644765, -33.458795], [-70.64474, -33.458792], [-70.644708, -33.458787], [-70.644682, -33.458778], [-70.644662, -33.458773], [-70.644635, -33.45877], [-70.64461, -33.458767], [-70.644582, -33.45876], [-70.644555, -33.458757], [-70.64453, -33.458752], [-70.644508, -33.458748], [-70.644482, -33.458738], [-70.644452, -33.458732], [-70.644425, -33.458727], [-70.6444, -33.458722], [-70.644373, -33.458717], [-70.644352, -33.458713], [-70.64432, -33.45871], [-70.644295, -33.458705], [-70.64427, -33.458702], [-70.644248, -33.458698], [-70.644223, -33.458695], [-70.644195, -33.458692], [-70.64417, -33.458687], [-70.64415, -33.458682], [-70.644125, -33.458677], [-70.644097, -33.458673], [-70.644072, -33.458667], [-70.644047, -33.45866], [-70.644022, -33.458655], [-70.643998, -33.45865], [-70.643973, -33.458645], [-70.643948, -33.458638], [-70.643923, -33.458632], [-70.643902, -33.458628], [-70.643872, -33.458618], [-70.643847, -33.45861], [-70.643822, -33.458602], [-70.643798, -33.458593], [-70.643775, -33.45859], [-70.643745, -33.458585], [-70.643718, -33.458578], [-70.643697, -33.458573], [-70.643673, -33.458568], [-70.643643, -33.45856], [-70.643618, -33.458553], [-70.64359, -33.458547], [-70.643567, -33.458542], [-70.64354, -33.458535], [-70.643513, -33.45853], [-70.643487, -33.458523], [-70.64346, -33.458518], [-70.643435, -33.458515], [-70.643412, -33.458507], [-70.643387, -33.458498], [-70.643357, -33.458492], [-70.643337, -33.458487], [-70.643312, -33.458482], [-70.643285, -33.458475], [-70.64326, -33.458472], [-70.643227, -33.458468], [-70.643203, -33.458462], [-70.643183, -33.458458], [-70.643153, -33.45845], [-70.643127, -33.458443], [-70.6431, -33.458438], [-70.643077, -33.458433], [-70.64305, -33.458428], [-70.643022, -33.458422], [-70.642997, -33.458418], [-70.642973, -33.458413], [-70.642953, -33.45841], [-70.642928, -33.458407], [-70.6429, -33.458402], [-70.642875, -33.458397], [-70.64285, -33.45839], [-70.642832, -33.458385], [-70.642802, -33.458378], [-70.642778, -33.458373], [-70.642753, -33.458368], [-70.642732, -33.458365], [-70.642707, -33.458357], [-70.642675, -33.458352], [-70.64265, -33.458343], [-70.642623, -33.458338], [-70.6426, -33.458332], [-70.64258, -33.458328], [-70.642552, -33.458318], [-70.642532, -33.458313], [-70.642508, -33.458305], [-70.642483, -33.458298], [-70.64246, -33.458292], [-70.642432, -33.458285], [-70.642407, -33.458282], [-70.64238, -33.458277], [-70.64236, -33.458273], [-70.642338, -33.45827], [-70.642312, -33.458263], [-70.642292, -33.458255], [-70.64227, -33.45825], [-70.64224, -33.458243], [-70.642215, -33.458237], [-70.642188, -33.458232], [-70.642168, -33.458227], [-70.64214, -33.45822], [-70.642115, -33.458213], [-70.642088, -33.458207], [-70.642065, -33.4582], [-70.642045, -33.458197], [-70.642022, -33.458192], [-70.641998, -33.458183], [-70.641975, -33.458178], [-70.64195, -33.458173], [-70.641925, -33.458168], [-70.6419, -33.458162], [-70.641877, -33.458155], [-70.641852, -33.45815], [-70.641825, -33.458148], [-70.6418, -33.458145], [-70.641773, -33.458142], [-70.641748, -33.45814], [-70.641723, -33.458137], [-70.641697, -33.458132], [-70.641667, -33.458122], [-70.64164, -33.458117], [-70.641615, -33.458112], [-70.641595, -33.458108], [-70.641567, -33.458107], [-70.641537, -33.458102], [-70.641512, -33.458097], [-70.641492, -33.458092], [-70.641468, -33.458087], [-70.641445, -33.458083], [-70.64142, -33.458078], [-70.641397, -33.458072], [-70.641372, -33.458067], [-70.641347, -33.458062], [-70.641322, -33.458058], [-70.641297, -33.458053], [-70.641272, -33.458047], [-70.641248, -33.45804], [-70.64123, -33.458033], [-70.641213, -33.458027], [-70.641198, -33.458022], [-70.641185, -33.458017], [-70.641167, -33.458012], [-70.641152, -33.458008], [-70.641133, -33.458005], [-70.641115, -33.458003], [-70.641097, -33.458], [-70.641082, -33.457997], [-70.64107, -33.457995], [-70.641052, -33.45799], [-70.64104, -33.45799], [-70.641023, -33.457985], [-70.641015, -33.45798], [-70.641003, -33.457978], [-70.640985, -33.457978], [-70.64097, -33.45798], [-70.640955, -33.457977], [-70.640942, -33.457975], [-70.640923, -33.457967], [-70.640903, -33.457958], [-70.640888, -33.457953], [-70.640878, -33.45794], [-70.640868, -33.457932], [-70.640862, -33.457928], [-70.640848, -33.457928], [-70.640843, -33.457923], [-70.640832, -33.45792], [-70.640812, -33.457918], [-70.640792, -33.457917], [-70.640773, -33.45791], [-70.640758, -33.457907], [-70.640745, -33.4579], [-70.64073, -33.457893], [-70.640715, -33.457892], [-70.640705, -33.457892], [-70.640692, -33.457892], [-70.640675, -33.45789], [-70.64066, -33.457882], [-70.640645, -33.457878], [-70.640635, -33.457875], [-70.640622, -33.457872], [-70.640603, -33.45787], [-70.640588, -33.457867], [-70.640575, -33.457865], [-70.640565, -33.457862], [-70.640547, -33.457857], [-70.64053, -33.457857], [-70.640513, -33.457857], [-70.640502, -33.457853], [-70.640485, -33.45785], [-70.640467, -33.457845], [-70.640457, -33.457842], [-70.640442, -33.457835], [-70.640427, -33.457827], [-70.640413, -33.45782], [-70.6404, -33.457813], [-70.640382, -33.457807], [-70.640365, -33.457803], [-70.640355, -33.457803], [-70.64034, -33.457797], [-70.640323, -33.457792], [-70.640307, -33.457785], [-70.640293, -33.45777], [-70.640277, -33.457758], [-70.64027, -33.457752], [-70.640255, -33.457745], [-70.640242, -33.457737], [-70.64023, -33.457733], [-70.640215, -33.457727], [-70.640195, -33.457718], [-70.640177, -33.457718], [-70.640157, -33.457723], [-70.640138, -33.457728], [-70.640115, -33.45773], [-70.6401, -33.45773], [-70.640082, -33.45773], [-70.640067, -33.457725], [-70.640052, -33.457723], [-70.640035, -33.457725], [-70.64002, -33.457727], [-70.640003, -33.457725], [-70.639988, -33.457725], [-70.639975, -33.457728], [-70.639963, -33.457728], [-70.639948, -33.457728], [-70.639933, -33.457728], [-70.639913, -33.457722], [-70.639902, -33.457717], [-70.639887, -33.457703], [-70.639867, -33.4577], [-70.639842, -33.4577], [-70.639813, -33.457698], [-70.639785, -33.457697], [-70.639762, -33.457688], [-70.639742, -33.457682], [-70.639712, -33.457677], [-70.639685, -33.457673], [-70.639658, -33.45767], [-70.639635, -33.457667], [-70.639613, -33.457663], [-70.639583, -33.457657], [-70.639557, -33.457655], [-70.639532, -33.45765], [-70.639512, -33.457647], [-70.639487, -33.457642], [-70.639457, -33.457638], [-70.639433, -33.457635], [-70.639408, -33.45763], [-70.639382, -33.457627], [-70.639357, -33.457622], [-70.639332, -33.457615], [-70.639307, -33.457608], [-70.639288, -33.457603], [-70.639265, -33.457595], [-70.639242, -33.457583], [-70.639215, -33.457577], [-70.63919, -33.457572], [-70.639167, -33.45757], [-70.639135, -33.457568], [-70.639108, -33.457565], [-70.639082, -33.45756], [-70.639055, -33.457555], [-70.639035, -33.457552], [-70.639005, -33.457545], [-70.638982, -33.45754], [-70.638958, -33.457533], [-70.63894, -33.457528], [-70.638913, -33.457523], [-70.638883, -33.457518], [-70.638858, -33.457513], [-70.638833, -33.457508], [-70.638812, -33.457505], [-70.638782, -33.457498], [-70.638757, -33.457495], [-70.638733, -33.457488], [-70.63871, -33.457485], [-70.63869, -33.457482], [-70.638663, -33.457477], [-70.638635, -33.457473], [-70.63861, -33.457475], [-70.638585, -33.45747], [-70.638557, -33.457462], [-70.63853, -33.457457], [-70.638503, -33.45745], [-70.63848, -33.457445], [-70.638457, -33.45744], [-70.638435, -33.457435], [-70.638412, -33.457427], [-70.63839, -33.457415], [-70.638367, -33.457405], [-70.638345, -33.457398], [-70.638327, -33.457393], [-70.638302, -33.45739], [-70.638273, -33.457382], [-70.63825, -33.457377], [-70.638227, -33.45737], [-70.638203, -33.457365], [-70.638183, -33.457362], [-70.638155, -33.457355], [-70.63813, -33.45735], [-70.63811, -33.457345], [-70.638078, -33.45734], [-70.638058, -33.457333], [-70.638027, -33.457328], [-70.637998, -33.457322], [-70.637972, -33.45732], [-70.637953, -33.457315], [-70.637925, -33.457308], [-70.6379, -33.457303], [-70.637877, -33.457297], [-70.637852, -33.45729], [-70.637833, -33.457287], [-70.637803, -33.457282], [-70.637777, -33.457277], [-70.637753, -33.45727], [-70.637735, -33.457263], [-70.63771, -33.457253], [-70.637682, -33.45725], [-70.63766, -33.457247], [-70.637645, -33.457243], [-70.637628, -33.457238], [-70.637605, -33.457233], [-70.637583, -33.457228], [-70.637563, -33.457223], [-70.637545, -33.457222], [-70.637518, -33.457217], [-70.637495, -33.45721], [-70.637473, -33.457207], [-70.637457, -33.457207], [-70.637432, -33.457203], [-70.6374, -33.457197], [-70.637373, -33.457192], [-70.637345, -33.457187], [-70.637323, -33.457183], [-70.637292, -33.457183], [-70.637267, -33.457178], [-70.63724, -33.457172], [-70.63722, -33.457167], [-70.63719, -33.45716], [-70.637165, -33.457153], [-70.637142, -33.457147], [-70.637122, -33.45714], [-70.637095, -33.457133], [-70.637062, -33.457127], [-70.637032, -33.45712], [-70.637005, -33.457112], [-70.636983, -33.457105], [-70.636955, -33.4571], [-70.63692, -33.457093], [-70.636892, -33.457088], [-70.636872, -33.457082], [-70.636845, -33.457077], [-70.636813, -33.45707], [-70.636783, -33.457065], [-70.636758, -33.45706], [-70.636738, -33.457058], [-70.636708, -33.45705], [-70.636682, -33.457043], [-70.636653, -33.457038], [-70.636632, -33.457033], [-70.636605, -33.457028], [-70.636573, -33.457022], [-70.636547, -33.457018], [-70.636523, -33.457015], [-70.636497, -33.457007], [-70.636467, -33.457], [-70.63644, -33.456995], [-70.636415, -33.45699], [-70.63639, -33.456983], [-70.63637, -33.456978], [-70.63634, -33.456968], [-70.636315, -33.456963], [-70.636288, -33.456957], [-70.636268, -33.456953], [-70.636238, -33.45695], [-70.636212, -33.456947], [-70.636185, -33.456943], [-70.636163, -33.456942], [-70.636132, -33.456937], [-70.636107, -33.456932], [-70.636082, -33.456925], [-70.63606, -33.456922], [-70.636033, -33.456917], [-70.636003, -33.456908], [-70.63598, -33.456902], [-70.63596, -33.456897], [-70.635935, -33.45689], [-70.63591, -33.456885], [-70.635885, -33.45688], [-70.63586, -33.456875], [-70.635833, -33.456872], [-70.635808, -33.456867], [-70.635778, -33.45686], [-70.635753, -33.456853], [-70.635728, -33.456848], [-70.635708, -33.456842], [-70.635685, -33.456837], [-70.635657, -33.45683], [-70.635633, -33.456825], [-70.635608, -33.45682], [-70.635585, -33.456813], [-70.63556, -33.456807], [-70.635537, -33.456802], [-70.635513, -33.456798], [-70.635495, -33.456795], [-70.635465, -33.45679], [-70.63544, -33.456785], [-70.635415, -33.45678], [-70.635393, -33.456777], [-70.635368, -33.456773], [-70.635337, -33.456768], [-70.635312, -33.456763], [-70.635285, -33.456758], [-70.635265, -33.456752], [-70.635235, -33.456745], [-70.63521, -33.456738], [-70.635185, -33.45673], [-70.635163, -33.456722], [-70.635137, -33.456715], [-70.63511, -33.456712], [-70.635083, -33.456707], [-70.635063, -33.456702], [-70.635037, -33.456697], [-70.635003, -33.456692], [-70.634977, -33.456687], [-70.63495, -33.456682], [-70.634928, -33.456678], [-70.634897, -33.456673], [-70.634877, -33.456668], [-70.634852, -33.45666], [-70.634827, -33.456655], [-70.634798, -33.456647], [-70.634773, -33.456638], [-70.634748, -33.456632], [-70.634717, -33.456625], [-70.63469, -33.45662], [-70.634668, -33.456618], [-70.634638, -33.456612], [-70.634613, -33.456607], [-70.634588, -33.456602], [-70.634565, -33.456597], [-70.634535, -33.45659], [-70.634508, -33.456585], [-70.634482, -33.45658], [-70.634455, -33.456575], [-70.63443, -33.456567], [-70.634405, -33.456558], [-70.63438, -33.456553], [-70.634355, -33.45655], [-70.634333, -33.456545], [-70.634302, -33.456542], [-70.634277, -33.45654], [-70.634252, -33.456535], [-70.634227, -33.456537], [-70.634193, -33.456535], [-70.63417, -33.456528], [-70.634147, -33.456523], [-70.634118, -33.456523], [-70.634092, -33.45652], [-70.634068, -33.456515], [-70.634043, -33.456508], [-70.63402, -33.4565], [-70.633997, -33.456493], [-70.633972, -33.456485], [-70.633947, -33.456478], [-70.633922, -33.456472], [-70.633898, -33.456465], [-70.633878, -33.45646], [-70.633847, -33.456453], [-70.63382, -33.456447], [-70.633802, -33.456442], [-70.633777, -33.456435], [-70.633752, -33.45643], [-70.633722, -33.456422], [-70.633697, -33.456418], [-70.633668, -33.456415], [-70.633647, -33.456412], [-70.633617, -33.456405], [-70.63359, -33.456398], [-70.633565, -33.456393], [-70.633538, -33.456388], [-70.633512, -33.456385], [-70.633485, -33.456378], [-70.633458, -33.456373], [-70.633437, -33.456368], [-70.63341, -33.456365], [-70.633377, -33.45636], [-70.63335, -33.456353], [-70.633322, -33.456347], [-70.6333, -33.45634], [-70.633268, -33.456333], [-70.633247, -33.456327], [-70.633215, -33.456318], [-70.633193, -33.456313], [-70.633167, -33.456307], [-70.633135, -33.456298], [-70.63311, -33.456295], [-70.633083, -33.45629], [-70.63306, -33.456287], [-70.633033, -33.45628], [-70.633003, -33.456275], [-70.632977, -33.456268], [-70.632957, -33.45626], [-70.632928, -33.456252], [-70.632895, -33.456245], [-70.632868, -33.45624], [-70.632843, -33.456238], [-70.632823, -33.456235], [-70.632795, -33.456228], [-70.632768, -33.456225], [-70.632742, -33.45622], [-70.632722, -33.456218], [-70.632695, -33.456212], [-70.632672, -33.456203], [-70.632647, -33.456197], [-70.632622, -33.456192], [-70.632598, -33.456185], [-70.632573, -33.456177], [-70.632548, -33.45617], [-70.632523, -33.456163], [-70.632498, -33.456158], [-70.632472, -33.456153], [-70.632447, -33.456147], [-70.632413, -33.456138], [-70.632387, -33.456132], [-70.63236, -33.456127], [-70.632338, -33.456122], [-70.632307, -33.456115], [-70.63228, -33.45611], [-70.632253, -33.456105], [-70.632233, -33.456102], [-70.632203, -33.456092], [-70.632178, -33.456083], [-70.632153, -33.456077], [-70.632135, -33.456072], [-70.632108, -33.456067], [-70.632078, -33.456058], [-70.632058, -33.456052], [-70.632027, -33.456045], [-70.632007, -33.45604], [-70.63198, -33.456037], [-70.631947, -33.456032], [-70.631922, -33.456025], [-70.631902, -33.456022], [-70.631877, -33.456017], [-70.631847, -33.456012], [-70.631822, -33.456007], [-70.631798, -33.456], [-70.63178, -33.455995], [-70.63176, -33.45599], [-70.631737, -33.455982], [-70.631718, -33.455975], [-70.631702, -33.45597], [-70.631678, -33.455962], [-70.63165, -33.455958], [-70.631625, -33.455952], [-70.631607, -33.455948], [-70.631582, -33.455942], [-70.631553, -33.455935], [-70.63153, -33.455927], [-70.631503, -33.455918], [-70.631482, -33.455912], [-70.631455, -33.455907], [-70.631427, -33.455902], [-70.631403, -33.455897], [-70.63138, -33.455893], [-70.631362, -33.455892], [-70.631337, -33.455885], [-70.631313, -33.45588], [-70.631292, -33.455873], [-70.63127, -33.455867], [-70.631245, -33.455858], [-70.631222, -33.45585], [-70.631197, -33.455843], [-70.631172, -33.455835], [-70.631148, -33.455833], [-70.631117, -33.45583], [-70.631092, -33.455828], [-70.63107, -33.455827], [-70.631043, -33.455825], [-70.631013, -33.455822], [-70.630987, -33.455817], [-70.63096, -33.45581], [-70.630938, -33.455803], [-70.630915, -33.455793], [-70.630887, -33.455785], [-70.630868, -33.45578], [-70.630843, -33.455775], [-70.630817, -33.45577], [-70.630787, -33.455765], [-70.630762, -33.455757], [-70.630737, -33.45575], [-70.630717, -33.455743], [-70.630685, -33.455737], [-70.63066, -33.455728], [-70.630633, -33.45572], [-70.630608, -33.45571], [-70.630585, -33.455698], [-70.630567, -33.45569], [-70.630552, -33.455683], [-70.63054, -33.455678], [-70.630523, -33.455675], [-70.630508, -33.455673], [-70.6305, -33.455672], [-70.630493, -33.45567], [-70.630488, -33.455668], [-70.630488, -33.455663], [-70.630483, -33.455662], [-70.63048, -33.455662], [-70.63048, -33.455658], [-70.630478, -33.455658], [-70.630475, -33.45566], [-70.630473, -33.45566], [-70.63047, -33.455662], [-70.630467, -33.455663], [-70.630465, -33.455663], [-70.630465, -33.455662], [-70.630462, -33.455662], [-70.630455, -33.45566], [-70.630448, -33.45566], [-70.630442, -33.455662], [-70.630437, -33.455662], [-70.630432, -33.455658], [-70.630425, -33.455658], [-70.630417, -33.455658], [-70.630408, -33.455658], [-70.630402, -33.455658], [-70.630397, -33.455655], [-70.63039, -33.455653], [-70.63038, -33.45565], [-70.630373, -33.455645], [-70.630362, -33.45564], [-70.63035, -33.455637], [-70.630337, -33.455633], [-70.630328, -33.45563], [-70.630318, -33.455627], [-70.63031, -33.455623], [-70.6303, -33.455623], [-70.630287, -33.455622], [-70.630275, -33.45562], [-70.630262, -33.45562], [-70.630247, -33.455615], [-70.630233, -33.455612], [-70.630222, -33.455612], [-70.630205, -33.45561], [-70.630193, -33.45561], [-70.630175, -33.455607], [-70.630162, -33.455608], [-70.63015, -33.455608], [-70.630142, -33.455605], [-70.63013, -33.455607], [-70.630118, -33.455607], [-70.630102, -33.455607], [-70.63009, -33.455605], [-70.630075, -33.455597], [-70.630057, -33.455585], [-70.630042, -33.455577], [-70.630033, -33.45557], [-70.630022, -33.45556], [-70.630012, -33.455553], [-70.629998, -33.455548], [-70.629987, -33.455548], [-70.629973, -33.455548], [-70.629958, -33.455542], [-70.629938, -33.455532], [-70.629917, -33.455518], [-70.629885, -33.455512], [-70.62987, -33.455507], [-70.629857, -33.455507], [-70.629842, -33.4555], [-70.629832, -33.455502], [-70.62982, -33.455502], [-70.629807, -33.455505], [-70.629793, -33.455508], [-70.629783, -33.455513], [-70.62977, -33.455515], [-70.62975, -33.455515], [-70.62973, -33.455515], [-70.629715, -33.455515], [-70.629697, -33.455515], [-70.62968, -33.45551], [-70.62966, -33.455505], [-70.62964, -33.455502], [-70.629617, -33.455495], [-70.629593, -33.455488], [-70.629573, -33.455483], [-70.62955, -33.455475], [-70.62953, -33.45547], [-70.629512, -33.455463], [-70.629488, -33.455458], [-70.629467, -33.455455], [-70.629442, -33.455448], [-70.629413, -33.45544], [-70.629388, -33.455437], [-70.629358, -33.455433], [-70.629335, -33.455427], [-70.629312, -33.455422], [-70.629292, -33.455413], [-70.629272, -33.455405], [-70.62925, -33.4554], [-70.629228, -33.455402], [-70.629207, -33.455402], [-70.629173, -33.455402], [-70.629137, -33.455393], [-70.62911, -33.455393], [-70.629092, -33.455392], [-70.629065, -33.455388], [-70.62904, -33.455385], [-70.629012, -33.455382], [-70.628987, -33.455372], [-70.62896, -33.455363], [-70.62893, -33.455353], [-70.628903, -33.455347], [-70.628878, -33.455338], [-70.628853, -33.455332], [-70.628825, -33.455327], [-70.628798, -33.45532], [-70.628773, -33.455313], [-70.628747, -33.455308], [-70.628722, -33.455302], [-70.628695, -33.455297], [-70.628668, -33.455292], [-70.628645, -33.455285], [-70.628622, -33.455278], [-70.628598, -33.455272], [-70.628573, -33.455267], [-70.628548, -33.455262], [-70.628522, -33.455257], [-70.628497, -33.455252], [-70.628472, -33.455245], [-70.628443, -33.455242], [-70.628418, -33.45524], [-70.628385, -33.455238], [-70.628358, -33.455237], [-70.628332, -33.455237], [-70.62831, -33.455237], [-70.628285, -33.455235], [-70.628255, -33.455237], [-70.628227, -33.455235], [-70.6282, -33.455232], [-70.628172, -33.455232], [-70.628142, -33.455233], [-70.628112, -33.455235], [-70.628083, -33.455238], [-70.628058, -33.455238], [-70.628032, -33.45524], [-70.628003, -33.455242], [-70.627975, -33.455245], [-70.627947, -33.455248], [-70.62792, -33.455248], [-70.627893, -33.455248], [-70.627865, -33.455252], [-70.627838, -33.455253], [-70.627815, -33.455255], [-70.627793, -33.455258], [-70.627767, -33.455265], [-70.627735, -33.455267], [-70.627702, -33.455268], [-70.627678, -33.455267], [-70.62765, -33.455267], [-70.627625, -33.45526], [-70.6276, -33.455263], [-70.627577, -33.455262], [-70.627553, -33.455258], [-70.62754, -33.455258], [-70.627513, -33.45526], [-70.627492, -33.455258], [-70.627467, -33.455257], [-70.627435, -33.455255], [-70.627405, -33.45526], [-70.627377, -33.455265], [-70.627347, -33.455268], [-70.627322, -33.455273], [-70.627297, -33.455278], [-70.62727, -33.455285], [-70.627248, -33.455293], [-70.627225, -33.455298], [-70.627203, -33.455308], [-70.627182, -33.455317], [-70.627158, -33.455323], [-70.627133, -33.455332], [-70.627112, -33.455335], [-70.627087, -33.455343], [-70.627062, -33.455352], [-70.627033, -33.455358], [-70.627007, -33.455365], [-70.626982, -33.455375], [-70.626957, -33.455385], [-70.626932, -33.455395], [-70.626907, -33.455405], [-70.626882, -33.455417], [-70.626855, -33.455428], [-70.626828, -33.455442], [-70.626803, -33.455452], [-70.626782, -33.455465], [-70.626762, -33.455475], [-70.62674, -33.455488], [-70.626718, -33.4555], [-70.626697, -33.455513], [-70.626677, -33.455528], [-70.626657, -33.455545], [-70.626635, -33.455558], [-70.626615, -33.455575], [-70.626597, -33.455592], [-70.626582, -33.45561], [-70.626563, -33.455627], [-70.626547, -33.455643], [-70.626528, -33.45566], [-70.626508, -33.455677], [-70.626487, -33.45569], [-70.626465, -33.45571], [-70.62645, -33.455725], [-70.626433, -33.455742], [-70.62642, -33.455762], [-70.626407, -33.45578], [-70.62639, -33.455798], [-70.626372, -33.455815], [-70.626353, -33.455832], [-70.626332, -33.455848], [-70.626313, -33.455865], [-70.626295, -33.455882], [-70.626277, -33.4559], [-70.626262, -33.455917], [-70.626243, -33.455935], [-70.626225, -33.455952], [-70.626207, -33.45597], [-70.626188, -33.455988], [-70.62617, -33.456008], [-70.626152, -33.456027], [-70.626133, -33.456045], [-70.626115, -33.456063], [-70.626098, -33.456082], [-70.626078, -33.456098], [-70.62606, -33.456115], [-70.626042, -33.456135], [-70.626023, -33.456152], [-70.626005, -33.45617], [-70.625985, -33.456187], [-70.625965, -33.456205], [-70.625945, -33.456223], [-70.625925, -33.45624], [-70.625903, -33.45626], [-70.625887, -33.456278], [-70.625867, -33.456295], [-70.625843, -33.456318], [-70.625823, -33.456335], [-70.625808, -33.45635], [-70.625788, -33.456368], [-70.625767, -33.45639], [-70.625752, -33.456407], [-70.625733, -33.456425], [-70.625722, -33.456438], [-70.625707, -33.456457], [-70.62569, -33.456473], [-70.625677, -33.456492], [-70.625663, -33.45651], [-70.625648, -33.456528], [-70.625632, -33.456545], [-70.625613, -33.45656], [-70.625598, -33.456578], [-70.625583, -33.456595], [-70.62557, -33.456613], [-70.625557, -33.456632], [-70.62554, -33.456647], [-70.625523, -33.456663], [-70.625508, -33.456678], [-70.625493, -33.456695], [-70.625478, -33.45671], [-70.62546, -33.456727], [-70.625442, -33.456745], [-70.625423, -33.45676], [-70.625408, -33.456778], [-70.625392, -33.456795], [-70.625372, -33.456815], [-70.625358, -33.45683], [-70.625342, -33.456848], [-70.625325, -33.456865], [-70.625307, -33.456883], [-70.62529, -33.4569], [-70.625275, -33.456917], [-70.625262, -33.456935], [-70.625247, -33.456952], [-70.62523, -33.45697], [-70.625215, -33.456987], [-70.625197, -33.457005], [-70.625173, -33.457027], [-70.625152, -33.457045], [-70.625135, -33.457058], [-70.625117, -33.457077], [-70.625102, -33.457095], [-70.625083, -33.457113], [-70.625065, -33.457132], [-70.625048, -33.45715], [-70.625033, -33.457167], [-70.625017, -33.457185], [-70.625, -33.457203], [-70.624983, -33.45722], [-70.624965, -33.457238], [-70.624947, -33.457257], [-70.624928, -33.457275], [-70.624912, -33.457293], [-70.624897, -33.457312], [-70.62488, -33.457332], [-70.624865, -33.457348], [-70.624848, -33.457365], [-70.624832, -33.457378], [-70.624813, -33.457395], [-70.624798, -33.457412], [-70.62478, -33.457425], [-70.624763, -33.457445], [-70.624747, -33.457463], [-70.624733, -33.45748], [-70.62472, -33.457495], [-70.624705, -33.45751], [-70.62469, -33.457528], [-70.624673, -33.457547], [-70.624657, -33.457567], [-70.62464, -33.457585], [-70.624622, -33.457603], [-70.624603, -33.457622], [-70.624583, -33.45764], [-70.624565, -33.457658], [-70.624548, -33.457677], [-70.62453, -33.457695], [-70.624517, -33.457713], [-70.624498, -33.45773], [-70.624482, -33.457747], [-70.624467, -33.457765], [-70.62445, -33.457783], [-70.624435, -33.457802], [-70.62442, -33.457818], [-70.624402, -33.457833], [-70.624387, -33.457853], [-70.62437, -33.457872], [-70.624353, -33.457888], [-70.624337, -33.457905], [-70.624322, -33.457923], [-70.624305, -33.45794], [-70.62429, -33.457957], [-70.624273, -33.457973], [-70.624255, -33.457992], [-70.624242, -33.458012], [-70.62423, -33.458033], [-70.624213, -33.458052], [-70.624195, -33.458072], [-70.624177, -33.45809], [-70.624157, -33.45811], [-70.624137, -33.458127], [-70.624117, -33.458143], [-70.624097, -33.45816], [-70.624078, -33.458178], [-70.624058, -33.458197], [-70.62404, -33.458213], [-70.624022, -33.458232], [-70.624002, -33.45825], [-70.623985, -33.458268], [-70.623968, -33.458283], [-70.623952, -33.458298], [-70.623935, -33.458315], [-70.62392, -33.458333], [-70.623902, -33.45835], [-70.623882, -33.458367], [-70.623862, -33.458383], [-70.62384, -33.458402], [-70.623822, -33.458418], [-70.623803, -33.458437], [-70.623787, -33.458453], [-70.623772, -33.458472], [-70.623755, -33.45849], [-70.623737, -33.458508], [-70.623718, -33.458528], [-70.623698, -33.458545], [-70.62368, -33.458565], [-70.623662, -33.458582], [-70.623643, -33.458602], [-70.623628, -33.45862], [-70.62361, -33.458638], [-70.623595, -33.458657], [-70.623578, -33.458677], [-70.623563, -33.458695], [-70.623548, -33.458712], [-70.62353, -33.45873], [-70.623512, -33.458747], [-70.623495, -33.458767], [-70.623477, -33.458785], [-70.623463, -33.458803], [-70.62345, -33.458823], [-70.623437, -33.458843], [-70.623422, -33.458863], [-70.623405, -33.458883], [-70.623388, -33.458903], [-70.62337, -33.458923], [-70.623352, -33.458942], [-70.623337, -33.45896], [-70.62332, -33.45898], [-70.623303, -33.459], [-70.623288, -33.459018], [-70.623273, -33.45904], [-70.623258, -33.45906], [-70.623242, -33.45908], [-70.623225, -33.459098], [-70.623205, -33.459118], [-70.623188, -33.459135], [-70.623175, -33.459152], [-70.623158, -33.45917], [-70.62314, -33.45919], [-70.623123, -33.459205], [-70.623108, -33.459223], [-70.623092, -33.459242], [-70.623077, -33.459258], [-70.62306, -33.459275], [-70.623042, -33.459293], [-70.623023, -33.45931], [-70.623007, -33.459328], [-70.62299, -33.459347], [-70.622972, -33.459365], [-70.622957, -33.459385], [-70.62294, -33.459403], [-70.622925, -33.45942], [-70.622907, -33.45944], [-70.622888, -33.459458], [-70.622872, -33.459477], [-70.622853, -33.459495], [-70.622835, -33.459513], [-70.622813, -33.459532], [-70.622798, -33.459552], [-70.622783, -33.45957], [-70.622767, -33.459587], [-70.622748, -33.459603], [-70.62273, -33.45962], [-70.622712, -33.459638], [-70.622693, -33.459655], [-70.622675, -33.459672], [-70.622657, -33.45969], [-70.622638, -33.459707], [-70.622623, -33.459725], [-70.622607, -33.459742], [-70.622588, -33.45976], [-70.622568, -33.459778], [-70.622548, -33.459795], [-70.622532, -33.459813], [-70.622513, -33.45983], [-70.622497, -33.459848], [-70.622478, -33.459865], [-70.622463, -33.459882], [-70.622445, -33.459898], [-70.622428, -33.459915], [-70.62241, -33.459932], [-70.622393, -33.459948], [-70.622377, -33.459967], [-70.62236, -33.459985], [-70.622345, -33.460002], [-70.622327, -33.460018], [-70.62231, -33.460035], [-70.622292, -33.460053], [-70.622273, -33.46007], [-70.622255, -33.460088], [-70.622237, -33.460105], [-70.622218, -33.460123], [-70.622202, -33.460142], [-70.622183, -33.460158], [-70.622167, -33.460177], [-70.62215, -33.460195], [-70.622135, -33.460213], [-70.622118, -33.460233], [-70.622102, -33.46025], [-70.622087, -33.460267], [-70.622068, -33.460285], [-70.62205, -33.460303], [-70.622033, -33.460322], [-70.622013, -33.460342], [-70.621993, -33.460357], [-70.621977, -33.460372], [-70.62196, -33.46039], [-70.621945, -33.460407], [-70.621927, -33.460425], [-70.621908, -33.460442], [-70.621888, -33.460458], [-70.621872, -33.460475], [-70.621855, -33.46049], [-70.621837, -33.460505], [-70.62182, -33.46052], [-70.621803, -33.460538], [-70.621785, -33.460557], [-70.621767, -33.460573], [-70.621747, -33.46059], [-70.62173, -33.460608], [-70.621713, -33.460627], [-70.621697, -33.460643], [-70.62168, -33.460658], [-70.621663, -33.460675], [-70.621647, -33.460692], [-70.621632, -33.460707], [-70.621617, -33.460725], [-70.621603, -33.460743], [-70.621588, -33.46076], [-70.621568, -33.460777], [-70.621552, -33.460793], [-70.621535, -33.460812], [-70.621518, -33.460827], [-70.6215, -33.460845], [-70.621485, -33.460862], [-70.621468, -33.460882], [-70.621452, -33.4609], [-70.621438, -33.460918], [-70.621422, -33.460937], [-70.621408, -33.460953], [-70.62139, -33.46097], [-70.621375, -33.460987], [-70.621357, -33.461002], [-70.621335, -33.461018], [-70.621318, -33.461037], [-70.621303, -33.461053], [-70.621285, -33.46107], [-70.621265, -33.461085], [-70.621243, -33.4611], [-70.621225, -33.461115], [-70.621205, -33.461128], [-70.621183, -33.461142], [-70.621162, -33.461155], [-70.62114, -33.461172], [-70.621122, -33.461187], [-70.621102, -33.461202], [-70.62108, -33.461215], [-70.62106, -33.46123], [-70.62104, -33.461243], [-70.62102, -33.461252], [-70.620995, -33.461262], [-70.620973, -33.461272], [-70.62095, -33.461282], [-70.620928, -33.46129], [-70.620903, -33.4613], [-70.620877, -33.461307], [-70.620853, -33.461315], [-70.620828, -33.461318], [-70.620803, -33.461322], [-70.620778, -33.461325], [-70.620755, -33.46133], [-70.620732, -33.461335], [-70.620707, -33.461338], [-70.620682, -33.461342], [-70.620657, -33.461345], [-70.620632, -33.461348], [-70.620607, -33.461348], [-70.62058, -33.461352], [-70.620553, -33.461355], [-70.620525, -33.461357], [-70.620498, -33.461357], [-70.620473, -33.461357], [-70.620447, -33.461355], [-70.620418, -33.461357], [-70.620393, -33.461358], [-70.620365, -33.46136], [-70.62034, -33.461362], [-70.620313, -33.461362], [-70.620285, -33.461363], [-70.62026, -33.461365], [-70.620228, -33.461367], [-70.620205, -33.46137], [-70.620177, -33.461373], [-70.620152, -33.461378], [-70.620123, -33.461383], [-70.620103, -33.461383], [-70.620077, -33.461383], [-70.620048, -33.461387], [-70.62002, -33.461388], [-70.619995, -33.461388], [-70.61997, -33.461387], [-70.619945, -33.461388], [-70.619915, -33.46139], [-70.619895, -33.46139], [-70.61987, -33.461393], [-70.619845, -33.461395], [-70.61982, -33.461395], [-70.619793, -33.461397], [-70.619763, -33.461398], [-70.61974, -33.4614], [-70.619712, -33.461405], [-70.619685, -33.461407], [-70.619658, -33.461408], [-70.619633, -33.46141], [-70.619607, -33.46141], [-70.619575, -33.46141], [-70.619555, -33.46141], [-70.619523, -33.461413], [-70.619503, -33.461415], [-70.619478, -33.461417], [-70.619453, -33.461417], [-70.619425, -33.461417], [-70.619402, -33.461415], [-70.619382, -33.461413], [-70.619353, -33.461415], [-70.619333, -33.461417], [-70.619307, -33.461413], [-70.619283, -33.46141], [-70.619263, -33.461412], [-70.619235, -33.461415], [-70.619207, -33.461417], [-70.61918, -33.46142], [-70.619152, -33.461423], [-70.619118, -33.461427], [-70.619095, -33.461428], [-70.619068, -33.461428], [-70.619042, -33.46143], [-70.619013, -33.461432], [-70.618985, -33.461437], [-70.618957, -33.461438], [-70.61893, -33.46144], [-70.618902, -33.46144], [-70.618868, -33.461442], [-70.618845, -33.461442], [-70.618817, -33.461442], [-70.618787, -33.461443], [-70.61876, -33.461448], [-70.618732, -33.46145], [-70.618707, -33.46145], [-70.618682, -33.461452], [-70.618657, -33.461453], [-70.618632, -33.461453], [-70.618603, -33.461455], [-70.618587, -33.461458], [-70.618563, -33.46146], [-70.618538, -33.461462], [-70.618513, -33.461462], [-70.618483, -33.461465], [-70.61846, -33.461467], [-70.618435, -33.461468], [-70.618415, -33.461472], [-70.618387, -33.461473], [-70.618363, -33.461475], [-70.61834, -33.46148], [-70.61832, -33.461482], [-70.618293, -33.461483], [-70.618263, -33.461487], [-70.618242, -33.46149], [-70.618215, -33.461493], [-70.61819, -33.461497], [-70.618165, -33.4615], [-70.61814, -33.461503], [-70.618115, -33.461505], [-70.61809, -33.461508], [-70.618058, -33.461515], [-70.618037, -33.46152], [-70.618012, -33.461523], [-70.617987, -33.461525], [-70.617957, -33.46153], [-70.617932, -33.461533], [-70.61791, -33.461535], [-70.617887, -33.461537], [-70.61786, -33.461538], [-70.617835, -33.461538], [-70.617808, -33.461542], [-70.61778, -33.461543], [-70.617753, -33.461545], [-70.617733, -33.461545], [-70.61771, -33.461547], [-70.617687, -33.461548], [-70.617657, -33.461552], [-70.617638, -33.461555], [-70.617615, -33.461555], [-70.617585, -33.461557], [-70.61756, -33.461557], [-70.617538, -33.461558], [-70.61751, -33.461558], [-70.61749, -33.46156], [-70.617462, -33.46156], [-70.617442, -33.461558], [-70.617417, -33.46156], [-70.61739, -33.461563], [-70.617365, -33.461563], [-70.61734, -33.461565], [-70.61731, -33.461568], [-70.617283, -33.461572], [-70.617255, -33.461573], [-70.617235, -33.461573], [-70.617208, -33.461575], [-70.617183, -33.461577], [-70.61716, -33.461578], [-70.61713, -33.461583], [-70.617105, -33.461585], [-70.617083, -33.461587], [-70.617057, -33.461588], [-70.61703, -33.461592], [-70.617005, -33.461595], [-70.616978, -33.461597], [-70.616945, -33.461597], [-70.616923, -33.461598], [-70.616895, -33.4616], [-70.616867, -33.461603], [-70.61684, -33.461605], [-70.616815, -33.461605], [-70.616787, -33.461607], [-70.616762, -33.461607], [-70.61673, -33.461612], [-70.61671, -33.461613], [-70.61668, -33.461617], [-70.616658, -33.461617], [-70.616633, -33.46162], [-70.616608, -33.461623], [-70.616585, -33.461625], [-70.616557, -33.461627], [-70.616537, -33.461627], [-70.616508, -33.461627], [-70.616488, -33.461627], [-70.616458, -33.461627], [-70.61644, -33.461628], [-70.616413, -33.46163], [-70.616397, -33.46163], [-70.616368, -33.461632], [-70.616347, -33.461632], [-70.616322, -33.461637], [-70.616302, -33.46164], [-70.616278, -33.461642], [-70.616252, -33.461645], [-70.616223, -33.461648], [-70.616203, -33.461652], [-70.616178, -33.461652], [-70.616157, -33.461653], [-70.616135, -33.461653], [-70.616107, -33.461653], [-70.616088, -33.461655], [-70.616067, -33.461657], [-70.616043, -33.46166], [-70.616022, -33.461662], [-70.616, -33.461665], [-70.615975, -33.461663], [-70.61595, -33.461662], [-70.615925, -33.461662], [-70.6159, -33.461663], [-70.615875, -33.461663], [-70.615848, -33.461667], [-70.615823, -33.461668], [-70.615795, -33.461672], [-70.615768, -33.461673], [-70.615737, -33.461677], [-70.615715, -33.46168], [-70.61569, -33.461683], [-70.615665, -33.461687], [-70.615637, -33.46169], [-70.615617, -33.461692], [-70.615592, -33.461695], [-70.61557, -33.461698], [-70.615545, -33.461698], [-70.615522, -33.461702], [-70.615495, -33.461705], [-70.615468, -33.461707], [-70.615442, -33.461708], [-70.615417, -33.46171], [-70.615393, -33.461708], [-70.615368, -33.46171], [-70.615337, -33.461712], [-70.61531, -33.461715], [-70.615288, -33.461715], [-70.615263, -33.461715], [-70.615235, -33.461717], [-70.615208, -33.461717], [-70.615173, -33.461717], [-70.615148, -33.461718], [-70.615122, -33.461718], [-70.615095, -33.461718], [-70.615067, -33.46172], [-70.615035, -33.461722], [-70.615017, -33.461723], [-70.61499, -33.461727], [-70.614965, -33.46173], [-70.614938, -33.461732], [-70.614912, -33.461733], [-70.614882, -33.461733], [-70.614855, -33.461733], [-70.614833, -33.461733], [-70.614807, -33.461735], [-70.614775, -33.461738], [-70.61475, -33.46174], [-70.614723, -33.461742], [-70.614697, -33.461743], [-70.61467, -33.461743], [-70.614643, -33.461745], [-70.614615, -33.461748], [-70.614592, -33.46175], [-70.614555, -33.461752], [-70.614533, -33.461752], [-70.614508, -33.461755], [-70.614483, -33.461758], [-70.614453, -33.461758], [-70.614432, -33.461758], [-70.6144, -33.461758], [-70.61438, -33.461758], [-70.614345, -33.461762], [-70.614323, -33.461762], [-70.614297, -33.461763], [-70.61427, -33.461763], [-70.61424, -33.461765], [-70.61422, -33.461765], [-70.614193, -33.461767], [-70.614168, -33.46177], [-70.614137, -33.461775], [-70.614112, -33.461777], [-70.614092, -33.461777], [-70.614065, -33.46178], [-70.614032, -33.461782], [-70.61401, -33.461783], [-70.61398, -33.461785], [-70.613958, -33.461785], [-70.61393, -33.46179], [-70.613903, -33.461795], [-70.61388, -33.461802], [-70.613855, -33.461803], [-70.613832, -33.461803], [-70.613807, -33.461803], [-70.613783, -33.461802], [-70.613758, -33.461803], [-70.613733, -33.461805], [-70.613705, -33.461805], [-70.61368, -33.461807], [-70.613657, -33.461808], [-70.613632, -33.461812], [-70.613598, -33.461815], [-70.613577, -33.461817], [-70.61355, -33.461818], [-70.613525, -33.46182], [-70.613495, -33.46182], [-70.613477, -33.461823], [-70.613452, -33.461827], [-70.613422, -33.46183], [-70.6134, -33.461832], [-70.613375, -33.461833], [-70.61335, -33.461837], [-70.613325, -33.461838], [-70.613298, -33.461842], [-70.613268, -33.461845], [-70.613248, -33.46185], [-70.613225, -33.461855], [-70.613202, -33.46186], [-70.613177, -33.461865], [-70.61315, -33.461868], [-70.613123, -33.461872], [-70.613098, -33.461875], [-70.613072, -33.461878], [-70.613045, -33.46188], [-70.61302, -33.461883], [-70.612993, -33.461882], [-70.612968, -33.461882], [-70.612942, -33.46188], [-70.61291, -33.461882], [-70.612887, -33.461883], [-70.61286, -33.461887], [-70.612827, -33.461888], [-70.6128, -33.46189], [-70.61278, -33.461892], [-70.612757, -33.461892], [-70.612732, -33.461893], [-70.612708, -33.461892], [-70.612682, -33.461895], [-70.612657, -33.461897], [-70.61263, -33.461898], [-70.612605, -33.461902], [-70.612578, -33.461903], [-70.612555, -33.461905], [-70.612532, -33.461907], [-70.612505, -33.461908], [-70.61248, -33.461912], [-70.612453, -33.461913], [-70.612427, -33.461917], [-70.612402, -33.461918], [-70.612375, -33.46192], [-70.612343, -33.461922], [-70.612322, -33.461922], [-70.612297, -33.461923], [-70.61227, -33.461925], [-70.612243, -33.461927], [-70.612218, -33.461928], [-70.612187, -33.46193], [-70.612158, -33.461933], [-70.61213, -33.461935], [-70.612107, -33.461937], [-70.612082, -33.46194], [-70.612055, -33.461943], [-70.612032, -33.461947], [-70.612002, -33.461948], [-70.61198, -33.461948], [-70.611955, -33.46195], [-70.611928, -33.461952], [-70.611897, -33.461955], [-70.611877, -33.461955], [-70.61185, -33.461955], [-70.611823, -33.461955], [-70.611793, -33.461955], [-70.611767, -33.461955], [-70.611748, -33.461955], [-70.611723, -33.461953], [-70.611698, -33.461952], [-70.611675, -33.461952], [-70.61165, -33.46195], [-70.611623, -33.461947], [-70.611598, -33.461945], [-70.611577, -33.461942], [-70.611552, -33.461938], [-70.611525, -33.461937], [-70.611498, -33.461935], [-70.611473, -33.461933], [-70.611445, -33.461933], [-70.611418, -33.461933], [-70.611393, -33.461932], [-70.611368, -33.461933], [-70.611347, -33.461933], [-70.611322, -33.461935], [-70.611297, -33.461938], [-70.611273, -33.461938], [-70.61125, -33.461938], [-70.61122, -33.46194], [-70.611197, -33.461942], [-70.611172, -33.461943], [-70.611145, -33.461945], [-70.61112, -33.461947], [-70.611095, -33.461945], [-70.61107, -33.461945], [-70.611045, -33.461947], [-70.61102, -33.46195], [-70.610992, -33.46195], [-70.610975, -33.46195], [-70.610948, -33.461952], [-70.610928, -33.461955], [-70.610902, -33.461957], [-70.610875, -33.461962], [-70.610842, -33.461965], [-70.61082, -33.461968], [-70.610788, -33.46197], [-70.610767, -33.461972], [-70.61074, -33.461975], [-70.610707, -33.461975], [-70.61068, -33.461975], [-70.61066, -33.461977], [-70.610633, -33.461978], [-70.610607, -33.46198], [-70.610578, -33.461983], [-70.610552, -33.461985], [-70.610527, -33.461985], [-70.6105, -33.461987], [-70.610472, -33.461988], [-70.610443, -33.461992], [-70.610417, -33.461993], [-70.610392, -33.461993], [-70.610368, -33.461993], [-70.610345, -33.46199], [-70.610323, -33.461983], [-70.610302, -33.461977], [-70.610282, -33.461967], [-70.610262, -33.461953], [-70.610242, -33.461938], [-70.610222, -33.461923], [-70.610203, -33.461907], [-70.610185, -33.46189], [-70.610168, -33.461875], [-70.610157, -33.46186], [-70.610148, -33.461847], [-70.610143, -33.461833], [-70.610138, -33.461818], [-70.610137, -33.461805], [-70.610133, -33.46179], [-70.61013, -33.461775], [-70.610127, -33.461762], [-70.610125, -33.461747], [-70.610125, -33.461733], [-70.610125, -33.46172], [-70.610122, -33.461708], [-70.61012, -33.461695], [-70.610118, -33.461682], [-70.610117, -33.461665], [-70.610118, -33.46165], [-70.610117, -33.461635], [-70.610113, -33.461618], [-70.61011, -33.461605], [-70.61011, -33.461593], [-70.610108, -33.46158], [-70.610107, -33.461567], [-70.610105, -33.461558], [-70.610103, -33.461543], [-70.610103, -33.461527], [-70.610102, -33.461508], [-70.6101, -33.46149], [-70.610097, -33.461472], [-70.610093, -33.461452], [-70.61009, -33.46143], [-70.610085, -33.461405], [-70.610085, -33.461382], [-70.610082, -33.46136], [-70.61008, -33.461338], [-70.610077, -33.461315], [-70.610072, -33.461295], [-70.610068, -33.461275], [-70.610068, -33.461253], [-70.610063, -33.461232], [-70.61006, -33.46121], [-70.610055, -33.461188], [-70.610052, -33.46117], [-70.610048, -33.461152], [-70.610047, -33.46113], [-70.610043, -33.461108], [-70.61004, -33.461083], [-70.610038, -33.461062], [-70.610033, -33.461038], [-70.610032, -33.461015], [-70.610028, -33.46099], [-70.610025, -33.460965], [-70.610022, -33.460942], [-70.610015, -33.46092], [-70.610012, -33.460897], [-70.610007, -33.460875], [-70.61, -33.460852], [-70.609997, -33.460827], [-70.60999, -33.460802], [-70.609983, -33.460782], [-70.60998, -33.46076], [-70.60998, -33.460738], [-70.609977, -33.460718], [-70.609975, -33.460695], [-70.60997, -33.460673], [-70.609967, -33.460652], [-70.609962, -33.460627], [-70.609957, -33.460605], [-70.60995, -33.460585], [-70.609947, -33.460568], [-70.60994, -33.460548], [-70.609937, -33.460527], [-70.609935, -33.460503], [-70.609933, -33.460478], [-70.609932, -33.460457], [-70.609932, -33.460435], [-70.609927, -33.460413], [-70.609923, -33.460392], [-70.609917, -33.460372], [-70.609912, -33.46035], [-70.609907, -33.460328], [-70.609903, -33.460305], [-70.609902, -33.460282], [-70.609897, -33.460258], [-70.609893, -33.460235], [-70.60989, -33.460215], [-70.609892, -33.460188], [-70.609887, -33.460167], [-70.609878, -33.460143], [-70.609872, -33.460125], [-70.609868, -33.460108], [-70.60986, -33.460093], [-70.609853, -33.460077], [-70.609852, -33.460055], [-70.60985, -33.460037], [-70.60985, -33.460015], [-70.609847, -33.459992], [-70.609843, -33.459968], [-70.609842, -33.459945], [-70.609837, -33.459923], [-70.60983, -33.4599], [-70.609827, -33.459878], [-70.609825, -33.459855], [-70.609822, -33.459832], [-70.609813, -33.459812], [-70.609808, -33.45979], [-70.609803, -33.459767], [-70.609802, -33.459743], [-70.609798, -33.459722], [-70.609793, -33.4597], [-70.609792, -33.459677], [-70.609787, -33.459655], [-70.609782, -33.459633], [-70.609778, -33.459612], [-70.609775, -33.459588], [-70.609768, -33.459567], [-70.609763, -33.459545], [-70.60976, -33.459525], [-70.609757, -33.459503], [-70.609757, -33.45948], [-70.609755, -33.459457], [-70.609755, -33.459435], [-70.609752, -33.459417], [-70.609748, -33.459397], [-70.609742, -33.459377], [-70.609735, -33.459353], [-70.60973, -33.45933], [-70.609725, -33.459308], [-70.609722, -33.459287], [-70.609715, -33.459265], [-70.60971, -33.459243], [-70.609703, -33.459222], [-70.609697, -33.459203], [-70.60969, -33.459185], [-70.609687, -33.459167], [-70.609683, -33.459148], [-70.609678, -33.459128], [-70.609673, -33.459107], [-70.609672, -33.459085], [-70.609672, -33.45906], [-70.609668, -33.459037], [-70.609665, -33.459017], [-70.609662, -33.458997], [-70.609657, -33.458973], [-70.609653, -33.45895], [-70.609648, -33.458927], [-70.609643, -33.458905], [-70.609638, -33.458885], [-70.609635, -33.458862], [-70.609633, -33.458838], [-70.609632, -33.458815], [-70.60963, -33.458793], [-70.609628, -33.458772], [-70.609627, -33.45875], [-70.609625, -33.458728], [-70.609622, -33.458707], [-70.609618, -33.458685], [-70.609613, -33.458663], [-70.609608, -33.458642], [-70.609603, -33.458618], [-70.6096, -33.458597], [-70.609595, -33.458577], [-70.609592, -33.458555], [-70.609587, -33.458532], [-70.609582, -33.45851], [-70.609578, -33.45849], [-70.609575, -33.458468], [-70.609572, -33.458447], [-70.609568, -33.458425], [-70.609565, -33.458403], [-70.609567, -33.458378], [-70.609565, -33.458355], [-70.609562, -33.458335], [-70.60956, -33.458317], [-70.609555, -33.458297], [-70.609552, -33.45828], [-70.609548, -33.458258], [-70.609547, -33.458237], [-70.609545, -33.458213], [-70.609543, -33.458192], [-70.609542, -33.45817], [-70.609538, -33.458148], [-70.609537, -33.458128], [-70.609532, -33.458107], [-70.609527, -33.458083], [-70.609522, -33.458062], [-70.609517, -33.45804], [-70.609513, -33.45802], [-70.609512, -33.457998], [-70.609507, -33.457978], [-70.609502, -33.457958], [-70.6095, -33.457937], [-70.609498, -33.457915], [-70.609495, -33.457895], [-70.609492, -33.457873], [-70.609488, -33.45785], [-70.609483, -33.457825], [-70.609478, -33.457802], [-70.609473, -33.457778], [-70.60947, -33.457757], [-70.609467, -33.457735], [-70.609462, -33.457715], [-70.609457, -33.457693], [-70.609452, -33.457672], [-70.609447, -33.457652], [-70.609442, -33.45763], [-70.609438, -33.45761], [-70.609435, -33.457587], [-70.609435, -33.457565], [-70.60943, -33.457543], [-70.609428, -33.45752], [-70.609427, -33.457495], [-70.609422, -33.457472], [-70.609418, -33.457448], [-70.609415, -33.457427], [-70.60941, -33.457403], [-70.609408, -33.457382], [-70.609405, -33.45736], [-70.609402, -33.457338], [-70.6094, -33.457318], [-70.609398, -33.457295], [-70.609393, -33.457275], [-70.609387, -33.457253], [-70.60938, -33.457232], [-70.609377, -33.457208], [-70.609373, -33.457183], [-70.60937, -33.457163], [-70.609365, -33.457142], [-70.60936, -33.457122], [-70.609357, -33.4571], [-70.609355, -33.457078], [-70.60935, -33.457058], [-70.609347, -33.457038], [-70.609345, -33.457015], [-70.609343, -33.456992], [-70.60934, -33.456972], [-70.609338, -33.45695], [-70.609335, -33.456928], [-70.609333, -33.456907], [-70.609333, -33.456885], [-70.609337, -33.456863], [-70.609337, -33.456842], [-70.609333, -33.45682], [-70.609332, -33.456798], [-70.609332, -33.456777], [-70.60933, -33.456755], [-70.609328, -33.456732], [-70.609328, -33.45671], [-70.609327, -33.456685], [-70.609325, -33.456662], [-70.609323, -33.456638], [-70.609322, -33.456618], [-70.609322, -33.456598], [-70.609322, -33.456575], [-70.609322, -33.456553], [-70.60932, -33.45653], [-70.609317, -33.456507], [-70.609313, -33.456485], [-70.60931, -33.456465], [-70.609307, -33.456443], [-70.609303, -33.456422], [-70.6093, -33.4564], [-70.6093, -33.456378], [-70.609298, -33.456355], [-70.609295, -33.456335], [-70.609293, -33.456313], [-70.609287, -33.456295], [-70.609282, -33.456273], [-70.609275, -33.456253], [-70.609268, -33.456233], [-70.609263, -33.456213], [-70.609262, -33.456192], [-70.609258, -33.45617], [-70.609257, -33.456148], [-70.609253, -33.456125], [-70.609252, -33.456103], [-70.609248, -33.456083], [-70.609245, -33.456062], [-70.60924, -33.456038], [-70.609237, -33.456018], [-70.609233, -33.455995], [-70.609232, -33.455973], [-70.609228, -33.455955], [-70.609223, -33.455935], [-70.609218, -33.455915], [-70.609215, -33.455893], [-70.609212, -33.455873], [-70.609208, -33.455852], [-70.609205, -33.45583], [-70.609203, -33.45581], [-70.6092, -33.45579], [-70.609198, -33.455768], [-70.609193, -33.455747], [-70.60919, -33.455725], [-70.609188, -33.455705], [-70.609185, -33.455685], [-70.609182, -33.455663], [-70.609177, -33.455642], [-70.609173, -33.45562], [-70.609168, -33.4556], [-70.609162, -33.455578], [-70.609158, -33.455557], [-70.609155, -33.455535], [-70.60915, -33.455515], [-70.60915, -33.455493], [-70.609147, -33.455472], [-70.609145, -33.45545], [-70.609142, -33.455427], [-70.609138, -33.455407], [-70.609135, -33.455385], [-70.609133, -33.455362], [-70.609132, -33.45534], [-70.60913, -33.455317], [-70.609128, -33.455295], [-70.609127, -33.455273], [-70.609125, -33.455248], [-70.609125, -33.455225], [-70.609123, -33.455203], [-70.609118, -33.455182], [-70.609115, -33.455158], [-70.609112, -33.455138], [-70.609108, -33.455117], [-70.609107, -33.455093], [-70.609103, -33.455073], [-70.6091, -33.455052], [-70.609097, -33.45503], [-70.609092, -33.455008], [-70.609087, -33.454987], [-70.609083, -33.454965], [-70.609078, -33.45494], [-70.609072, -33.454918], [-70.609065, -33.454897], [-70.609058, -33.454875], [-70.609055, -33.454853], [-70.609052, -33.454832], [-70.60905, -33.454808], [-70.609048, -33.454785], [-70.609047, -33.454763], [-70.609045, -33.454742], [-70.609042, -33.454718], [-70.609037, -33.454695], [-70.609033, -33.454672], [-70.60903, -33.454648], [-70.60903, -33.454625], [-70.609027, -33.454603], [-70.609023, -33.454582], [-70.609018, -33.45456], [-70.609015, -33.454537], [-70.609013, -33.454513], [-70.609012, -33.454492], [-70.60901, -33.45447], [-70.609008, -33.454447], [-70.609003, -33.454427], [-70.609, -33.454405], [-70.608998, -33.454383], [-70.608993, -33.454363], [-70.608988, -33.454342], [-70.608985, -33.45432], [-70.60898, -33.454298], [-70.608977, -33.454277], [-70.608973, -33.454253], [-70.60897, -33.45423], [-70.608967, -33.454208], [-70.608963, -33.454187], [-70.608962, -33.454167], [-70.608958, -33.454143], [-70.608955, -33.454122], [-70.60895, -33.454102], [-70.608947, -33.454078], [-70.608942, -33.454057], [-70.608938, -33.454032], [-70.608933, -33.454008], [-70.608928, -33.453988], [-70.608923, -33.453965], [-70.60892, -33.453945], [-70.608917, -33.453925], [-70.608915, -33.453905], [-70.608912, -33.453883], [-70.608907, -33.45386], [-70.608903, -33.453837], [-70.6089, -33.453815], [-70.608898, -33.45379], [-70.608895, -33.453767], [-70.608893, -33.453738], [-70.608893, -33.453717], [-70.608893, -33.453688], [-70.608893, -33.453662], [-70.608893, -33.453638], [-70.608895, -33.453617], [-70.608897, -33.453595], [-70.6089, -33.453575], [-70.608905, -33.453552], [-70.60892, -33.45353], [-70.60893, -33.453512], [-70.608937, -33.453492], [-70.608948, -33.453467], [-70.608962, -33.453445], [-70.608975, -33.453423], [-70.608988, -33.453398], [-70.608995, -33.453378], [-70.609002, -33.453358], [-70.60901, -33.453337], [-70.609015, -33.453317], [-70.609022, -33.453295], [-70.609032, -33.453275], [-70.609037, -33.453253], [-70.60904, -33.453235], [-70.609045, -33.453215], [-70.609053, -33.453193], [-70.609063, -33.453173], [-70.609073, -33.453153], [-70.609082, -33.453133], [-70.609088, -33.453112], [-70.609097, -33.45309], [-70.609105, -33.453068], [-70.609113, -33.453047], [-70.609122, -33.453023], [-70.609128, -33.453], [-70.609137, -33.452978], [-70.609145, -33.452955], [-70.609153, -33.452932], [-70.609158, -33.452912], [-70.609167, -33.452892], [-70.609172, -33.452872], [-70.609177, -33.452852], [-70.609182, -33.452832], [-70.609188, -33.452812], [-70.609193, -33.452792], [-70.609198, -33.45277], [-70.609198, -33.452753], [-70.6092, -33.45274], [-70.609202, -33.452727], [-70.609205, -33.452712], [-70.60921, -33.452698], [-70.609215, -33.45269], [-70.609218, -33.452678], [-70.609222, -33.452665], [-70.609223, -33.452652], [-70.60923, -33.452637], [-70.609237, -33.452622], [-70.609248, -33.452603], [-70.609258, -33.452587], [-70.609265, -33.45257], [-70.609268, -33.452557], [-70.60927, -33.452543], [-70.609273, -33.452528], [-70.609277, -33.452517], [-70.609277, -33.452503], [-70.609282, -33.452495], [-70.609287, -33.452485], [-70.609288, -33.452475], [-70.609292, -33.452465], [-70.609295, -33.452453], [-70.6093, -33.452442], [-70.609305, -33.452427], [-70.60931, -33.452415], [-70.609317, -33.452402], [-70.609322, -33.45239], [-70.609328, -33.452375], [-70.609333, -33.452363], [-70.60934, -33.452348], [-70.609343, -33.452335], [-70.609348, -33.452323], [-70.60935, -33.452307], [-70.60935, -33.452292], [-70.609353, -33.45228], [-70.609355, -33.45227], [-70.609357, -33.45226], [-70.609358, -33.452248], [-70.60936, -33.452233], [-70.60936, -33.452222], [-70.609363, -33.452205], [-70.609365, -33.45219], [-70.60937, -33.452175], [-70.609378, -33.452157], [-70.609387, -33.452137], [-70.609392, -33.452115], [-70.609395, -33.452093], [-70.609402, -33.45207], [-70.609408, -33.452047], [-70.609418, -33.452025], [-70.609428, -33.452005], [-70.609435, -33.451985], [-70.609445, -33.451965], [-70.609455, -33.451943], [-70.60946, -33.451925], [-70.609465, -33.451903], [-70.609472, -33.451883], [-70.60948, -33.45186], [-70.60949, -33.451837], [-70.6095, -33.451813], [-70.609508, -33.451792], [-70.609518, -33.45177], [-70.609527, -33.451748], [-70.609537, -33.451728], [-70.609543, -33.451707], [-70.609552, -33.451688], [-70.609558, -33.451672], [-70.609565, -33.451655], [-70.609573, -33.451635], [-70.60958, -33.451613], [-70.609587, -33.451592], [-70.609592, -33.45157], [-70.609595, -33.451547], [-70.6096, -33.451523], [-70.609607, -33.451503], [-70.609617, -33.451483], [-70.609625, -33.451462], [-70.609632, -33.451438], [-70.609637, -33.451422], [-70.60964, -33.451405], [-70.609647, -33.451388], [-70.609653, -33.451368], [-70.60966, -33.451348], [-70.609667, -33.451327], [-70.609673, -33.451303], [-70.609682, -33.451282], [-70.609688, -33.45126], [-70.609693, -33.451238], [-70.609702, -33.451215], [-70.609712, -33.451195], [-70.60972, -33.451173], [-70.609725, -33.451153], [-70.60973, -33.451132], [-70.609738, -33.451112], [-70.609747, -33.45109], [-70.609755, -33.451068], [-70.609765, -33.45105], [-70.609772, -33.451028], [-70.609777, -33.451003], [-70.609783, -33.45098], [-70.609788, -33.450952], [-70.60979, -33.450928], [-70.609793, -33.4509], [-70.609797, -33.450873], [-70.609803, -33.450852], [-70.609815, -33.45083], [-70.609825, -33.450808], [-70.609832, -33.450787], [-70.60984, -33.450763], [-70.609848, -33.45074], [-70.609857, -33.450718], [-70.609867, -33.450698], [-70.609873, -33.450677], [-70.609882, -33.450653], [-70.609888, -33.450632], [-70.609895, -33.45061], [-70.609902, -33.450592], [-70.609908, -33.450572], [-70.609915, -33.450552], [-70.609925, -33.450533], [-70.609937, -33.450515], [-70.609952, -33.450495], [-70.609963, -33.450477], [-70.609975, -33.450457], [-70.609985, -33.450437], [-70.609995, -33.450415], [-70.610005, -33.450392], [-70.610012, -33.450368], [-70.610018, -33.450347], [-70.610023, -33.450327], [-70.610027, -33.450303], [-70.610028, -33.450283], [-70.610032, -33.450262], [-70.610038, -33.45024], [-70.610043, -33.45022], [-70.610048, -33.4502], [-70.610057, -33.45018], [-70.610062, -33.450162], [-70.610067, -33.450142], [-70.610073, -33.45012], [-70.610078, -33.450098], [-70.610085, -33.450077], [-70.61009, -33.450053], [-70.610093, -33.450032], [-70.610095, -33.450015], [-70.6101, -33.449998], [-70.610102, -33.449983], [-70.610103, -33.449972], [-70.610105, -33.449958], [-70.610108, -33.449948], [-70.610115, -33.449937], [-70.610122, -33.449927], [-70.61013, -33.449913], [-70.610137, -33.4499], [-70.61014, -33.449887], [-70.610148, -33.449878], [-70.610153, -33.449865], [-70.610155, -33.44985], [-70.610158, -33.449838], [-70.610162, -33.449827], [-70.610163, -33.449815], [-70.610163, -33.449805], [-70.610167, -33.449795], [-70.610172, -33.449782], [-70.610178, -33.44977], [-70.610187, -33.449753], [-70.610192, -33.44974], [-70.610198, -33.449725], [-70.610205, -33.449707], [-70.610212, -33.44969], [-70.610215, -33.449672], [-70.610218, -33.449653], [-70.610223, -33.449633], [-70.610232, -33.449618], [-70.610242, -33.449602], [-70.610252, -33.449585], [-70.610258, -33.449567], [-70.610268, -33.44955], [-70.610278, -33.449532], [-70.610287, -33.449515], [-70.610297, -33.449495], [-70.610302, -33.449475], [-70.610308, -33.449455], [-70.610312, -33.449435], [-70.610318, -33.449418], [-70.610325, -33.4494], [-70.610335, -33.44938], [-70.610343, -33.44936], [-70.61035, -33.449338], [-70.610355, -33.449318], [-70.610363, -33.449295], [-70.610373, -33.449273], [-70.61038, -33.44925], [-70.610383, -33.449228], [-70.610388, -33.449207], [-70.610393, -33.449188], [-70.610402, -33.449168], [-70.61041, -33.44915], [-70.610418, -33.449128], [-70.610425, -33.44911], [-70.610427, -33.449087], [-70.610427, -33.449065], [-70.610432, -33.44904], [-70.610438, -33.449022], [-70.610447, -33.449005], [-70.610455, -33.448983], [-70.610462, -33.44896], [-70.610468, -33.448938], [-70.610475, -33.44892], [-70.610482, -33.448898], [-70.61049, -33.448878], [-70.6105, -33.448858], [-70.61051, -33.448838], [-70.610522, -33.448818], [-70.610532, -33.448797], [-70.610538, -33.448777], [-70.610545, -33.448757], [-70.610545, -33.448735], [-70.610548, -33.448713], [-70.610553, -33.44869], [-70.610557, -33.448668], [-70.610563, -33.448648], [-70.610568, -33.448625], [-70.610575, -33.448602], [-70.610578, -33.44858], [-70.610585, -33.448558], [-70.61059, -33.448537], [-70.610598, -33.448513], [-70.610607, -33.448492], [-70.610613, -33.448467], [-70.61062, -33.448447], [-70.610628, -33.448423], [-70.610637, -33.4484], [-70.610643, -33.448377], [-70.610652, -33.448357], [-70.61066, -33.448335], [-70.610668, -33.448317], [-70.610678, -33.448295], [-70.610685, -33.448273], [-70.610692, -33.44825], [-70.610698, -33.448227], [-70.610708, -33.448205], [-70.610718, -33.448185], [-70.61073, -33.448167], [-70.610742, -33.448148], [-70.610753, -33.448132], [-70.610763, -33.448112], [-70.61077, -33.44809], [-70.610775, -33.448072], [-70.610785, -33.44805], [-70.610792, -33.448028], [-70.610795, -33.448005], [-70.610802, -33.447987], [-70.610807, -33.447965], [-70.610812, -33.447945], [-70.610818, -33.447923], [-70.610825, -33.447903], [-70.610835, -33.447883], [-70.610847, -33.447863], [-70.610858, -33.447845], [-70.610865, -33.447825], [-70.610875, -33.447807], [-70.610883, -33.447787], [-70.61089, -33.447768], [-70.610893, -33.447747], [-70.6109, -33.447725], [-70.610908, -33.447703], [-70.610917, -33.447683], [-70.610925, -33.447663], [-70.610932, -33.447643], [-70.610935, -33.447623], [-70.610942, -33.447605], [-70.610953, -33.447583], [-70.610962, -33.447562], [-70.610968, -33.447542], [-70.610973, -33.447523], [-70.610977, -33.447503], [-70.610985, -33.447482], [-70.610995, -33.44746], [-70.611002, -33.447438], [-70.611008, -33.447418], [-70.611012, -33.447398], [-70.611015, -33.44738], [-70.611022, -33.44736], [-70.611028, -33.44734], [-70.611037, -33.447322], [-70.611045, -33.447305], [-70.611055, -33.447287], [-70.611065, -33.447272], [-70.611073, -33.447258], [-70.611083, -33.447238], [-70.611085, -33.447223], [-70.611088, -33.447203], [-70.611093, -33.447183], [-70.611098, -33.447163], [-70.611107, -33.447145], [-70.611117, -33.447125], [-70.611127, -33.4471], [-70.611137, -33.44708], [-70.611148, -33.447065], [-70.61116, -33.447047], [-70.611172, -33.447028], [-70.611182, -33.447008], [-70.611188, -33.44699], [-70.611193, -33.44697], [-70.611197, -33.44695], [-70.611202, -33.44693], [-70.611208, -33.446912], [-70.611217, -33.44689], [-70.611227, -33.44687], [-70.611235, -33.44685], [-70.611243, -33.44683], [-70.611252, -33.446808], [-70.611262, -33.446788], [-70.611268, -33.446767], [-70.611275, -33.446743], [-70.611282, -33.446722], [-70.61129, -33.446698], [-70.611293, -33.446675], [-70.611302, -33.44665], [-70.61131, -33.44663], [-70.611312, -33.446608], [-70.611313, -33.44659], [-70.611315, -33.446568], [-70.611318, -33.446545], [-70.611323, -33.446525], [-70.61133, -33.446503], [-70.611337, -33.44648], [-70.611345, -33.44646], [-70.611352, -33.44644], [-70.611357, -33.446418], [-70.611363, -33.446395], [-70.611365, -33.446372], [-70.611367, -33.446352], [-70.611372, -33.44633], [-70.61138, -33.44631], [-70.611387, -33.44629], [-70.611395, -33.44627], [-70.611402, -33.446252], [-70.611408, -33.44623], [-70.611417, -33.44621], [-70.611425, -33.446187], [-70.61143, -33.446163], [-70.611438, -33.446142], [-70.611445, -33.446122], [-70.611453, -33.446102], [-70.61146, -33.446082], [-70.611467, -33.44606], [-70.611475, -33.446038], [-70.61148, -33.446018], [-70.611488, -33.446], [-70.611497, -33.445982], [-70.611503, -33.44596], [-70.611508, -33.445942], [-70.611513, -33.445922], [-70.611518, -33.4459], [-70.611522, -33.44588], [-70.611525, -33.445858], [-70.611532, -33.445838], [-70.611538, -33.445817], [-70.611545, -33.445795], [-70.611553, -33.445773], [-70.611562, -33.445753], [-70.611568, -33.445733], [-70.611575, -33.445713], [-70.611582, -33.445693], [-70.611588, -33.44567], [-70.611593, -33.44565], [-70.611598, -33.445627], [-70.611603, -33.445607], [-70.611607, -33.445588], [-70.611613, -33.445568], [-70.61162, -33.445547], [-70.611623, -33.445525], [-70.61163, -33.445502], [-70.611635, -33.445478], [-70.61164, -33.445455], [-70.611648, -33.445433], [-70.611658, -33.44541], [-70.611668, -33.445387], [-70.611678, -33.445365], [-70.611687, -33.445342], [-70.611695, -33.44532], [-70.611703, -33.445298], [-70.61171, -33.445277], [-70.611717, -33.445255], [-70.611723, -33.445233], [-70.61173, -33.445212], [-70.61174, -33.44519], [-70.611748, -33.445168], [-70.611758, -33.445147], [-70.611767, -33.445128], [-70.611773, -33.44511], [-70.61178, -33.44509], [-70.611787, -33.445073], [-70.61179, -33.445055], [-70.611795, -33.445038], [-70.6118, -33.445018], [-70.611807, -33.444998], [-70.611813, -33.44498], [-70.611822, -33.44496], [-70.611828, -33.444945], [-70.611837, -33.444927], [-70.611843, -33.444907], [-70.611852, -33.444887], [-70.611857, -33.444865], [-70.611865, -33.444843], [-70.611872, -33.444823], [-70.611878, -33.444803], [-70.611883, -33.444782], [-70.61189, -33.444763], [-70.611897, -33.444742], [-70.611903, -33.444722], [-70.61191, -33.4447], [-70.611918, -33.444678], [-70.611925, -33.444658], [-70.611932, -33.444637], [-70.611937, -33.444617], [-70.611943, -33.444595], [-70.61195, -33.444575], [-70.611957, -33.444553], [-70.611963, -33.444532], [-70.611972, -33.444512], [-70.611978, -33.44449], [-70.611983, -33.44447], [-70.611988, -33.444448], [-70.611995, -33.444425], [-70.612003, -33.444403], [-70.61201, -33.44438], [-70.612015, -33.44436], [-70.61202, -33.444338], [-70.612027, -33.44432], [-70.612035, -33.4443], [-70.612043, -33.444282], [-70.612053, -33.444262], [-70.61206, -33.44424], [-70.61207, -33.44422], [-70.612082, -33.4442], [-70.612092, -33.44418], [-70.6121, -33.444162], [-70.612108, -33.44414], [-70.612113, -33.444118], [-70.61212, -33.444098], [-70.612127, -33.444077], [-70.61213, -33.444057], [-70.612135, -33.444038], [-70.61214, -33.44402], [-70.612147, -33.443998], [-70.612153, -33.443977], [-70.612162, -33.443957], [-70.612168, -33.443937], [-70.612178, -33.443917], [-70.612187, -33.443897], [-70.612193, -33.443873], [-70.612202, -33.443852], [-70.612212, -33.443828], [-70.612222, -33.443807], [-70.612228, -33.443785], [-70.612237, -33.443765], [-70.612243, -33.443745], [-70.612248, -33.443723], [-70.612252, -33.443702], [-70.612255, -33.443683], [-70.612258, -33.443663], [-70.612267, -33.443643], [-70.612273, -33.443623], [-70.61228, -33.443603], [-70.612288, -33.443582], [-70.612297, -33.443562], [-70.612303, -33.44354], [-70.612308, -33.443522], [-70.612315, -33.4435], [-70.612322, -33.443482], [-70.612328, -33.443462], [-70.612335, -33.443442], [-70.612342, -33.443422], [-70.612348, -33.443403], [-70.612355, -33.443385], [-70.612363, -33.443365], [-70.612368, -33.443345], [-70.612372, -33.443325], [-70.612377, -33.443305], [-70.61238, -33.443285], [-70.612387, -33.443267], [-70.612395, -33.443248], [-70.612405, -33.443228], [-70.61241, -33.443207], [-70.612415, -33.443185], [-70.612422, -33.443165], [-70.612428, -33.443147], [-70.612435, -33.44313], [-70.612442, -33.443112], [-70.612448, -33.443093], [-70.612455, -33.443073], [-70.612458, -33.443052], [-70.612462, -33.443033], [-70.612465, -33.443013], [-70.612468, -33.442995], [-70.612475, -33.442973], [-70.61249, -33.442935], [-70.61251, -33.442907], [-70.612523, -33.442892], [-70.612535, -33.442877], [-70.612543, -33.442862], [-70.61255, -33.442845], [-70.61255, -33.44283], [-70.612552, -33.442812], [-70.612555, -33.442792], [-70.61256, -33.442773], [-70.612565, -33.44276], [-70.61257, -33.442742], [-70.612575, -33.442718], [-70.612582, -33.442697], [-70.61259, -33.442675], [-70.612595, -33.442655], [-70.612603, -33.442632], [-70.612613, -33.442607], [-70.612622, -33.442577], [-70.612628, -33.442553], [-70.612635, -33.44253], [-70.612648, -33.4425], [-70.612657, -33.442477], [-70.612668, -33.442455], [-70.612678, -33.442435], [-70.612685, -33.442412], [-70.612692, -33.442388], [-70.612703, -33.442367], [-70.612712, -33.442345], [-70.612717, -33.442323], [-70.61272, -33.442302], [-70.612723, -33.442278], [-70.612727, -33.442255], [-70.612732, -33.442233], [-70.612742, -33.442212], [-70.612748, -33.442192], [-70.612752, -33.442168], [-70.612757, -33.442145], [-70.612763, -33.442125], [-70.612772, -33.442103], [-70.61278, -33.442082], [-70.612788, -33.442055], [-70.612793, -33.44204], [-70.612798, -33.442018], [-70.612807, -33.441997], [-70.61281, -33.44198], [-70.612822, -33.441958], [-70.61283, -33.441943], [-70.612838, -33.441922], [-70.612843, -33.441895], [-70.612847, -33.441877], [-70.61285, -33.441853], [-70.61285, -33.441832], [-70.612847, -33.441807], [-70.612852, -33.44179], [-70.612863, -33.441768], [-70.612878, -33.441743], [-70.612887, -33.441725], [-70.612892, -33.441705], [-70.612893, -33.44169], [-70.612895, -33.441672], [-70.612903, -33.44165], [-70.612915, -33.44163], [-70.612927, -33.441608], [-70.612935, -33.441588], [-70.61294, -33.441557], [-70.612947, -33.441532], [-70.612958, -33.44151], [-70.61297, -33.441488], [-70.612978, -33.441473], [-70.612988, -33.441453], [-70.612998, -33.441432], [-70.613008, -33.441412], [-70.613017, -33.441393], [-70.613027, -33.441373], [-70.613037, -33.441345], [-70.613043, -33.441322], [-70.613052, -33.441298], [-70.613058, -33.441273], [-70.613068, -33.441243], [-70.613077, -33.44122], [-70.613077, -33.44122], [-70.61309, -33.441177], [-70.613093, -33.441162], [-70.613098, -33.441135], [-70.613098, -33.441115], [-70.6131, -33.441095], [-70.613105, -33.441077], [-70.61311, -33.441055], [-70.613115, -33.441032], [-70.613125, -33.44101], [-70.613133, -33.440985], [-70.613142, -33.44097], [-70.613148, -33.440945], [-70.613155, -33.440922], [-70.61316, -33.440898], [-70.613163, -33.440878], [-70.613167, -33.440847], [-70.613178, -33.440827], [-70.613195, -33.440795], [-70.613215, -33.44077], [-70.613227, -33.440748], [-70.61324, -33.440725], [-70.613248, -33.440707], [-70.613253, -33.440688], [-70.613258, -33.440678], [-70.613265, -33.44066], [-70.61327, -33.440642], [-70.613272, -33.440622], [-70.613273, -33.440597], [-70.61328, -33.440577], [-70.613292, -33.440553], [-70.613303, -33.44053], [-70.613307, -33.440502], [-70.613312, -33.440477], [-70.613318, -33.440457], [-70.613325, -33.440433], [-70.613333, -33.440405], [-70.613342, -33.440383], [-70.613352, -33.440362], [-70.61336, -33.440345], [-70.613368, -33.440317], [-70.613373, -33.440297], [-70.61338, -33.440268], [-70.613383, -33.44025], [-70.613392, -33.440228], [-70.613415, -33.440203], [-70.61343, -33.44018], [-70.613437, -33.440153], [-70.61344, -33.440133], [-70.613445, -33.44011], [-70.61345, -33.440087], [-70.613458, -33.440062], [-70.613467, -33.440043], [-70.613477, -33.44003], [-70.613487, -33.44001], [-70.613492, -33.439993], [-70.613503, -33.439973], [-70.613518, -33.439958], [-70.613527, -33.439938], [-70.613535, -33.439918], [-70.613542, -33.439902], [-70.61355, -33.439882], [-70.613562, -33.439858], [-70.61357, -33.439837], [-70.613578, -33.439815], [-70.613588, -33.439792], [-70.613598, -33.439772], [-70.61361, -33.43975], [-70.613618, -33.439727], [-70.613625, -33.439705], [-70.613627, -33.439685], [-70.61363, -33.439663], [-70.613633, -33.439642], [-70.613637, -33.439623], [-70.61364, -33.439608], [-70.613637, -33.439595], [-70.613635, -33.43958], [-70.613637, -33.439565], [-70.613647, -33.43955], [-70.613655, -33.439533], [-70.61366, -33.43951], [-70.613665, -33.439497], [-70.613668, -33.439482], [-70.613673, -33.439467], [-70.613683, -33.43945], [-70.613688, -33.439435], [-70.613693, -33.43942], [-70.613693, -33.439412], [-70.613693, -33.439397], [-70.613702, -33.439375], [-70.61371, -33.439352], [-70.613717, -33.439335], [-70.61372, -33.439322], [-70.613727, -33.439312], [-70.613732, -33.439298], [-70.613735, -33.439287], [-70.613742, -33.439273], [-70.613748, -33.439263], [-70.613753, -33.439252], [-70.613758, -33.43924], [-70.613758, -33.439232], [-70.61376, -33.439225], [-70.613763, -33.439218], [-70.613767, -33.439203], [-70.613773, -33.439188], [-70.613778, -33.439173], [-70.613783, -33.439158], [-70.613788, -33.439143], [-70.613798, -33.43913], [-70.613807, -33.439118], [-70.613807, -33.439107], [-70.613812, -33.439095], [-70.613815, -33.43908], [-70.613813, -33.439068], [-70.613815, -33.439057], [-70.613817, -33.439045], [-70.61382, -33.439033], [-70.613823, -33.43902], [-70.613827, -33.439007], [-70.613833, -33.43899], [-70.61383, -33.438972], [-70.613832, -33.438952], [-70.613835, -33.438937], [-70.613837, -33.438923], [-70.613837, -33.438912], [-70.613837, -33.438898], [-70.613838, -33.43888], [-70.613845, -33.438865], [-70.613852, -33.43885], [-70.613858, -33.43884], [-70.613867, -33.438827], [-70.613872, -33.438813], [-70.613872, -33.4388], [-70.613875, -33.438785], [-70.613877, -33.438768], [-70.613882, -33.438753], [-70.613882, -33.438747], [-70.613882, -33.43874], [-70.613883, -33.43873], [-70.613885, -33.43872], [-70.613888, -33.43871], [-70.613893, -33.438697], [-70.613897, -33.438683], [-70.6139, -33.438668], [-70.613907, -33.438657], [-70.613913, -33.438645], [-70.613917, -33.438633], [-70.613918, -33.438625], [-70.613918, -33.438618], [-70.613913, -33.438615], [-70.613915, -33.438605], [-70.61392, -33.438595], [-70.613925, -33.438583], [-70.613928, -33.438572], [-70.613932, -33.43856], [-70.613935, -33.438547], [-70.613945, -33.438528], [-70.61395, -33.438513], [-70.613953, -33.438502], [-70.613958, -33.438487], [-70.613963, -33.438477], [-70.613967, -33.43846], [-70.613973, -33.438442], [-70.613977, -33.438425], [-70.613982, -33.43841], [-70.613985, -33.4384], [-70.613988, -33.438388], [-70.61399, -33.438378], [-70.613992, -33.438367], [-70.613995, -33.438355], [-70.613998, -33.438338], [-70.614005, -33.438327], [-70.614012, -33.438315], [-70.614018, -33.438303], [-70.614023, -33.43829], [-70.614025, -33.438275], [-70.614035, -33.438257], [-70.614038, -33.438243], [-70.614042, -33.438227], [-70.614045, -33.43821], [-70.614048, -33.438197], [-70.614048, -33.438185], [-70.61405, -33.43817], [-70.61405, -33.43816], [-70.614055, -33.438148], [-70.61406, -33.438138], [-70.614067, -33.438122], [-70.614072, -33.438108], [-70.614073, -33.438097], [-70.614078, -33.438083], [-70.61408, -33.438073], [-70.614082, -33.438058], [-70.614083, -33.438045], [-70.614085, -33.438033], [-70.614085, -33.43802], [-70.614083, -33.438002], [-70.614082, -33.437987], [-70.614075, -33.437968], [-70.614065, -33.43795], [-70.614055, -33.437932], [-70.614042, -33.437913], [-70.614022, -33.4379], [-70.614, -33.43789], [-70.613975, -33.437882], [-70.613948, -33.437872], [-70.613925, -33.437863], [-70.613902, -33.437857], [-70.613875, -33.43785], [-70.61385, -33.437845], [-70.613823, -33.43784], [-70.613795, -33.437835], [-70.613768, -33.43783], [-70.613743, -33.437823], [-70.613717, -33.437818], [-70.61369, -33.437812], [-70.613665, -33.437803], [-70.61364, -33.437795], [-70.613615, -33.437787], [-70.613588, -33.437778], [-70.613562, -33.437772], [-70.613533, -33.437765], [-70.613508, -33.437758], [-70.61348, -33.437753], [-70.613453, -33.437745], [-70.613427, -33.43774], [-70.6134, -33.437735], [-70.613375, -33.437728], [-70.61335, -33.437718], [-70.613325, -33.437712], [-70.6133, -33.437705], [-70.613273, -33.437698], [-70.613248, -33.437693], [-70.613223, -33.437683], [-70.613197, -33.437675], [-70.61317, -33.437672], [-70.613145, -33.437662], [-70.613122, -33.437652], [-70.6131, -33.43764], [-70.613078, -33.43763], [-70.613053, -33.437622], [-70.613028, -33.437617], [-70.613003, -33.43761], [-70.612978, -33.4376], [-70.612958, -33.437587], [-70.61294, -33.437575], [-70.612918, -33.43756], [-70.612893, -33.437548], [-70.612868, -33.437542], [-70.612843, -33.437532], [-70.612827, -33.437522], [-70.612807, -33.43752], [-70.612793, -33.437513], [-70.612782, -33.437512], [-70.612773, -33.43751], [-70.612768, -33.437508], [-70.612763, -33.437502], [-70.612753, -33.437498], [-70.612742, -33.437498], [-70.612732, -33.437498], [-70.612725, -33.437498], [-70.612722, -33.437498], [-70.61272, -33.437498], [-70.612718, -33.437493], [-70.612717, -33.437485], [-70.612713, -33.437478], [-70.612708, -33.43747], [-70.612698, -33.437463], [-70.612688, -33.437462], [-70.612673, -33.437457], [-70.612663, -33.437452], [-70.612655, -33.437445], [-70.612647, -33.43744], [-70.612633, -33.437433], [-70.612623, -33.437427], [-70.612617, -33.437422], [-70.612608, -33.437413], [-70.6126, -33.437408], [-70.612592, -33.437403], [-70.612585, -33.437398], [-70.612575, -33.437397], [-70.612565, -33.437397], [-70.612557, -33.437393], [-70.612548, -33.43739], [-70.612542, -33.437387], [-70.61253, -33.437383], [-70.612523, -33.437377], [-70.612515, -33.437372], [-70.612508, -33.437368], [-70.6125, -33.437363], [-70.612493, -33.437362], [-70.612485, -33.43736], [-70.612477, -33.437355], [-70.612467, -33.43735], [-70.612455, -33.437343], [-70.612447, -33.437337], [-70.612437, -33.43733], [-70.612427, -33.437325], [-70.612413, -33.437318], [-70.612405, -33.437312], [-70.612395, -33.437303], [-70.612383, -33.437298], [-70.61237, -33.437298], [-70.612357, -33.437297], [-70.612345, -33.437293], [-70.612332, -33.437292], [-70.612322, -33.437293], [-70.612308, -33.437293], [-70.612295, -33.437292], [-70.612282, -33.437292], [-70.612268, -33.43729], [-70.612255, -33.437285], [-70.612233, -33.43728], [-70.612218, -33.437275], [-70.612205, -33.43727], [-70.612188, -33.437265], [-70.612172, -33.43726], [-70.612155, -33.437255], [-70.612143, -33.437253], [-70.612132, -33.437248], [-70.612117, -33.43724], [-70.612102, -33.437235], [-70.612085, -33.43723], [-70.612073, -33.437228], [-70.61205, -33.43722], [-70.612032, -33.43721], [-70.612013, -33.437202], [-70.61199, -33.437193], [-70.611967, -33.437187], [-70.611942, -33.437173], [-70.611918, -33.437163], [-70.611895, -33.437155], [-70.611877, -33.437147], [-70.611855, -33.437138], [-70.61183, -33.437123], [-70.611807, -33.437113], [-70.611785, -33.437105], [-70.611765, -33.437097], [-70.611738, -33.437085], [-70.611715, -33.437073], [-70.611693, -33.437063], [-70.611668, -33.437053], [-70.611645, -33.437042], [-70.611622, -33.437032], [-70.611598, -33.437023], [-70.611575, -33.437015], [-70.611555, -33.43701], [-70.611528, -33.436998], [-70.611507, -33.436988], [-70.611485, -33.436975], [-70.611467, -33.436967], [-70.611443, -33.436955], [-70.611415, -33.436943], [-70.611393, -33.436932], [-70.611368, -33.436922], [-70.611348, -33.436917], [-70.611317, -33.436908], [-70.61129, -33.436902], [-70.611265, -33.436895], [-70.611243, -33.436888], [-70.611212, -33.436882], [-70.611187, -33.436873], [-70.611162, -33.436868], [-70.611137, -33.436867], [-70.61111, -33.43686], [-70.611085, -33.436855], [-70.611057, -33.436852], [-70.61103, -33.436847], [-70.61101, -33.436843], [-70.610982, -33.436838], [-70.61095, -33.436833], [-70.610923, -33.436832], [-70.610902, -33.436832], [-70.610873, -33.436828], [-70.610847, -33.43682], [-70.610822, -33.436813], [-70.610798, -33.436808], [-70.610777, -33.436802], [-70.610757, -33.436797], [-70.610723, -33.43679], [-70.610698, -33.436782], [-70.610675, -33.436775], [-70.610653, -33.436772], [-70.610623, -33.436765], [-70.6106, -33.43676], [-70.610577, -33.436752], [-70.61055, -33.436748], [-70.61053, -33.436743], [-70.610505, -33.436738], [-70.610482, -33.43673], [-70.610453, -33.436723], [-70.610435, -33.43672], [-70.610412, -33.436713], [-70.610382, -33.436707], [-70.610357, -33.436702], [-70.610333, -33.436697], [-70.61031, -33.436692], [-70.610287, -33.436685], [-70.610263, -33.436678], [-70.61024, -33.436672], [-70.61022, -33.436668], [-70.610195, -33.436663], [-70.610165, -33.436657], [-70.610142, -33.436653], [-70.610117, -33.43665], [-70.610095, -33.436647], [-70.610063, -33.436643], [-70.610035, -33.436643], [-70.610012, -33.43664], [-70.609993, -33.436635], [-70.60997, -33.436633], [-70.609948, -33.436627], [-70.609922, -33.436622], [-70.6099, -33.436618], [-70.609883, -33.436615], [-70.60986, -33.436612], [-70.609832, -33.436608], [-70.609812, -33.436602], [-70.60979, -33.436597], [-70.609772, -33.436592], [-70.609747, -33.43659], [-70.609722, -33.436588], [-70.609695, -33.436585], [-70.60967, -33.43658], [-70.609645, -33.436568], [-70.60962, -33.436563], [-70.60959, -33.436557], [-70.60957, -33.436555], [-70.609545, -33.436552], [-70.609522, -33.436548], [-70.609495, -33.436545], [-70.60947, -33.436535], [-70.609447, -33.436532], [-70.609428, -33.43653], [-70.609407, -33.436525], [-70.60938, -33.43652], [-70.609363, -33.436517], [-70.609338, -33.436513], [-70.609313, -33.436508], [-70.60929, -33.436505], [-70.609267, -33.4365], [-70.609245, -33.436495], [-70.60922, -33.436487], [-70.609202, -33.436483], [-70.609178, -33.436478], [-70.609153, -33.436473], [-70.60913, -33.436468], [-70.609107, -33.436465], [-70.609082, -33.436458], [-70.609057, -33.436452], [-70.60903, -33.436447], [-70.609005, -33.436442], [-70.608982, -33.436437], [-70.608957, -33.436432], [-70.608932, -33.436428], [-70.608905, -33.436423], [-70.608877, -33.436418], [-70.608857, -33.436415], [-70.608832, -33.43641], [-70.608807, -33.436402], [-70.608783, -33.436395], [-70.608758, -33.436388], [-70.608733, -33.43638], [-70.608708, -33.436372], [-70.608685, -33.436365], [-70.608665, -33.43636], [-70.608642, -33.436352], [-70.608618, -33.436343], [-70.608595, -33.436337], [-70.60857, -33.43633], [-70.608547, -33.436323], [-70.608523, -33.436318], [-70.608498, -33.436312], [-70.608473, -33.436305], [-70.608448, -33.436298], [-70.608423, -33.436292], [-70.608398, -33.436285], [-70.608372, -33.436282], [-70.608347, -33.436277], [-70.608322, -33.43627], [-70.608298, -33.436263], [-70.608273, -33.436257], [-70.608247, -33.436253], [-70.608222, -33.436247], [-70.608197, -33.436243], [-70.608172, -33.43624], [-70.608145, -33.436232], [-70.608127, -33.436225], [-70.608098, -33.43622], [-70.608078, -33.436217], [-70.608053, -33.43621], [-70.608037, -33.436203], [-70.608013, -33.436197], [-70.607992, -33.436188], [-70.607965, -33.436182], [-70.607948, -33.43618], [-70.60793, -33.436173], [-70.607915, -33.436168], [-70.6079, -33.436163], [-70.607885, -33.436162], [-70.607868, -33.436158], [-70.607848, -33.436155], [-70.607828, -33.436148], [-70.607805, -33.436142], [-70.60778, -33.436135], [-70.60775, -33.436125], [-70.60773, -33.43612], [-70.607705, -33.436115], [-70.607673, -33.43611], [-70.607652, -33.436105], [-70.607627, -33.4361], [-70.607602, -33.436095], [-70.607578, -33.436088], [-70.607553, -33.436085], [-70.60753, -33.43608], [-70.607503, -33.436075], [-70.60748, -33.436068], [-70.607458, -33.436062], [-70.607433, -33.436057], [-70.607407, -33.436053], [-70.607382, -33.43605], [-70.607358, -33.436045], [-70.607332, -33.43604], [-70.607302, -33.436032], [-70.607283, -33.436023], [-70.607262, -33.436015], [-70.607238, -33.436007], [-70.607213, -33.436], [-70.60719, -33.435993], [-70.607165, -33.435985], [-70.60714, -33.435978], [-70.607117, -33.435972], [-70.607085, -33.435965], [-70.607065, -33.435962], [-70.607037, -33.435957], [-70.607017, -33.435952], [-70.606993, -33.435948], [-70.60697, -33.435942], [-70.606945, -33.43594], [-70.606922, -33.435937], [-70.606898, -33.435933], [-70.606873, -33.435928], [-70.60685, -33.435922], [-70.606827, -33.435915], [-70.606805, -33.43591], [-70.606782, -33.435903], [-70.606753, -33.435895], [-70.606733, -33.43589], [-70.606708, -33.435883], [-70.606678, -33.435878], [-70.606658, -33.435873], [-70.606635, -33.435867], [-70.606605, -33.435858], [-70.606585, -33.435853], [-70.60656, -33.435848], [-70.606535, -33.435845], [-70.606512, -33.43584], [-70.606488, -33.435835], [-70.60646, -33.435827], [-70.606443, -33.43582], [-70.606415, -33.43581], [-70.606392, -33.435803], [-70.606375, -33.435797], [-70.606352, -33.435792], [-70.60633, -33.435785], [-70.606307, -33.435778], [-70.606285, -33.435773], [-70.606255, -33.435767], [-70.606235, -33.435762], [-70.606208, -33.435757], [-70.60619, -33.43575], [-70.606167, -33.435745], [-70.606145, -33.435738], [-70.606125, -33.43573], [-70.606103, -33.435723], [-70.606082, -33.435715], [-70.606057, -33.435707], [-70.606033, -33.435698], [-70.606033, -33.435698], [-70.605978, -33.435687], [-70.605957, -33.435682], [-70.605933, -33.435675], [-70.605903, -33.435667], [-70.605885, -33.435663], [-70.60586, -33.43566], [-70.605838, -33.435652], [-70.605813, -33.435645], [-70.605788, -33.435638], [-70.605765, -33.43563], [-70.60574, -33.435623], [-70.605715, -33.435618], [-70.605693, -33.435613], [-70.60567, -33.435605], [-70.605648, -33.435597], [-70.605625, -33.435588], [-70.605602, -33.435582], [-70.60558, -33.435575], [-70.605555, -33.435568], [-70.605527, -33.435558], [-70.605507, -33.435555], [-70.605483, -33.43555], [-70.605458, -33.435542], [-70.605435, -33.435537], [-70.605407, -33.435528], [-70.605388, -33.435523], [-70.605365, -33.435517], [-70.605342, -33.435507], [-70.605317, -33.435502], [-70.605293, -33.435495], [-70.605272, -33.435488], [-70.605248, -33.435482], [-70.605225, -33.435477], [-70.6052, -33.435472], [-70.605173, -33.435467], [-70.605173, -33.435467], [-70.605125, -33.435453], [-70.605105, -33.435448], [-70.605082, -33.435442], [-70.605053, -33.435433], [-70.60503, -33.43543], [-70.60501, -33.435427], [-70.604987, -33.435422], [-70.604962, -33.435418], [-70.604937, -33.435413], [-70.604912, -33.43541], [-70.604888, -33.435405], [-70.604867, -33.435402], [-70.604845, -33.435395], [-70.604823, -33.435387], [-70.604798, -33.435382], [-70.604777, -33.435378], [-70.604752, -33.435373], [-70.604728, -33.435367], [-70.604702, -33.435362], [-70.604678, -33.435355], [-70.60465, -33.435348], [-70.604632, -33.435345], [-70.60461, -33.435337], [-70.604587, -33.435333], [-70.604562, -33.43533], [-70.604538, -33.435322], [-70.604522, -33.435317], [-70.604493, -33.43531], [-70.604475, -33.435305], [-70.604448, -33.435295], [-70.60443, -33.435288], [-70.604405, -33.435282], [-70.604382, -33.435273], [-70.604358, -33.435267], [-70.604335, -33.435262], [-70.60431, -33.435255], [-70.604287, -33.435248], [-70.604265, -33.435243], [-70.604242, -33.435235], [-70.60422, -33.435228], [-70.604198, -33.435223], [-70.604175, -33.435218], [-70.60415, -33.435213], [-70.604125, -33.435205], [-70.604103, -33.435195], [-70.604078, -33.435187], [-70.604057, -33.43518], [-70.604033, -33.435173], [-70.604008, -33.43517], [-70.603983, -33.435163], [-70.60396, -33.435158], [-70.603937, -33.435152], [-70.603913, -33.435145], [-70.603888, -33.435138], [-70.603865, -33.435133], [-70.603842, -33.435128], [-70.603818, -33.435123], [-70.603802, -33.435117], [-70.603787, -33.43511], [-70.60377, -33.435103], [-70.603755, -33.435098], [-70.603742, -33.435092], [-70.603732, -33.435085], [-70.60372, -33.43508], [-70.603707, -33.435075], [-70.603693, -33.435068], [-70.603677, -33.435065], [-70.603663, -33.435062], [-70.603645, -33.435062], [-70.60363, -33.435058], [-70.603615, -33.435053], [-70.603597, -33.435048], [-70.60358, -33.435043], [-70.603567, -33.435038], [-70.603555, -33.435033], [-70.60354, -33.43503], [-70.603522, -33.435025], [-70.603502, -33.435022], [-70.603478, -33.435018], [-70.603455, -33.435013], [-70.603432, -33.435008], [-70.603407, -33.435002], [-70.603383, -33.434995], [-70.603358, -33.434988], [-70.603335, -33.434983], [-70.603312, -33.434978], [-70.603285, -33.434975], [-70.603258, -33.43497], [-70.60323, -33.434967], [-70.603203, -33.434963], [-70.60318, -33.434957], [-70.603155, -33.434948], [-70.60313, -33.434943], [-70.603105, -33.434937], [-70.60308, -33.43493], [-70.603057, -33.434923], [-70.603032, -33.43492], [-70.60301, -33.434915], [-70.602987, -33.434908], [-70.602965, -33.434903], [-70.602942, -33.434895], [-70.602917, -33.434887], [-70.602893, -33.43488], [-70.602868, -33.434872], [-70.602842, -33.434865], [-70.602818, -33.434858], [-70.602792, -33.434852], [-70.60277, -33.434845], [-70.602748, -33.434837], [-70.602723, -33.43483], [-70.6027, -33.434823], [-70.602675, -33.434818], [-70.602648, -33.434817], [-70.602623, -33.434812], [-70.602597, -33.434807], [-70.602573, -33.434802], [-70.602548, -33.434795], [-70.602522, -33.434792], [-70.602498, -33.434787], [-70.602472, -33.434782], [-70.602448, -33.434775], [-70.602425, -33.434767], [-70.6024, -33.434757], [-70.602377, -33.434752], [-70.602352, -33.434743], [-70.602328, -33.43473], [-70.602307, -33.43472], [-70.602285, -33.43471], [-70.60226, -33.434703], [-70.602235, -33.434698], [-70.60221, -33.434693], [-70.602183, -33.434683], [-70.60216, -33.434677], [-70.602138, -33.43467], [-70.602115, -33.434665], [-70.602093, -33.434658], [-70.602072, -33.43465], [-70.602048, -33.434643], [-70.602022, -33.434637], [-70.601995, -33.43463], [-70.601965, -33.434623], [-70.601945, -33.434618], [-70.60192, -33.434615], [-70.601895, -33.43461], [-70.60187, -33.434603], [-70.601845, -33.434598], [-70.601818, -33.43459], [-70.601798, -33.434587], [-70.601775, -33.434582], [-70.601753, -33.434577], [-70.601727, -33.434573], [-70.6017, -33.434568], [-70.601682, -33.434563], [-70.601657, -33.434557], [-70.601633, -33.434547], [-70.601613, -33.434537], [-70.601592, -33.434525], [-70.601572, -33.43451], [-70.601552, -33.434495], [-70.601537, -33.43448], [-70.60153, -33.434463], [-70.601528, -33.434443], [-70.60153, -33.434423], [-70.601533, -33.4344], [-70.601537, -33.434378], [-70.601542, -33.434357], [-70.601548, -33.434333], [-70.601553, -33.434315], [-70.601558, -33.434297], [-70.601565, -33.434278], [-70.60157, -33.434258], [-70.601575, -33.434237], [-70.60158, -33.434215], [-70.601583, -33.43419], [-70.60159, -33.434165], [-70.601595, -33.434142], [-70.601605, -33.434118], [-70.601613, -33.434102], [-70.601618, -33.434083], [-70.601623, -33.434065], [-70.601632, -33.434048], [-70.601637, -33.434027], [-70.601642, -33.434008], [-70.601645, -33.433988], [-70.601652, -33.433968], [-70.601658, -33.433945], [-70.601665, -33.433925], [-70.601672, -33.433905], [-70.601688, -33.433887], [-70.601695, -33.433868], [-70.601705, -33.433845], [-70.601713, -33.43382], [-70.601718, -33.433792], [-70.601725, -33.433763], [-70.60173, -33.433747], [-70.601735, -33.433728], [-70.601738, -33.433712], [-70.601743, -33.433693], [-70.601752, -33.433672], [-70.601757, -33.433652], [-70.60176, -33.43363], [-70.601765, -33.433607], [-70.60177, -33.433587], [-70.601775, -33.433568], [-70.601782, -33.433548], [-70.601788, -33.433527], [-70.601797, -33.433505], [-70.601805, -33.433482], [-70.601812, -33.43346], [-70.601818, -33.43344], [-70.601822, -33.433418], [-70.601825, -33.433398], [-70.60183, -33.433378], [-70.601835, -33.433357], [-70.60184, -33.433335], [-70.60184, -33.433313], [-70.601842, -33.433292], [-70.601842, -33.433272], [-70.601843, -33.433253], [-70.601842, -33.433237], [-70.60184, -33.43322], [-70.601842, -33.433207], [-70.60184, -33.433192], [-70.601843, -33.433173], [-70.601848, -33.43316], [-70.601852, -33.433148], [-70.601853, -33.433138], [-70.601855, -33.433127], [-70.601858, -33.433115], [-70.601858, -33.433102], [-70.601857, -33.433085], [-70.60186, -33.43307], [-70.601868, -33.433053], [-70.601875, -33.433038], [-70.601883, -33.433027], [-70.60189, -33.433017], [-70.601895, -33.433002], [-70.601903, -33.432992], [-70.601902, -33.43298], [-70.601903, -33.432965], [-70.601907, -33.432952], [-70.601908, -33.432937], [-70.601913, -33.432925], [-70.601915, -33.432912], [-70.601918, -33.4329], [-70.601922, -33.432888], [-70.601923, -33.432875], [-70.601927, -33.432863], [-70.601928, -33.432848], [-70.601932, -33.432832], [-70.601937, -33.432815], [-70.60194, -33.432798], [-70.601948, -33.432778], [-70.601955, -33.432758], [-70.60196, -33.432738], [-70.601967, -33.43272], [-70.601975, -33.4327], [-70.601982, -33.43268], [-70.601987, -33.43266], [-70.601993, -33.43264], [-70.602002, -33.432618], [-70.602008, -33.432598], [-70.602015, -33.432577], [-70.60202, -33.432557], [-70.602025, -33.432535], [-70.602032, -33.432513], [-70.602037, -33.432492], [-70.602043, -33.432472], [-70.60205, -33.432452], [-70.602057, -33.432428], [-70.602062, -33.432407], [-70.602068, -33.432387], [-70.602075, -33.432367], [-70.602083, -33.432345], [-70.602088, -33.432325], [-70.602093, -33.432302], [-70.602098, -33.432278], [-70.602103, -33.432257], [-70.60211, -33.432233], [-70.602118, -33.432213], [-70.602127, -33.432193], [-70.602132, -33.432173], [-70.602135, -33.432153], [-70.602143, -33.432132], [-70.602148, -33.432112], [-70.602155, -33.432093], [-70.60216, -33.432073], [-70.602167, -33.432053], [-70.602172, -33.432035], [-70.602178, -33.432018], [-70.602185, -33.431998], [-70.602192, -33.431977], [-70.602198, -33.431957], [-70.602205, -33.431937], [-70.60221, -33.431917], [-70.602217, -33.431897], [-70.602223, -33.431877], [-70.60223, -33.431857], [-70.602235, -33.431835], [-70.60224, -33.431817], [-70.602243, -33.431797], [-70.602247, -33.431777], [-70.60225, -33.431757], [-70.602257, -33.431735], [-70.602263, -33.431715], [-70.602268, -33.4317], [-70.602275, -33.431673], [-70.602278, -33.431652], [-70.602283, -33.43163], [-70.602288, -33.431608], [-70.602292, -33.431587], [-70.602297, -33.431565], [-70.602303, -33.431545], [-70.60231, -33.431523], [-70.602317, -33.431503], [-70.602325, -33.431482], [-70.60233, -33.431458], [-70.602338, -33.431437], [-70.602345, -33.431417], [-70.602352, -33.431398], [-70.602358, -33.431378], [-70.602367, -33.431358], [-70.602372, -33.431335], [-70.602377, -33.431313], [-70.602383, -33.431293], [-70.602387, -33.43127], [-70.602393, -33.431248], [-70.602402, -33.431228], [-70.602408, -33.431207], [-70.602413, -33.431187], [-70.602417, -33.431167], [-70.602422, -33.431147], [-70.602427, -33.431122], [-70.60243, -33.431097], [-70.602433, -33.431075], [-70.602437, -33.431052], [-70.602442, -33.43103], [-70.602448, -33.431007], [-70.602455, -33.430985], [-70.602458, -33.430965], [-70.602463, -33.430945], [-70.60247, -33.430927], [-70.602478, -33.430908], [-70.602483, -33.430887], [-70.602488, -33.430865], [-70.602493, -33.430845], [-70.6025, -33.430823], [-70.602503, -33.430802], [-70.60251, -33.43078], [-70.602515, -33.430757], [-70.60252, -33.430738], [-70.602525, -33.430718], [-70.602535, -33.430693], [-70.60254, -33.430677], [-70.602547, -33.430653], [-70.602557, -33.430633], [-70.602567, -33.43061], [-70.602572, -33.430587], [-70.602575, -33.430567], [-70.60258, -33.430543], [-70.602583, -33.430522], [-70.602588, -33.430502], [-70.602593, -33.43048], [-70.602598, -33.430458], [-70.602605, -33.430438], [-70.602612, -33.430417], [-70.602617, -33.430393], [-70.602622, -33.430373], [-70.602628, -33.430352], [-70.602633, -33.430328], [-70.602638, -33.430303], [-70.602643, -33.430282], [-70.602648, -33.430262], [-70.602653, -33.43024], [-70.602658, -33.430218], [-70.602663, -33.430197], [-70.60267, -33.430173], [-70.602673, -33.43015], [-70.60268, -33.430128], [-70.602685, -33.430108], [-70.602692, -33.43009], [-70.602698, -33.43007], [-70.602708, -33.43005], [-70.602725, -33.430035], [-70.602747, -33.430022], [-70.602768, -33.430012], [-70.602792, -33.430005], [-70.602817, -33.43], [-70.602848, -33.429998], [-70.602872, -33.43], [-70.602897, -33.430002], [-70.602923, -33.430005], [-70.60295, -33.430012], [-70.602978, -33.430017], [-70.603005, -33.430022], [-70.603025, -33.430027], [-70.603053, -33.430032], [-70.603082, -33.430037], [-70.603107, -33.430043], [-70.603135, -33.430047], [-70.60316, -33.430052], [-70.603187, -33.430055], [-70.603212, -33.430062], [-70.603237, -33.43007], [-70.60326, -33.430078], [-70.603285, -33.430085], [-70.603308, -33.43009], [-70.603332, -33.430097], [-70.603357, -33.430103], [-70.603377, -33.430107], [-70.603395, -33.43011], [-70.60341, -33.430112], [-70.603423, -33.430115], [-70.603437, -33.430115], [-70.603452, -33.430118], [-70.60347, -33.430122], [-70.603483, -33.43012], [-70.603498, -33.430122], [-70.603515, -33.430122], [-70.603543, -33.430128], [-70.603562, -33.430137], [-70.603582, -33.430147], [-70.603595, -33.430152], [-70.60361, -33.430157], [-70.603627, -33.43016], [-70.603643, -33.430162], [-70.603662, -33.430165], [-70.603677, -33.43017], [-70.60369, -33.430173], [-70.603702, -33.43018], [-70.603715, -33.430183], [-70.603732, -33.430185], [-70.60375, -33.430187], [-70.603767, -33.43019], [-70.603787, -33.430193], [-70.60381, -33.4302], [-70.603833, -33.430205], [-70.603857, -33.430212], [-70.603882, -33.430217], [-70.603907, -33.430223], [-70.603932, -33.43023], [-70.603958, -33.430237], [-70.603985, -33.430243], [-70.604012, -33.430248], [-70.604037, -33.430255], [-70.604062, -33.43026], [-70.604088, -33.430265], [-70.604112, -33.430272], [-70.604138, -33.430278], [-70.604172, -33.430285], [-70.6042, -33.430292], [-70.604225, -33.430297], [-70.604252, -33.430302], [-70.604272, -33.430307], [-70.604297, -33.43031], [-70.604323, -33.430315], [-70.60435, -33.430323], [-70.604378, -33.430328], [-70.604402, -33.430333], [-70.604428, -33.43034], [-70.604455, -33.430348], [-70.604482, -33.430355], [-70.604508, -33.430363], [-70.604533, -33.43037], [-70.604557, -33.430377], [-70.604582, -33.430383], [-70.60461, -33.430392], [-70.604635, -33.430398], [-70.60466, -33.430405], [-70.604683, -33.43041], [-70.604708, -33.430417], [-70.604732, -33.430422], [-70.604758, -33.430428], [-70.604785, -33.430437], [-70.60481, -33.430443], [-70.604837, -33.430448], [-70.604862, -33.430453], [-70.604887, -33.430458], [-70.604912, -33.430465], [-70.604935, -33.430472], [-70.60496, -33.430478], [-70.604982, -33.430483], [-70.605005, -33.430488], [-70.60503, -33.430495], [-70.605055, -33.430498], [-70.605082, -33.430505], [-70.605112, -33.43051], [-70.605112, -33.43051], [-70.605138, -33.430515], [-70.605188, -33.430528], [-70.605217, -33.430535], [-70.605217, -33.430535], [-70.605243, -33.430542], [-70.6053, -33.430553], [-70.605318, -33.430557], [-70.605318, -33.430557], [-70.605348, -33.430563], [-70.605377, -33.430572], [-70.605422, -33.43058], [-70.605448, -33.430587], [-70.605448, -33.430587], [-70.605475, -33.430593], [-70.605507, -33.430602], [-70.605553, -33.430617], [-70.60558, -33.430625], [-70.60558, -33.430625], [-70.605607, -33.430632], [-70.605633, -33.430638], [-70.605685, -33.43065], [-70.605712, -33.430657], [-70.605712, -33.430657], [-70.605737, -33.43066], [-70.605763, -33.430667], [-70.605817, -33.43068], [-70.605843, -33.430687], [-70.605843, -33.430687], [-70.605872, -33.430695], [-70.605897, -33.430702], [-70.605947, -33.43071], [-70.60597, -33.430715], [-70.60597, -33.430715], [-70.605995, -33.43072], [-70.60602, -33.430727], [-70.606072, -33.43074], [-70.606097, -33.430747], [-70.606097, -33.430747], [-70.606118, -33.430752], [-70.60614, -33.430755], [-70.606188, -33.430763], [-70.606188, -33.430763], [-70.606215, -33.430768], [-70.60624, -33.430775], [-70.606265, -33.430782], [-70.606317, -33.430795], [-70.606343, -33.430802], [-70.606343, -33.430802], [-70.60637, -33.43081], [-70.606393, -33.430815], [-70.606447, -33.430823], [-70.606472, -33.430828], [-70.606472, -33.430828], [-70.606495, -33.430832], [-70.60652, -33.430837], [-70.606575, -33.430847], [-70.606603, -33.430853], [-70.606603, -33.430853], [-70.606625, -33.430858], [-70.606652, -33.430865], [-70.606707, -33.430877], [-70.606732, -33.43088], [-70.606732, -33.43088], [-70.606758, -33.430883], [-70.606783, -33.430888], [-70.606835, -33.430898], [-70.606857, -33.430903], [-70.606857, -33.430903], [-70.606882, -33.430908], [-70.606912, -33.430915], [-70.606937, -33.43092], [-70.606987, -33.430932], [-70.606987, -33.430932], [-70.607018, -33.430938], [-70.607042, -33.430942], [-70.60709, -33.430947], [-70.60709, -33.430947], [-70.607115, -33.43095], [-70.607148, -33.430957], [-70.607172, -33.430962], [-70.6072, -33.430965], [-70.607252, -33.430975], [-70.607252, -33.430975], [-70.607282, -33.43098], [-70.607308, -33.430987], [-70.607335, -33.430992], [-70.607355, -33.430995], [-70.607387, -33.431002], [-70.607413, -33.431008], [-70.60744, -33.431017], [-70.607493, -33.431032], [-70.607493, -33.431032], [-70.607523, -33.431038], [-70.60755, -33.431045], [-70.607578, -33.43105], [-70.607632, -33.431067], [-70.607658, -33.431073], [-70.607658, -33.431073], [-70.607687, -33.43108], [-70.607712, -33.431087], [-70.607732, -33.431092], [-70.607763, -33.4311], [-70.607788, -33.431107], [-70.607817, -33.431108], [-70.607838, -33.431113], [-70.60787, -33.431118], [-70.607927, -33.431128], [-70.607927, -33.431128], [-70.60795, -33.431133], [-70.607968, -33.431137], [-70.608025, -33.431148], [-70.608025, -33.431148], [-70.608045, -33.431152], [-70.608072, -33.431158], [-70.608105, -33.431165], [-70.608162, -33.431177], [-70.608162, -33.431177], [-70.608183, -33.431183], [-70.608208, -33.431188], [-70.608235, -33.431193], [-70.608265, -33.431202], [-70.608292, -33.431205], [-70.608312, -33.431207], [-70.608335, -33.431208], [-70.608367, -33.431213], [-70.608393, -33.431218], [-70.60844, -33.431228], [-70.60844, -33.431228], [-70.60847, -33.431237], [-70.608498, -33.431245], [-70.608558, -33.431258], [-70.608558, -33.431258], [-70.60858, -33.43126], [-70.608613, -33.431267], [-70.608642, -33.431272], [-70.608658, -33.431275], [-70.608683, -33.431283], [-70.608705, -33.43129], [-70.60873, -33.431292], [-70.608757, -33.431298], [-70.608783, -33.431303], [-70.60881, -33.431308], [-70.608837, -33.431315], [-70.608863, -33.431322], [-70.608888, -33.431328], [-70.608917, -33.431335], [-70.608943, -33.431343], [-70.60897, -33.43135], [-70.608997, -33.431357], [-70.609023, -33.431363], [-70.609075, -33.431377], [-70.609075, -33.431377], [-70.609102, -33.431382], [-70.609127, -33.431387], [-70.609152, -33.431392], [-70.60918, -33.431397], [-70.609205, -33.431402], [-70.609232, -33.431408], [-70.609258, -33.431413], [-70.609283, -33.43142], [-70.609337, -33.431428], [-70.609337, -33.431428], [-70.609363, -33.431433], [-70.609392, -33.43144], [-70.609415, -33.431445], [-70.609438, -33.43145], [-70.609465, -33.431457], [-70.609493, -33.431465], [-70.609522, -33.431475], [-70.60955, -33.431482], [-70.609578, -33.431487], [-70.609605, -33.43149], [-70.609632, -33.431497], [-70.609658, -33.4315], [-70.609687, -33.431505], [-70.609712, -33.43151], [-70.609738, -33.431518], [-70.609768, -33.431525], [-70.609795, -33.43153], [-70.609823, -33.431538], [-70.60985, -33.431547], [-70.609903, -33.43156], [-70.609903, -33.43156], [-70.609923, -33.431563], [-70.609948, -33.43157], [-70.609973, -33.431575], [-70.609997, -33.431582], [-70.610022, -33.431587], [-70.610047, -33.431593], [-70.610072, -33.431597], [-70.610095, -33.431602], [-70.610145, -33.43161], [-70.610145, -33.43161], [-70.610172, -33.431615], [-70.610197, -33.431622], [-70.61022, -33.431625], [-70.610242, -33.431632], [-70.610263, -33.431637], [-70.61029, -33.431642], [-70.610315, -33.431647], [-70.610338, -33.431652], [-70.610363, -33.431658], [-70.610412, -33.431672], [-70.610412, -33.431672], [-70.610438, -33.431678], [-70.610465, -33.431685], [-70.610488, -33.43169], [-70.610515, -33.431695], [-70.610538, -33.431698], [-70.610563, -33.431705], [-70.61059, -33.431712], [-70.610613, -33.431717], [-70.610638, -33.431722], [-70.610663, -33.43173], [-70.61069, -33.431737], [-70.610715, -33.431743], [-70.610738, -33.431752], [-70.610763, -33.431758], [-70.610787, -33.431765], [-70.610812, -33.431772], [-70.610837, -33.43178], [-70.610863, -33.431783], [-70.610887, -33.431788], [-70.610912, -33.431795], [-70.610938, -33.431802], [-70.610962, -33.431807], [-70.610988, -33.431812], [-70.611017, -33.431817], [-70.61104, -33.431822], [-70.611065, -33.431828], [-70.61109, -33.431833], [-70.611113, -33.43184], [-70.611138, -33.431845], [-70.611163, -33.431852], [-70.61119, -33.431857], [-70.611213, -33.431862], [-70.611242, -33.431867], [-70.611268, -33.431872], [-70.611295, -33.431877], [-70.61132, -33.431882], [-70.611343, -33.431885], [-70.611368, -33.43189], [-70.611393, -33.431895], [-70.611418, -33.4319], [-70.611443, -33.431902], [-70.611493, -33.431913], [-70.611493, -33.431913], [-70.61152, -33.431918], [-70.611547, -33.431925], [-70.611573, -33.431932], [-70.611598, -33.431937], [-70.611625, -33.431943], [-70.61165, -33.431948], [-70.611675, -33.431953], [-70.611698, -33.431958], [-70.611725, -33.431963], [-70.61175, -33.431967], [-70.611777, -33.431972], [-70.611802, -33.431977], [-70.611828, -33.431983], [-70.611855, -33.431988], [-70.61188, -33.431993], [-70.611907, -33.431998], [-70.611935, -33.432005], [-70.611963, -33.432012], [-70.611988, -33.432017], [-70.612015, -33.432023], [-70.61204, -33.432028], [-70.612068, -33.432032], [-70.612095, -33.432037], [-70.612122, -33.432042], [-70.61215, -33.432045], [-70.612175, -33.432052], [-70.6122, -33.432057], [-70.612225, -33.432063], [-70.61225, -33.43207], [-70.612275, -33.432077], [-70.6123, -33.432083], [-70.612328, -33.432088], [-70.612353, -33.432093], [-70.612382, -33.4321], [-70.612408, -33.432105], [-70.612435, -33.43211], [-70.612467, -33.432117], [-70.612487, -33.432123], [-70.612513, -33.432133], [-70.61254, -33.432138], [-70.612565, -33.432145], [-70.612592, -33.43215], [-70.612617, -33.432152], [-70.612643, -33.432157], [-70.61267, -33.43216], [-70.612697, -33.432165], [-70.61272, -33.432168], [-70.612743, -33.432175], [-70.612765, -33.43218], [-70.612785, -33.432188], [-70.61281, -33.432202], [-70.612837, -33.432212], [-70.612863, -33.43222], [-70.61289, -33.432225], [-70.61292, -33.43223], [-70.612952, -33.432232], [-70.612982, -33.432233], [-70.613007, -33.432235], [-70.61303, -33.43224], [-70.613058, -33.432242], [-70.613085, -33.432243], [-70.61311, -33.432248], [-70.613137, -33.432248], [-70.613165, -33.432253], [-70.61319, -33.432257], [-70.613215, -33.432263], [-70.61324, -33.432268], [-70.613265, -33.432273], [-70.613293, -33.432278], [-70.613315, -33.432283], [-70.613342, -33.43229], [-70.613368, -33.432293], [-70.613393, -33.432298], [-70.61342, -33.432302], [-70.613445, -33.432305], [-70.613472, -33.432308], [-70.613497, -33.432313], [-70.613522, -33.43232], [-70.613548, -33.432325], [-70.613573, -33.43233], [-70.6136, -33.432333], [-70.613627, -33.432337], [-70.613652, -33.43234], [-70.613678, -33.432345], [-70.613703, -33.43235], [-70.61373, -33.432355], [-70.613755, -33.43236], [-70.61378, -33.432362], [-70.613805, -33.432363], [-70.613832, -33.432365], [-70.613855, -33.432368], [-70.613882, -33.432372], [-70.613905, -33.432377], [-70.61393, -33.432382], [-70.613957, -33.432388], [-70.613983, -33.432397], [-70.614012, -33.432403], [-70.614037, -33.43241], [-70.614065, -33.432417], [-70.614088, -33.432422], [-70.614117, -33.43243], [-70.614145, -33.432437], [-70.614172, -33.432443], [-70.6142, -33.432448], [-70.614225, -33.432453], [-70.614252, -33.432455], [-70.61428, -33.43246], [-70.614302, -33.432463], [-70.614327, -33.432468], [-70.614352, -33.432473], [-70.614377, -33.432478], [-70.614403, -33.432487], [-70.614432, -33.432503], [-70.614458, -33.432523], [-70.614487, -33.432538], [-70.614512, -33.43255], [-70.614537, -33.432555], [-70.61456, -33.432557], [-70.614583, -33.432557], [-70.614605, -33.432558], [-70.614628, -33.432562], [-70.614648, -33.432562], [-70.614672, -33.43256], [-70.614695, -33.432562], [-70.614718, -33.432562], [-70.614742, -33.432565], [-70.614767, -33.432568], [-70.61479, -33.432573], [-70.614815, -33.432577], [-70.614842, -33.432582], [-70.614867, -33.43259], [-70.614897, -33.432595], [-70.614923, -33.4326], [-70.614948, -33.432607], [-70.614973, -33.432613], [-70.615003, -33.43262], [-70.615033, -33.432627], [-70.615058, -33.432633], [-70.615087, -33.432638], [-70.615117, -33.432645], [-70.615143, -33.43265], [-70.615173, -33.432653], [-70.6152, -33.432657], [-70.615227, -33.43266], [-70.61525, -33.432663], [-70.615273, -33.432668], [-70.615295, -33.432675], [-70.615323, -33.432682], [-70.61535, -33.432687], [-70.615373, -33.432687], [-70.615397, -33.432692], [-70.615423, -33.432695], [-70.615445, -33.432702], [-70.615467, -33.43271], [-70.615488, -33.432718], [-70.615512, -33.43272], [-70.61554, -33.432723], [-70.61557, -33.432728], [-70.615595, -33.432733], [-70.615622, -33.43274], [-70.615647, -33.432743], [-70.615673, -33.43275], [-70.615697, -33.432757], [-70.615722, -33.432762], [-70.615747, -33.432768], [-70.615772, -33.432773], [-70.615797, -33.432778], [-70.615823, -33.432782], [-70.61585, -33.432787], [-70.615873, -33.43279], [-70.615895, -33.432793], [-70.61592, -33.4328], [-70.615943, -33.432807], [-70.61597, -33.432815], [-70.615995, -33.432822], [-70.61602, -33.43283], [-70.616047, -33.432838], [-70.61607, -33.432845], [-70.616097, -33.432853], [-70.616122, -33.432862], [-70.616145, -33.43287], [-70.616172, -33.432877], [-70.616198, -33.43288], [-70.61622, -33.432888], [-70.616243, -33.432902], [-70.616265, -33.432912], [-70.61629, -33.432922], [-70.616313, -33.432932], [-70.616337, -33.432942], [-70.616362, -33.432953], [-70.616387, -33.432963], [-70.61641, -33.432972], [-70.616435, -33.432982], [-70.61646, -33.43299], [-70.616483, -33.432998], [-70.61651, -33.433008], [-70.616535, -33.433017], [-70.61656, -33.433025], [-70.616585, -33.433033], [-70.61661, -33.433042], [-70.616632, -33.433048], [-70.616657, -33.43306], [-70.616682, -33.433072], [-70.616705, -33.433082], [-70.61673, -33.43309], [-70.616753, -33.433098], [-70.616782, -33.433107], [-70.616807, -33.433117], [-70.616832, -33.433125], [-70.616858, -33.433135], [-70.616883, -33.433145], [-70.616908, -33.43315], [-70.616932, -33.433157], [-70.616957, -33.433163], [-70.616982, -33.43317], [-70.617007, -33.433178], [-70.617032, -33.433187], [-70.617057, -33.433198], [-70.617082, -33.43321], [-70.617105, -33.433218], [-70.61713, -33.433225], [-70.617155, -33.433235], [-70.617182, -33.433243], [-70.617207, -33.433252], [-70.617233, -33.433262], [-70.617258, -33.433272], [-70.617285, -33.433282], [-70.61731, -33.433293], [-70.617333, -33.433302], [-70.617358, -33.43331], [-70.617382, -33.433318], [-70.617405, -33.433325], [-70.61743, -33.433333], [-70.617452, -33.433343], [-70.617473, -33.433352], [-70.617495, -33.43336], [-70.61752, -33.43337], [-70.617542, -33.433377], [-70.617565, -33.433385], [-70.617587, -33.433392], [-70.61761, -33.433398], [-70.617633, -33.433407], [-70.617658, -33.433413], [-70.617683, -33.43342], [-70.617708, -33.433425], [-70.617732, -33.433435], [-70.617757, -33.433445], [-70.61778, -33.433452], [-70.617807, -33.433462], [-70.61783, -33.433468], [-70.617857, -33.433477], [-70.617883, -33.433485], [-70.617908, -33.43349], [-70.617933, -33.433493], [-70.617958, -33.433498], [-70.617983, -33.433505], [-70.618008, -33.433512], [-70.618033, -33.433517], [-70.618058, -33.433523], [-70.618085, -33.433528], [-70.618112, -33.433533], [-70.618138, -33.433538], [-70.618165, -33.433543], [-70.61819, -33.43355], [-70.618218, -33.433555], [-70.618245, -33.433562], [-70.61827, -33.433565], [-70.618295, -33.43357], [-70.61832, -33.433575], [-70.618345, -33.433582], [-70.618372, -33.433587], [-70.618397, -33.433595], [-70.618423, -33.4336], [-70.61845, -33.433605], [-70.618477, -33.43361], [-70.618505, -33.433617], [-70.618532, -33.433623], [-70.618558, -33.433628], [-70.618583, -33.433632], [-70.618612, -33.433638], [-70.618638, -33.433643], [-70.618663, -33.433648], [-70.61869, -33.433653], [-70.618715, -33.433657], [-70.618742, -33.433662], [-70.618768, -33.433667], [-70.618793, -33.433672], [-70.61882, -33.433675], [-70.618848, -33.433678], [-70.618873, -33.433682], [-70.6189, -33.433685], [-70.618923, -33.43369], [-70.618948, -33.433698], [-70.618973, -33.433703], [-70.618998, -33.433707], [-70.619027, -33.433712], [-70.619055, -33.433715], [-70.619082, -33.433718], [-70.619107, -33.433718], [-70.619133, -33.43372], [-70.61916, -33.433722], [-70.619185, -33.433722], [-70.619212, -33.433728], [-70.61924, -33.433732], [-70.619265, -33.433733], [-70.619293, -33.433735], [-70.61932, -33.433738], [-70.619347, -33.43374], [-70.619372, -33.433742], [-70.619398, -33.433745], [-70.619427, -33.43375], [-70.619453, -33.433757], [-70.619482, -33.433762], [-70.619513, -33.433763], [-70.619543, -33.433767], [-70.619575, -33.43377], [-70.619602, -33.433773], [-70.61963, -33.433777], [-70.619658, -33.433778], [-70.619685, -33.433782], [-70.619708, -33.433782], [-70.619733, -33.433783], [-70.619765, -33.433778], [-70.619793, -33.433785], [-70.61982, -33.433787], [-70.619848, -33.433783], [-70.619875, -33.433785], [-70.619902, -33.433785], [-70.619928, -33.433787], [-70.619957, -33.433792], [-70.619985, -33.433793], [-70.620012, -33.433793], [-70.620038, -33.433793], [-70.620065, -33.433793], [-70.620092, -33.433792], [-70.62012, -33.433795], [-70.620148, -33.433795], [-70.620177, -33.433797], [-70.620203, -33.433797], [-70.620232, -33.433795], [-70.62026, -33.4338], [-70.620288, -33.433803], [-70.620317, -33.433805], [-70.620347, -33.433808], [-70.620373, -33.43381], [-70.6204, -33.433808], [-70.620425, -33.433805], [-70.620452, -33.433805], [-70.62048, -33.433805], [-70.620507, -33.433805], [-70.620533, -33.433807], [-70.62056, -33.433807], [-70.620587, -33.433807], [-70.620615, -33.433805], [-70.620643, -33.433807], [-70.62067, -33.433807], [-70.620697, -33.433808], [-70.620727, -33.433807], [-70.620755, -33.433807], [-70.620783, -33.433808], [-70.620808, -33.433807], [-70.620835, -33.433807], [-70.620863, -33.433805], [-70.62089, -33.433803], [-70.620913, -33.433802], [-70.620945, -33.433802], [-70.620972, -33.4338], [-70.620995, -33.433797], [-70.621015, -33.433797], [-70.621037, -33.433795], [-70.62106, -33.433795], [-70.621083, -33.433793], [-70.621108, -33.433792], [-70.621137, -33.433793], [-70.621163, -33.433792], [-70.62119, -33.43379], [-70.621218, -33.433787], [-70.621247, -33.433783], [-70.621277, -33.43378], [-70.621302, -33.433775], [-70.621323, -33.433772], [-70.621355, -33.433772], [-70.621382, -33.433768], [-70.62141, -33.433763], [-70.621437, -33.43376], [-70.62146, -33.433755], [-70.621485, -33.433748], [-70.621512, -33.433745], [-70.62154, -33.43374], [-70.621567, -33.433735], [-70.62159, -33.43373], [-70.621617, -33.433728], [-70.62164, -33.433725], [-70.621667, -33.433718], [-70.621692, -33.433715], [-70.621718, -33.433713], [-70.621745, -33.433708], [-70.62177, -33.433705], [-70.621797, -33.4337], [-70.621823, -33.433697], [-70.621847, -33.433692], [-70.621868, -33.433685], [-70.621895, -33.43368], [-70.62192, -33.433677], [-70.621945, -33.43367], [-70.62197, -33.433665], [-70.621997, -33.433665], [-70.622023, -33.433662], [-70.622047, -33.433655], [-70.622068, -33.43365], [-70.622092, -33.433645], [-70.622117, -33.43364], [-70.622142, -33.433633], [-70.622167, -33.433628], [-70.622192, -33.43362], [-70.622212, -33.433612], [-70.622235, -33.433602], [-70.622257, -33.433597], [-70.622278, -33.43359], [-70.622303, -33.433585], [-70.622328, -33.433582], [-70.622353, -33.433582], [-70.62238, -33.433582], [-70.622408, -33.43358], [-70.622433, -33.433573], [-70.622457, -33.433568], [-70.622483, -33.433565], [-70.62251, -33.433565], [-70.62254, -33.433563], [-70.622568, -33.433562], [-70.622595, -33.433558], [-70.622623, -33.433557], [-70.62265, -33.433552], [-70.622678, -33.433545], [-70.622705, -33.433542], [-70.622733, -33.433537], [-70.622758, -33.433532], [-70.622783, -33.433527], [-70.622812, -33.433523], [-70.62284, -33.43352], [-70.622867, -33.433513], [-70.622893, -33.433508], [-70.622922, -33.433503], [-70.62295, -33.433497], [-70.622978, -33.433493], [-70.623007, -33.433488], [-70.623032, -33.433482], [-70.623058, -33.433475], [-70.623083, -33.43347], [-70.623108, -33.433463], [-70.623132, -33.433457], [-70.623158, -33.433452], [-70.623183, -33.433445], [-70.623208, -33.43344], [-70.62323, -33.433433], [-70.623255, -33.433427], [-70.623277, -33.433417], [-70.623298, -33.433408], [-70.623322, -33.433398], [-70.623348, -33.433387], [-70.623375, -33.433377], [-70.6234, -33.433372], [-70.623427, -33.433367], [-70.623455, -33.433362], [-70.623482, -33.433357], [-70.623512, -33.433353], [-70.623532, -33.433345], [-70.623557, -33.43334], [-70.623577, -33.433333], [-70.623602, -33.433325], [-70.623633, -33.433318], [-70.62366, -33.433312], [-70.623685, -33.433302], [-70.623705, -33.433295], [-70.623732, -33.433288], [-70.623753, -33.43328], [-70.623775, -33.43327], [-70.623797, -33.433263], [-70.623818, -33.433257], [-70.623843, -33.433248], [-70.623868, -33.433242], [-70.623893, -33.433235], [-70.623917, -33.433227], [-70.623938, -33.433217], [-70.623963, -33.433208], [-70.623988, -33.433203], [-70.624015, -33.433197], [-70.62404, -33.433188], [-70.624068, -33.433178], [-70.624098, -33.433172], [-70.624122, -33.433163], [-70.624145, -33.433152], [-70.624165, -33.433138], [-70.624188, -33.433127], [-70.624213, -33.433118], [-70.624237, -33.433108], [-70.624262, -33.433102], [-70.624282, -33.43309], [-70.624298, -33.433078], [-70.624318, -33.433067], [-70.624338, -33.433055], [-70.624357, -33.43304], [-70.624377, -33.433027], [-70.624398, -33.433013], [-70.624423, -33.433002], [-70.624445, -33.432988], [-70.624467, -33.432977], [-70.624487, -33.432962], [-70.624507, -33.432948], [-70.624527, -33.432937], [-70.624547, -33.432922], [-70.624567, -33.432907], [-70.624588, -33.432893], [-70.624608, -33.43288], [-70.624627, -33.432867], [-70.624647, -33.432852], [-70.624665, -33.432838], [-70.62468, -33.432827], [-70.624698, -33.432812], [-70.624722, -33.432795], [-70.624742, -33.432782], [-70.624763, -33.43277], [-70.624788, -33.43276], [-70.624808, -33.432748], [-70.624825, -33.432732], [-70.624848, -33.432717], [-70.624872, -33.432705], [-70.624895, -33.43269], [-70.624917, -33.432677], [-70.624942, -33.432663], [-70.624968, -33.432653], [-70.62499, -33.432642], [-70.625012, -33.432625], [-70.625032, -33.43261], [-70.625052, -33.432595], [-70.62507, -33.43258], [-70.62509, -33.432568], [-70.62511, -33.432553], [-70.62513, -33.432538], [-70.625153, -33.432528], [-70.625178, -33.432518], [-70.625205, -33.432512], [-70.625232, -33.43251], [-70.625257, -33.43251], [-70.625283, -33.432512], [-70.625308, -33.432517], [-70.625332, -33.432523], [-70.625357, -33.432533], [-70.625383, -33.432542], [-70.625407, -33.432548], [-70.625427, -33.432553], [-70.625443, -33.432557], [-70.625457, -33.43256], [-70.625468, -33.432567], [-70.625465, -33.432565], [-70.625472, -33.432558], [-70.625485, -33.432562], [-70.625493, -33.432572], [-70.625495, -33.432582], [-70.625492, -33.432588], [-70.625498, -33.432598], [-70.625502, -33.43261], [-70.625503, -33.432615], [-70.625508, -33.43262], [-70.625512, -33.432638], [-70.62552, -33.432655], [-70.625528, -33.432672], [-70.625545, -33.43269], [-70.625557, -33.432698], [-70.625572, -33.432705], [-70.625587, -33.432713], [-70.625598, -33.432725], [-70.625612, -33.432735], [-70.625618, -33.43274], [-70.625632, -33.43275], [-70.625645, -33.43276], [-70.625652, -33.432772], [-70.62566, -33.432783], [-70.625668, -33.432795], [-70.62568, -33.432805], [-70.625692, -33.432815], [-70.625705, -33.432823], [-70.625715, -33.432835], [-70.625723, -33.432845], [-70.62573, -33.432857], [-70.625738, -33.432868], [-70.625745, -33.432882], [-70.625755, -33.432895], [-70.625767, -33.432907], [-70.625782, -33.432918], [-70.625793, -33.432928], [-70.6258, -33.432935], [-70.625812, -33.432945], [-70.625823, -33.432952], [-70.625835, -33.43296], [-70.625845, -33.43297], [-70.625858, -33.432983], [-70.625873, -33.432997], [-70.625892, -33.43301], [-70.625912, -33.433025], [-70.625927, -33.433038], [-70.62595, -33.43306], [-70.625973, -33.433083], [-70.625992, -33.433102], [-70.626008, -33.433115], [-70.626028, -33.433133], [-70.626038, -33.433143], [-70.62606, -33.433165], [-70.626077, -33.433183], [-70.626092, -33.433202], [-70.626107, -33.43322], [-70.626122, -33.433237], [-70.626138, -33.433252], [-70.626157, -33.433273], [-70.626175, -33.433293], [-70.626193, -33.433308], [-70.626212, -33.433322], [-70.626232, -33.433337], [-70.626248, -33.433353], [-70.626267, -33.433373], [-70.626283, -33.43339], [-70.6263, -33.433407], [-70.626317, -33.433422], [-70.626335, -33.433438], [-70.626352, -33.433458], [-70.626363, -33.43347], [-70.626383, -33.433492], [-70.626402, -33.433508], [-70.62642, -33.433525], [-70.626433, -33.43354], [-70.626448, -33.433555], [-70.626465, -33.433575], [-70.626485, -33.433593], [-70.626503, -33.433608], [-70.626522, -33.433627], [-70.62654, -33.433647], [-70.626558, -33.433665], [-70.626578, -33.433685], [-70.626597, -33.433702], [-70.626613, -33.433718], [-70.626633, -33.433737], [-70.62665, -33.433753], [-70.62667, -33.43377], [-70.626687, -33.433787], [-70.626703, -33.433805], [-70.626722, -33.433822], [-70.62674, -33.43384], [-70.626758, -33.433858], [-70.626777, -33.433877], [-70.626795, -33.433892], [-70.626812, -33.433905], [-70.626833, -33.433923], [-70.626852, -33.433942], [-70.626868, -33.43396], [-70.626885, -33.433978], [-70.626903, -33.433993], [-70.626918, -33.43401], [-70.626933, -33.434027], [-70.62695, -33.434045], [-70.626965, -33.434063], [-70.626982, -33.434082], [-70.627, -33.434098], [-70.627018, -33.434115], [-70.62704, -33.434132], [-70.62706, -33.43415], [-70.627082, -33.434165], [-70.627103, -33.434178], [-70.627123, -33.434193], [-70.627142, -33.43421], [-70.627162, -33.43423], [-70.627182, -33.434248], [-70.627202, -33.434265], [-70.627222, -33.434282], [-70.62724, -33.434298], [-70.62726, -33.434313], [-70.62728, -33.43433], [-70.6273, -33.434345], [-70.627322, -33.43436], [-70.627342, -33.434375], [-70.627363, -33.434388], [-70.627383, -33.434403], [-70.627405, -33.434417], [-70.627425, -33.434432], [-70.627445, -33.43445], [-70.627467, -33.434465], [-70.627487, -33.434482], [-70.627508, -33.434495], [-70.627532, -33.43451], [-70.627553, -33.434523], [-70.627573, -33.434537], [-70.627593, -33.43455], [-70.627612, -33.434563], [-70.627635, -33.434573], [-70.627658, -33.434585], [-70.62768, -33.434598], [-70.627702, -33.434613], [-70.627723, -33.434628], [-70.627743, -33.434642], [-70.627763, -33.434655], [-70.62779, -33.434665], [-70.62781, -33.434677], [-70.627832, -33.434688], [-70.627855, -33.4347], [-70.627875, -33.434712], [-70.627888, -33.434723], [-70.627897, -33.434733], [-70.627905, -33.43474], [-70.627913, -33.434745], [-70.627927, -33.434755], [-70.627933, -33.434762], [-70.627943, -33.434768], [-70.627958, -33.434763], [-70.627975, -33.434763], [-70.627987, -33.434763], [-70.627993, -33.434772], [-70.628005, -33.434782], [-70.628015, -33.434793], [-70.628027, -33.434803], [-70.62804, -33.434817], [-70.628052, -33.434822], [-70.628062, -33.434822], [-70.628075, -33.434825], [-70.628093, -33.43483], [-70.628112, -33.434835], [-70.62813, -33.434842], [-70.628145, -33.434848], [-70.628158, -33.434853], [-70.628168, -33.434862], [-70.628182, -33.434867], [-70.628195, -33.434872], [-70.62821, -33.434878], [-70.628222, -33.434887], [-70.628235, -33.434897], [-70.62825, -33.434903], [-70.628272, -33.434907], [-70.628295, -33.434912], [-70.628312, -33.434918], [-70.628333, -33.434927], [-70.628355, -33.434937], [-70.628377, -33.434947], [-70.628398, -33.434957], [-70.628422, -33.434965], [-70.628447, -33.434977], [-70.628472, -33.434985], [-70.628497, -33.434995], [-70.628522, -33.435007], [-70.628545, -33.435017], [-70.62857, -33.435028], [-70.628593, -33.435038], [-70.628615, -33.43505], [-70.62864, -33.435063], [-70.628663, -33.435077], [-70.628687, -33.435087], [-70.628712, -33.435097], [-70.628735, -33.435108], [-70.628758, -33.435118], [-70.628783, -33.43513], [-70.62881, -33.435142], [-70.628837, -33.435157], [-70.62886, -33.435168], [-70.628883, -33.435182], [-70.628907, -33.435193], [-70.628932, -33.435205], [-70.628957, -33.435215], [-70.62898, -33.435223], [-70.629005, -33.435235], [-70.62903, -33.435245], [-70.629057, -33.435253], [-70.629083, -33.435263], [-70.629108, -33.435272], [-70.629135, -33.435282], [-70.629153, -33.435292], [-70.629178, -33.435305], [-70.629205, -33.435313], [-70.62923, -33.435322], [-70.629252, -33.435332], [-70.629277, -33.435342], [-70.629303, -33.435353], [-70.629328, -33.435363], [-70.629353, -33.435373], [-70.62938, -33.435387], [-70.629403, -33.435397], [-70.629427, -33.435405], [-70.629448, -33.435415], [-70.629472, -33.435423], [-70.629493, -33.43543], [-70.629513, -33.435437], [-70.629537, -33.435443], [-70.629557, -33.43545], [-70.62958, -33.435458], [-70.629605, -33.435472], [-70.629625, -33.43548], [-70.629648, -33.43549], [-70.629672, -33.435502], [-70.629698, -33.435513], [-70.629722, -33.435525], [-70.629747, -33.435537], [-70.629773, -33.435547], [-70.629798, -33.435557], [-70.629823, -33.435565], [-70.629848, -33.435575], [-70.629873, -33.435587], [-70.629898, -33.435597], [-70.629923, -33.435608], [-70.629948, -33.43562], [-70.62997, -33.435628], [-70.629993, -33.435637], [-70.630017, -33.435648], [-70.630042, -33.43566], [-70.630065, -33.435672], [-70.630087, -33.435683], [-70.630112, -33.435695], [-70.630137, -33.435707], [-70.630162, -33.435717], [-70.630183, -33.435727], [-70.630207, -33.435738], [-70.63023, -33.43575], [-70.630248, -33.435758], [-70.630275, -33.43577], [-70.630298, -33.43578], [-70.630317, -33.435788], [-70.63034, -33.435798], [-70.63036, -33.435807], [-70.630387, -33.43582], [-70.630408, -33.43583], [-70.63043, -33.435842], [-70.630447, -33.43585], [-70.63047, -33.435865], [-70.63049, -33.435875], [-70.63051, -33.435887], [-70.630532, -33.435897], [-70.630555, -33.435903], [-70.630577, -33.435913], [-70.6306, -33.435922], [-70.630625, -33.435932], [-70.630647, -33.435943], [-70.630668, -33.435953], [-70.630692, -33.435965], [-70.63072, -33.435975], [-70.630747, -33.435985], [-70.63077, -33.435997], [-70.630795, -33.43601], [-70.630817, -33.436023], [-70.630842, -33.436033], [-70.630865, -33.436043], [-70.630888, -33.436053], [-70.630915, -33.436068], [-70.630938, -33.43608], [-70.630963, -33.436093], [-70.630987, -33.436103], [-70.631012, -33.436115], [-70.631035, -33.436125], [-70.63106, -33.436137], [-70.631083, -33.436148], [-70.63111, -33.436158], [-70.631135, -33.436167], [-70.631162, -33.436175], [-70.631188, -33.436183], [-70.631215, -33.436192], [-70.631242, -33.436202], [-70.631265, -33.436212], [-70.631293, -33.43622], [-70.63132, -33.436228], [-70.631347, -33.436237], [-70.631372, -33.436248], [-70.631397, -33.436258], [-70.63142, -33.436268], [-70.631445, -33.436275], [-70.63147, -33.436283], [-70.631495, -33.43629], [-70.63152, -33.4363], [-70.631543, -33.43631], [-70.631568, -33.436322], [-70.631593, -33.436332], [-70.631617, -33.436342], [-70.631642, -33.436353], [-70.631665, -33.436362], [-70.631692, -33.436373], [-70.631718, -33.436385], [-70.631743, -33.436393], [-70.63177, -33.436403], [-70.631797, -33.436412], [-70.631823, -33.436423], [-70.631847, -33.436433], [-70.631872, -33.436443], [-70.631895, -33.436452], [-70.631922, -33.436462], [-70.631945, -33.436468], [-70.63197, -33.436477], [-70.631993, -33.436485], [-70.632017, -33.436493], [-70.632037, -33.4365], [-70.632057, -33.436505], [-70.632072, -33.436512], [-70.632087, -33.436517], [-70.6321, -33.43652], [-70.63211, -33.436522], [-70.632123, -33.436525], [-70.632135, -33.436528], [-70.632148, -33.43653], [-70.632167, -33.436535], [-70.632182, -33.436547], [-70.632195, -33.43656], [-70.632202, -33.436573], [-70.632213, -33.436582], [-70.632227, -33.436587], [-70.632235, -33.436593], [-70.632245, -33.436598], [-70.632258, -33.436608], [-70.632275, -33.436613], [-70.632293, -33.436623], [-70.632312, -33.436627], [-70.632323, -33.436627], [-70.632333, -33.436632], [-70.632345, -33.436638], [-70.632355, -33.436647], [-70.63237, -33.436657], [-70.632383, -33.436665], [-70.632393, -33.436665], [-70.632403, -33.436665], [-70.63241, -33.436665], [-70.632412, -33.43667], [-70.63241, -33.436672], [-70.632413, -33.436673], [-70.632418, -33.436677], [-70.632423, -33.436678], [-70.63243, -33.43668], [-70.632435, -33.436685], [-70.63244, -33.436688], [-70.632443, -33.43669], [-70.632447, -33.436693], [-70.632448, -33.436695], [-70.632445, -33.436687], [-70.632447, -33.43668], [-70.632453, -33.436682], [-70.632462, -33.436683], [-70.63247, -33.436682], [-70.63248, -33.436678], [-70.632492, -33.436683], [-70.632502, -33.436688], [-70.632515, -33.436692], [-70.63253, -33.436698], [-70.632538, -33.436703], [-70.632547, -33.436702], [-70.632552, -33.436705], [-70.632565, -33.436707], [-70.632577, -33.436713], [-70.632588, -33.436718], [-70.6326, -33.436725], [-70.632613, -33.436732], [-70.63262, -33.436735], [-70.632627, -33.43674], [-70.632635, -33.436747], [-70.632643, -33.436752], [-70.632652, -33.436762], [-70.63266, -33.436775], [-70.632673, -33.436788], [-70.632677, -33.4368], [-70.632682, -33.436802], [-70.632695, -33.436805], [-70.632718, -33.436802], [-70.632737, -33.436797], [-70.632753, -33.436793], [-70.632768, -33.436793], [-70.632788, -33.436793], [-70.632805, -33.436793], [-70.63282, -33.436793], [-70.63283, -33.436793], [-70.632838, -33.436797], [-70.632843, -33.436805], [-70.632843, -33.436813], [-70.632855, -33.436818], [-70.63287, -33.436817], [-70.632882, -33.436813], [-70.632905, -33.43681], [-70.632918, -33.436803], [-70.632932, -33.436805], [-70.632948, -33.436808], [-70.632968, -33.436813], [-70.63299, -33.436817], [-70.63301, -33.43682], [-70.633032, -33.436822], [-70.633052, -33.436823], [-70.63307, -33.436825], [-70.633088, -33.436827], [-70.633105, -33.436825], [-70.633118, -33.43682], [-70.633133, -33.436813], [-70.63314, -33.43681], [-70.633152, -33.436805], [-70.633167, -33.436803], [-70.633182, -33.436803], [-70.633195, -33.436802], [-70.633207, -33.4368], [-70.633223, -33.436798], [-70.633243, -33.436793], [-70.633268, -33.436792], [-70.633295, -33.436787], [-70.633323, -33.436782], [-70.633347, -33.436778], [-70.633368, -33.436777], [-70.633387, -33.43678], [-70.633398, -33.436782], [-70.633413, -33.43678], [-70.633432, -33.43678], [-70.633445, -33.436777], [-70.633463, -33.436772], [-70.633477, -33.436767], [-70.633497, -33.436763], [-70.633518, -33.436762], [-70.633538, -33.436758], [-70.633555, -33.436757], [-70.63357, -33.436757], [-70.633587, -33.436757], [-70.633605, -33.436753], [-70.633627, -33.436753], [-70.633638, -33.436752], [-70.633653, -33.436745], [-70.633658, -33.436742], [-70.63367, -33.436745], [-70.63368, -33.436743], [-70.633692, -33.436738], [-70.633707, -33.436738], [-70.63372, -33.436738], [-70.633732, -33.43674], [-70.633745, -33.43674], [-70.633752, -33.436745], [-70.633773, -33.436743], [-70.633787, -33.43674], [-70.633798, -33.436735], [-70.633815, -33.436738], [-70.633828, -33.436742], [-70.633845, -33.436745], [-70.633858, -33.436743], [-70.633872, -33.436743], [-70.633885, -33.436745], [-70.633897, -33.436745], [-70.633917, -33.436748], [-70.633933, -33.43675], [-70.633943, -33.436745], [-70.63396, -33.436743], [-70.633975, -33.436742], [-70.633993, -33.43674], [-70.634008, -33.436737], [-70.634023, -33.436735], [-70.634038, -33.43673], [-70.63405, -33.436727], [-70.634068, -33.436725], [-70.634082, -33.436722], [-70.634095, -33.436717], [-70.634105, -33.43672], [-70.634117, -33.436713], [-70.634125, -33.436702], [-70.634138, -33.4367], [-70.634152, -33.4367], [-70.634167, -33.436702], [-70.63418, -33.436702], [-70.634193, -33.436697], [-70.634205, -33.43669], [-70.634218, -33.436687], [-70.63423, -33.436687], [-70.634247, -33.436688], [-70.634262, -33.436685], [-70.634275, -33.436683], [-70.634292, -33.436682], [-70.634305, -33.436683], [-70.634313, -33.436687], [-70.63432, -33.436683], [-70.63433, -33.436683], [-70.634342, -33.436683], [-70.634362, -33.436683], [-70.634372, -33.436683], [-70.634388, -33.436683], [-70.634413, -33.43669], [-70.634427, -33.43669], [-70.634442, -33.43669], [-70.634463, -33.436692], [-70.634485, -33.436692], [-70.634502, -33.436692], [-70.634527, -33.436697], [-70.63455, -33.43671], [-70.634588, -33.436718], [-70.634618, -33.436725], [-70.634645, -33.436735], [-70.634668, -33.43675], [-70.634693, -33.436762], [-70.634717, -33.436777], [-70.634735, -33.43679], [-70.634757, -33.436803], [-70.634782, -33.43682], [-70.634798, -33.436842], [-70.634822, -33.43686], [-70.634848, -33.436873], [-70.63487, -33.43689], [-70.634892, -33.436907], [-70.634912, -33.436927], [-70.63493, -33.436945], [-70.634952, -33.436962], [-70.634975, -33.436978], [-70.635, -33.436995], [-70.635023, -33.437012], [-70.635048, -33.437028], [-70.635073, -33.437043], [-70.635098, -33.437057], [-70.635123, -33.437072], [-70.635145, -33.437088], [-70.635168, -33.437102], [-70.635193, -33.437112], [-70.635217, -33.437125], [-70.635243, -33.43714], [-70.63527, -33.437157], [-70.635297, -33.437172], [-70.635325, -33.437183], [-70.635352, -33.437197], [-70.635383, -33.437217], [-70.635415, -33.437228], [-70.635445, -33.437232], [-70.635473, -33.43724], [-70.635502, -33.437253], [-70.63553, -33.437253], [-70.635557, -33.437263], [-70.635583, -33.437268], [-70.63561, -33.437273], [-70.635638, -33.437278], [-70.635667, -33.437287], [-70.635693, -33.437295], [-70.635722, -33.4373], [-70.635742, -33.437307], [-70.635772, -33.437315], [-70.635807, -33.437325], [-70.635837, -33.437332], [-70.635863, -33.437338], [-70.635897, -33.437343], [-70.635923, -33.437357], [-70.635945, -33.437368], [-70.63597, -33.437377], [-70.636, -33.437383], [-70.636028, -33.437392], [-70.636053, -33.4374], [-70.636082, -33.437408], [-70.636108, -33.437417], [-70.636135, -33.437425], [-70.636162, -33.437433], [-70.63619, -33.437442], [-70.636217, -33.43745], [-70.636242, -33.437457], [-70.636268, -33.437468], [-70.636295, -33.43748], [-70.636323, -33.437492], [-70.63635, -33.437505], [-70.636377, -33.437517], [-70.636402, -33.43753], [-70.636427, -33.437538], [-70.636447, -33.437548], [-70.636473, -33.437558], [-70.636503, -33.437568], [-70.63654, -33.437582], [-70.636577, -33.43759], [-70.636603, -33.437598], [-70.636638, -33.437605], [-70.636665, -33.437612], [-70.636692, -33.437623], [-70.636715, -33.43763], [-70.636732, -33.437637], [-70.636747, -33.437642], [-70.636767, -33.43765], [-70.636788, -33.437667], [-70.636812, -33.437675], [-70.636835, -33.437688], [-70.636857, -33.437703], [-70.636877, -33.437718], [-70.636898, -33.437727], [-70.636923, -33.437738], [-70.636948, -33.437745], [-70.63697, -33.437757], [-70.636995, -33.437767], [-70.637018, -33.437777], [-70.63704, -33.437792], [-70.637063, -33.437812], [-70.637087, -33.437827], [-70.637112, -33.437838], [-70.637133, -33.43785], [-70.637157, -33.437863], [-70.637178, -33.437878], [-70.637203, -33.437893], [-70.637225, -33.437907], [-70.63725, -33.437917], [-70.637275, -33.437928], [-70.637297, -33.437938], [-70.637315, -33.437948], [-70.637342, -33.43796], [-70.637362, -33.43797], [-70.637377, -33.437982], [-70.637395, -33.437997], [-70.63742, -33.43801], [-70.637447, -33.438025], [-70.637472, -33.438037], [-70.6375, -33.438052], [-70.637525, -33.438068], [-70.637548, -33.438082], [-70.637572, -33.438095], [-70.637593, -33.438112], [-70.637613, -33.438127], [-70.637635, -33.438142], [-70.637657, -33.438155], [-70.63768, -33.438168], [-70.6377, -33.438182], [-70.637723, -33.438195], [-70.637745, -33.438207], [-70.637765, -33.438218], [-70.637787, -33.438235], [-70.637808, -33.438248], [-70.637825, -33.43826], [-70.637847, -33.438273], [-70.637872, -33.43829], [-70.637893, -33.438305], [-70.637913, -33.43832], [-70.637932, -33.438333], [-70.637953, -33.43835], [-70.637978, -33.438365], [-70.637998, -33.438378], [-70.63802, -33.438392], [-70.638042, -33.438407], [-70.638062, -33.438423], [-70.638082, -33.43844], [-70.638103, -33.438457], [-70.638125, -33.438473], [-70.63814, -33.438487], [-70.638158, -33.438503], [-70.63818, -33.438517], [-70.638207, -33.438535], [-70.638227, -33.438552], [-70.63824, -33.438563], [-70.638263, -33.43858], [-70.638283, -33.438597], [-70.638305, -33.43861], [-70.638323, -33.438625], [-70.638343, -33.438638], [-70.638363, -33.43865], [-70.638383, -33.438665], [-70.638407, -33.438682], [-70.638427, -33.438695], [-70.638445, -33.438707], [-70.63847, -33.438725], [-70.63849, -33.438738], [-70.638512, -33.438753], [-70.638532, -33.43877], [-70.638553, -33.438785], [-70.638573, -33.438798], [-70.638597, -33.438813], [-70.638618, -33.43883], [-70.63864, -33.438848], [-70.638662, -33.438865], [-70.638682, -33.438882], [-70.638702, -33.438897], [-70.638723, -33.43891], [-70.638743, -33.438928], [-70.638758, -33.438943], [-70.63878, -33.43896], [-70.638803, -33.438978], [-70.638825, -33.438992], [-70.638843, -33.439005], [-70.638863, -33.439027], [-70.638882, -33.439043], [-70.638902, -33.43906], [-70.638922, -33.439075], [-70.63894, -33.439085], [-70.63896, -33.4391], [-70.63898, -33.439118], [-70.639003, -33.439137], [-70.639022, -33.43915], [-70.639042, -33.439163], [-70.639062, -33.439178], [-70.639082, -33.43919], [-70.639103, -33.439205], [-70.639122, -33.439222], [-70.639145, -33.439237], [-70.639165, -33.439255], [-70.639185, -33.439272], [-70.639205, -33.43929], [-70.639227, -33.439302], [-70.639247, -33.439317], [-70.639262, -33.439332], [-70.639288, -33.43935], [-70.639307, -33.439363], [-70.63933, -33.43938], [-70.639348, -33.439392], [-70.639368, -33.439403], [-70.639392, -33.439412], [-70.639412, -33.439422], [-70.63943, -33.439437], [-70.63945, -33.439452], [-70.639468, -33.439467], [-70.639487, -33.439483], [-70.639503, -33.439497], [-70.639523, -33.439507], [-70.639538, -33.439517], [-70.639558, -33.439532], [-70.639577, -33.439548], [-70.639597, -33.439562], [-70.63962, -33.439575], [-70.63964, -33.43959], [-70.63966, -33.439607], [-70.639682, -33.439622], [-70.639707, -33.43964], [-70.639725, -33.439657], [-70.639742, -33.439673], [-70.639767, -33.439693], [-70.639792, -33.43971], [-70.639815, -33.439722], [-70.639835, -33.439733], [-70.639855, -33.439748], [-70.639875, -33.439762], [-70.639895, -33.43978], [-70.639917, -33.439797], [-70.639935, -33.439817], [-70.639952, -33.43984], [-70.639977, -33.439852], [-70.639998, -33.439848], [-70.640018, -33.43986], [-70.64004, -33.439877], [-70.64006, -33.439893], [-70.640082, -33.439908], [-70.640102, -33.439927], [-70.640122, -33.439943], [-70.640143, -33.439957], [-70.640167, -33.439968], [-70.640188, -33.439982], [-70.640207, -33.439993], [-70.64023, -33.440007], [-70.640253, -33.44002], [-70.640273, -33.440033], [-70.640292, -33.440047], [-70.640313, -33.440063], [-70.640338, -33.440073], [-70.640367, -33.440087], [-70.640388, -33.440103], [-70.640408, -33.44012], [-70.640428, -33.440137], [-70.640448, -33.440155], [-70.64047, -33.440173], [-70.640493, -33.440188], [-70.640515, -33.440202], [-70.640535, -33.440212], [-70.640555, -33.440223], [-70.640577, -33.440237], [-70.640597, -33.44025], [-70.640613, -33.440263], [-70.640632, -33.440278], [-70.640647, -33.44029], [-70.640668, -33.440303], [-70.64069, -33.440317], [-70.640717, -33.44033], [-70.64074, -33.440343], [-70.640762, -33.440358], [-70.640787, -33.440373], [-70.640807, -33.440385], [-70.640828, -33.4404], [-70.640853, -33.440417], [-70.640873, -33.44043], [-70.640893, -33.440442], [-70.640917, -33.440458], [-70.640935, -33.44047], [-70.64096, -33.440485], [-70.640982, -33.440498], [-70.641003, -33.44051], [-70.641025, -33.44052], [-70.641043, -33.440528], [-70.641068, -33.440543], [-70.64109, -33.440558], [-70.641113, -33.440572], [-70.641135, -33.440585], [-70.641158, -33.440602], [-70.64118, -33.440613], [-70.641198, -33.44063], [-70.641218, -33.440647], [-70.641242, -33.440663], [-70.64126, -33.44068], [-70.641282, -33.440703], [-70.641305, -33.440718], [-70.64132, -33.440742], [-70.641333, -33.440763], [-70.641365, -33.440777], [-70.641387, -33.440787], [-70.641417, -33.440803], [-70.641437, -33.440823], [-70.641458, -33.440833], [-70.641482, -33.440843], [-70.641508, -33.440862], [-70.641525, -33.440885], [-70.64154, -33.440902], [-70.641568, -33.44092], [-70.641592, -33.440935], [-70.641613, -33.44095], [-70.641633, -33.44097], [-70.641655, -33.440988], [-70.641677, -33.441003], [-70.641698, -33.441018], [-70.641722, -33.441033], [-70.641743, -33.44105], [-70.641767, -33.441065], [-70.641788, -33.44108], [-70.641808, -33.441097], [-70.641832, -33.441112], [-70.641853, -33.441127], [-70.641877, -33.44114], [-70.641898, -33.441155], [-70.641922, -33.441168], [-70.641942, -33.441182], [-70.641965, -33.441195], [-70.641987, -33.441207], [-70.64201, -33.44122], [-70.642033, -33.441232], [-70.642055, -33.441247], [-70.642078, -33.441258], [-70.64211, -33.441277], [-70.642128, -33.44129], [-70.64215, -33.441308], [-70.64217, -33.441323], [-70.642193, -33.441335], [-70.642215, -33.441352], [-70.642238, -33.441365], [-70.64226, -33.441377], [-70.642285, -33.441393], [-70.642307, -33.44141], [-70.64232, -33.44142], [-70.642342, -33.441445], [-70.642372, -33.441453], [-70.642395, -33.441465], [-70.642418, -33.441478], [-70.64244, -33.44149], [-70.642462, -33.441507], [-70.642483, -33.441522], [-70.642505, -33.441537], [-70.642528, -33.44155], [-70.642545, -33.441565], [-70.642565, -33.441573], [-70.642592, -33.44158], [-70.642615, -33.441592], [-70.642637, -33.441607], [-70.64266, -33.44162], [-70.642682, -33.441635], [-70.642703, -33.441648], [-70.642723, -33.441662], [-70.642743, -33.44167], [-70.642762, -33.441677], [-70.642782, -33.44168], [-70.642798, -33.441687], [-70.642808, -33.441695], [-70.64282, -33.441707], [-70.642832, -33.441717], [-70.642842, -33.441725], [-70.642848, -33.441737], [-70.642858, -33.441747], [-70.642868, -33.441757], [-70.642885, -33.441767], [-70.6429, -33.44177], [-70.64291, -33.441778], [-70.642923, -33.441787], [-70.642933, -33.44179], [-70.642947, -33.441797], [-70.642958, -33.441807], [-70.64297, -33.441815], [-70.642982, -33.441828], [-70.642993, -33.441838], [-70.643008, -33.441852], [-70.643028, -33.441862], [-70.643037, -33.441863], [-70.643045, -33.44187], [-70.643055, -33.441877], [-70.643063, -33.441882], [-70.643077, -33.441887], [-70.643093, -33.441887], [-70.64311, -33.44189], [-70.643128, -33.441892], [-70.643147, -33.4419], [-70.643167, -33.441907], [-70.643183, -33.441908], [-70.643193, -33.441912], [-70.643205, -33.441915], [-70.643213, -33.441922], [-70.643225, -33.44193], [-70.64324, -33.441938], [-70.643258, -33.441948], [-70.643278, -33.441958], [-70.6433, -33.44197], [-70.643322, -33.441982], [-70.643348, -33.441992], [-70.64337, -33.442002], [-70.643393, -33.442013], [-70.643423, -33.442025], [-70.643447, -33.442035], [-70.643467, -33.442045], [-70.64349, -33.442053], [-70.643522, -33.442065], [-70.643547, -33.442077], [-70.64357, -33.442087], [-70.643588, -33.442095], [-70.643612, -33.442107], [-70.643643, -33.442117], [-70.64367, -33.442122], [-70.643693, -33.44213], [-70.64371, -33.442137], [-70.643728, -33.442143], [-70.643752, -33.44215], [-70.643775, -33.442157], [-70.643797, -33.442165], [-70.643815, -33.442172], [-70.643842, -33.442178], [-70.643865, -33.442185], [-70.64389, -33.442197], [-70.643917, -33.4422], [-70.643942, -33.442208], [-70.643968, -33.442215], [-70.643997, -33.442222], [-70.644023, -33.44223], [-70.644048, -33.442237], [-70.644072, -33.442247], [-70.644097, -33.442255], [-70.644127, -33.442265], [-70.644145, -33.44227], [-70.64417, -33.442277], [-70.644193, -33.442283], [-70.644218, -33.442292], [-70.644245, -33.4423], [-70.644272, -33.44231], [-70.644297, -33.442322], [-70.644322, -33.442333], [-70.644347, -33.442342], [-70.644373, -33.442348], [-70.6444, -33.442358], [-70.644427, -33.442367], [-70.644453, -33.442373], [-70.644477, -33.442383], [-70.644502, -33.44239], [-70.644535, -33.442398], [-70.644557, -33.442405], [-70.644588, -33.442413], [-70.644613, -33.44242], [-70.644633, -33.442428], [-70.644658, -33.442437], [-70.644683, -33.442445], [-70.644712, -33.442453], [-70.644738, -33.442463], [-70.644757, -33.442472], [-70.64478, -33.442478], [-70.644812, -33.442488], [-70.644835, -33.442493], [-70.644853, -33.442495], [-70.64488, -33.442502], [-70.644905, -33.44251], [-70.64494, -33.442517], [-70.644965, -33.442525], [-70.644992, -33.442535], [-70.645017, -33.442547], [-70.645042, -33.442555], [-70.645073, -33.442562], [-70.645102, -33.44257], [-70.645128, -33.442577], [-70.645155, -33.442583], [-70.645182, -33.442588], [-70.64521, -33.442595], [-70.64524, -33.4426], [-70.645267, -33.442608], [-70.645297, -33.442618], [-70.645323, -33.442623], [-70.645347, -33.442628], [-70.645373, -33.44263], [-70.645398, -33.44263], [-70.645423, -33.442633], [-70.645438, -33.442637], [-70.645463, -33.442643], [-70.645488, -33.442655], [-70.645515, -33.442662], [-70.64554, -33.442668], [-70.64557, -33.442675], [-70.6456, -33.442675], [-70.645627, -33.44268], [-70.645653, -33.442687], [-70.645682, -33.44269], [-70.64571, -33.442693], [-70.645738, -33.442698], [-70.645772, -33.442708], [-70.645792, -33.442713], [-70.645815, -33.442715], [-70.645842, -33.44272], [-70.645872, -33.44273], [-70.645897, -33.442737], [-70.645917, -33.44274], [-70.645943, -33.442747], [-70.645968, -33.442753], [-70.645997, -33.44276], [-70.646023, -33.442762], [-70.646053, -33.44276], [-70.646078, -33.44276], [-70.646107, -33.44277], [-70.646135, -33.442778], [-70.646162, -33.442785], [-70.646188, -33.442797], [-70.646218, -33.442802], [-70.646245, -33.442807], [-70.64627, -33.442813], [-70.646297, -33.442817], [-70.646323, -33.442822], [-70.64635, -33.442825], [-70.646377, -33.44283], [-70.646402, -33.442833], [-70.646428, -33.44284], [-70.646455, -33.442845], [-70.646485, -33.44285], [-70.64651, -33.442857], [-70.646532, -33.44286], [-70.646557, -33.442865], [-70.646578, -33.44287], [-70.646607, -33.442873], [-70.646633, -33.442878], [-70.64666, -33.442885], [-70.646687, -33.442892], [-70.646713, -33.442897], [-70.646747, -33.442903], [-70.646773, -33.44291], [-70.646795, -33.442917], [-70.646822, -33.442922], [-70.646847, -33.442927], [-70.646872, -33.442933], [-70.646902, -33.442938], [-70.646922, -33.442945], [-70.646947, -33.442952], [-70.646973, -33.442957], [-70.647005, -33.442965], [-70.647027, -33.442968], [-70.647053, -33.442975], [-70.64708, -33.442982], [-70.647112, -33.442992], [-70.647138, -33.442998], [-70.647165, -33.443003], [-70.647187, -33.443007], [-70.647218, -33.443013], [-70.64724, -33.443017], [-70.64727, -33.443022], [-70.64729, -33.443025], [-70.647318, -33.44303], [-70.647343, -33.443037], [-70.647372, -33.443045], [-70.6474, -33.443053], [-70.647428, -33.443058], [-70.647458, -33.443063], [-70.647492, -33.443072], [-70.64752, -33.443077], [-70.647548, -33.443083], [-70.64757, -33.44309], [-70.6476, -33.443095], [-70.647635, -33.443102], [-70.647667, -33.443107], [-70.64769, -33.443112], [-70.64772, -33.443118], [-70.647748, -33.443122], [-70.647783, -33.443128], [-70.647812, -33.443133], [-70.647833, -33.443137], [-70.64786, -33.443145], [-70.647892, -33.443155], [-70.647912, -33.44316], [-70.647947, -33.443168], [-70.647973, -33.443175], [-70.647995, -33.443182], [-70.648028, -33.44319], [-70.648055, -33.443193], [-70.648078, -33.443198], [-70.648105, -33.443207], [-70.648138, -33.443212], [-70.648162, -33.443215], [-70.648195, -33.443223], [-70.648218, -33.44323], [-70.64825, -33.443237], [-70.648272, -33.443242], [-70.648298, -33.443247], [-70.648325, -33.443252], [-70.648352, -33.443255], [-70.648385, -33.443262], [-70.648407, -33.443267], [-70.648432, -33.443275], [-70.648458, -33.44328], [-70.648483, -33.443287], [-70.64851, -33.44329], [-70.648537, -33.443295], [-70.648562, -33.443298], [-70.648588, -33.443303], [-70.648613, -33.443313], [-70.648637, -33.443318], [-70.648668, -33.443327], [-70.64869, -33.44333], [-70.648715, -33.443337], [-70.648742, -33.443343], [-70.648767, -33.443348], [-70.648798, -33.443353], [-70.64882, -33.44336], [-70.648847, -33.443367], [-70.64887, -33.44337], [-70.648893, -33.44338], [-70.648915, -33.443387], [-70.64894, -33.443397], [-70.648968, -33.443403], [-70.648997, -33.443407], [-70.64902, -33.443413], [-70.649045, -33.44342], [-70.649068, -33.44343], [-70.649093, -33.443438], [-70.649117, -33.443443], [-70.649148, -33.44345], [-70.649175, -33.443457], [-70.649193, -33.443462], [-70.649217, -33.443468], [-70.649248, -33.443478], [-70.649277, -33.443488], [-70.649303, -33.443493], [-70.649322, -33.443503], [-70.649352, -33.443515], [-70.649377, -33.443527], [-70.649408, -33.443535], [-70.649435, -33.44354], [-70.649462, -33.443545], [-70.64949, -33.44355], [-70.649518, -33.443557], [-70.649545, -33.443563], [-70.649577, -33.443572], [-70.649598, -33.443578], [-70.649625, -33.443587], [-70.649652, -33.443593], [-70.64968, -33.443597], [-70.649707, -33.4436], [-70.649735, -33.443605], [-70.64976, -33.443608], [-70.649785, -33.443615], [-70.649807, -33.443623], [-70.649833, -33.443635], [-70.64986, -33.443643], [-70.649892, -33.44365], [-70.649913, -33.443653], [-70.649947, -33.44366], [-70.649975, -33.443667], [-70.650003, -33.443675], [-70.65003, -33.44368], [-70.650058, -33.443685], [-70.650078, -33.443687], [-70.65011, -33.443692], [-70.650138, -33.443702], [-70.650163, -33.443708], [-70.650185, -33.443715], [-70.650222, -33.443727], [-70.650253, -33.443733], [-70.650287, -33.443735], [-70.65031, -33.443742], [-70.650337, -33.443752], [-70.65037, -33.44376], [-70.650398, -33.443772], [-70.650423, -33.443775], [-70.650452, -33.44378], [-70.65048, -33.443783], [-70.650512, -33.44379], [-70.65054, -33.443788], [-70.65057, -33.443797], [-70.650603, -33.443803], [-70.650628, -33.443812], [-70.650655, -33.443818], [-70.650682, -33.443825], [-70.650703, -33.443832], [-70.65073, -33.44384], [-70.650755, -33.443845], [-70.650782, -33.44385], [-70.650813, -33.443858], [-70.65084, -33.443865], [-70.650863, -33.44387], [-70.650895, -33.44388], [-70.650918, -33.443888], [-70.650943, -33.443895], [-70.650975, -33.443903], [-70.651, -33.443908], [-70.651023, -33.443917], [-70.651048, -33.443922], [-70.651073, -33.443928], [-70.651097, -33.443933], [-70.65113, -33.443938], [-70.651157, -33.443943], [-70.651183, -33.44395], [-70.65121, -33.443957], [-70.65123, -33.44396], [-70.65126, -33.443965], [-70.651285, -33.443968], [-70.65131, -33.443968], [-70.651328, -33.443968], [-70.651352, -33.44397], [-70.651368, -33.44397], [-70.651382, -33.443967], [-70.651395, -33.443967], [-70.651408, -33.443967], [-70.651427, -33.443972], [-70.651442, -33.443977], [-70.651457, -33.443977], [-70.651468, -33.443978], [-70.651482, -33.443978], [-70.651495, -33.443978], [-70.651508, -33.443978], [-70.651523, -33.44398], [-70.65154, -33.443983], [-70.651563, -33.443987], [-70.651582, -33.44399], [-70.6516, -33.443993], [-70.651617, -33.443995], [-70.651635, -33.443995], [-70.651653, -33.443993], [-70.651665, -33.443993], [-70.651675, -33.443995], [-70.65169, -33.443993], [-70.651707, -33.443995], [-70.651727, -33.443998], [-70.651743, -33.443993], [-70.651763, -33.443998], [-70.65178, -33.443998], [-70.6518, -33.443993], [-70.651832, -33.444012], [-70.651853, -33.444013], [-70.65188, -33.444018], [-70.651905, -33.444022], [-70.65193, -33.444023], [-70.651962, -33.44403], [-70.651988, -33.444037], [-70.652012, -33.44404], [-70.652035, -33.444048], [-70.65206, -33.444053], [-70.652085, -33.444062], [-70.65211, -33.444068], [-70.652133, -33.44407], [-70.652158, -33.444072], [-70.652185, -33.444073], [-70.652208, -33.444077], [-70.652232, -33.444083], [-70.652257, -33.444088], [-70.652282, -33.444095], [-70.652308, -33.444102], [-70.652332, -33.444108], [-70.652355, -33.444113], [-70.652382, -33.444115], [-70.652407, -33.44412], [-70.65243, -33.444132], [-70.652453, -33.444138], [-70.652477, -33.444145], [-70.6525, -33.444155], [-70.652525, -33.44416], [-70.65255, -33.444167], [-70.652573, -33.444173], [-70.652598, -33.444178], [-70.652625, -33.444183], [-70.652652, -33.444193], [-70.652677, -33.4442], [-70.652702, -33.444205], [-70.652725, -33.444213], [-70.652752, -33.444217], [-70.65278, -33.44422], [-70.652807, -33.444228], [-70.652835, -33.444235], [-70.65286, -33.444243], [-70.652887, -33.444248], [-70.652913, -33.444255], [-70.65294, -33.444267], [-70.652967, -33.444273], [-70.652992, -33.444282], [-70.65302, -33.44429], [-70.653047, -33.444298], [-70.653073, -33.444307], [-70.653098, -33.444315], [-70.653125, -33.444322], [-70.65315, -33.444325], [-70.653178, -33.44433], [-70.653205, -33.444333], [-70.653235, -33.444338], [-70.65326, -33.444343], [-70.653287, -33.444347], [-70.653313, -33.444352], [-70.653342, -33.44436], [-70.653368, -33.444368], [-70.653393, -33.444375], [-70.653423, -33.44438], [-70.65345, -33.444383], [-70.653477, -33.444387], [-70.653502, -33.444392], [-70.653527, -33.444397], [-70.653552, -33.444402], [-70.653578, -33.44441], [-70.653605, -33.444415], [-70.65363, -33.444418], [-70.653657, -33.444418], [-70.653682, -33.444423], [-70.653708, -33.444428], [-70.653733, -33.444435], [-70.653758, -33.444442], [-70.653787, -33.44445], [-70.653813, -33.444458], [-70.653842, -33.444468], [-70.653868, -33.444473], [-70.653898, -33.444478], [-70.653927, -33.444485], [-70.653953, -33.444492], [-70.653982, -33.444497], [-70.65401, -33.444503], [-70.654037, -33.444508], [-70.654065, -33.444512], [-70.65409, -33.44452], [-70.654117, -33.444527], [-70.654143, -33.444533], [-70.654172, -33.444533], [-70.6542, -33.444538], [-70.654225, -33.444543], [-70.654252, -33.444548], [-70.65428, -33.444555], [-70.654308, -33.444558], [-70.654335, -33.444563], [-70.654358, -33.444572], [-70.654383, -33.444583], [-70.65441, -33.444588], [-70.654438, -33.444598], [-70.654467, -33.444603], [-70.654493, -33.444607], [-70.65452, -33.444612], [-70.654547, -33.444615], [-70.654572, -33.444623], [-70.654602, -33.44463], [-70.654632, -33.444635], [-70.654658, -33.444647], [-70.654685, -33.444652], [-70.654712, -33.444653], [-70.654738, -33.444658], [-70.654767, -33.444663], [-70.654795, -33.444668], [-70.654822, -33.444675], [-70.654852, -33.444677], [-70.654878, -33.444683], [-70.654907, -33.44469], [-70.654932, -33.444697], [-70.65496, -33.444705], [-70.65499, -33.44471], [-70.655018, -33.444718], [-70.65505, -33.444727], [-70.655078, -33.444732], [-70.655108, -33.444737], [-70.655138, -33.44474], [-70.655168, -33.44475], [-70.655195, -33.444757], [-70.655223, -33.444763], [-70.65525, -33.44477], [-70.655277, -33.444775], [-70.6553, -33.444782], [-70.655327, -33.444788], [-70.655353, -33.4448], [-70.65538, -33.444808], [-70.65541, -33.444818], [-70.655438, -33.444827], [-70.655467, -33.44483], [-70.655497, -33.444837], [-70.655527, -33.444842], [-70.655558, -33.444852], [-70.655592, -33.44486], [-70.65562, -33.444863], [-70.655647, -33.444865], [-70.655673, -33.44487], [-70.6557, -33.444877], [-70.655725, -33.444887], [-70.655752, -33.444893], [-70.655773, -33.444898], [-70.6558, -33.4449], [-70.655823, -33.444907], [-70.655848, -33.444913], [-70.655868, -33.444915], [-70.655885, -33.444915], [-70.655907, -33.44492], [-70.655922, -33.444923], [-70.655933, -33.444922], [-70.655952, -33.44492], [-70.655972, -33.44492], [-70.655992, -33.444923], [-70.656007, -33.444927], [-70.65602, -33.444928], [-70.656037, -33.444928], [-70.656053, -33.44493], [-70.656067, -33.44493], [-70.656078, -33.444932], [-70.656095, -33.44494], [-70.656112, -33.444947], [-70.65613, -33.44496], [-70.656145, -33.444967], [-70.65616, -33.444967], [-70.656175, -33.444972], [-70.65619, -33.444982], [-70.65621, -33.44499], [-70.656228, -33.444998], [-70.656248, -33.445007], [-70.656265, -33.445005], [-70.65628, -33.445007], [-70.656293, -33.445], [-70.656307, -33.445003], [-70.656322, -33.445008], [-70.65634, -33.445015], [-70.656365, -33.445032], [-70.656387, -33.445037], [-70.656415, -33.445047], [-70.656442, -33.445055], [-70.656467, -33.445063], [-70.656493, -33.445077], [-70.656522, -33.445075], [-70.656548, -33.445078], [-70.656575, -33.445082], [-70.656602, -33.445085], [-70.656625, -33.445085], [-70.656653, -33.445088], [-70.65668, -33.445093], [-70.656707, -33.4451], [-70.656733, -33.445108], [-70.656762, -33.445115], [-70.656787, -33.445118], [-70.656813, -33.445125], [-70.65684, -33.445133], [-70.656868, -33.445142], [-70.656893, -33.445152], [-70.656922, -33.445157], [-70.656948, -33.445163], [-70.656973, -33.445172], [-70.657, -33.445177], [-70.657023, -33.445182], [-70.657048, -33.445188], [-70.657077, -33.445197], [-70.657103, -33.445205], [-70.657132, -33.445212], [-70.657157, -33.44522], [-70.657185, -33.445227], [-70.65721, -33.445232], [-70.657237, -33.44524], [-70.657263, -33.445247], [-70.65729, -33.445253], [-70.657318, -33.445258], [-70.657343, -33.445262], [-70.657372, -33.445263], [-70.657398, -33.445267], [-70.657425, -33.445273], [-70.65745, -33.44528], [-70.657477, -33.445287], [-70.657505, -33.445297], [-70.65753, -33.445302], [-70.657557, -33.44531], [-70.657582, -33.445315], [-70.657608, -33.445322], [-70.657633, -33.445328], [-70.657663, -33.445338], [-70.65769, -33.445345], [-70.657713, -33.445348], [-70.657738, -33.44535], [-70.657762, -33.44535], [-70.657787, -33.445352], [-70.657812, -33.445355], [-70.657835, -33.445357], [-70.65786, -33.445368], [-70.657887, -33.445372], [-70.657915, -33.44538], [-70.657943, -33.445388], [-70.657968, -33.445393], [-70.657992, -33.445402], [-70.658017, -33.445408], [-70.658038, -33.445415], [-70.65806, -33.445423], [-70.658083, -33.44543], [-70.658105, -33.445432], [-70.658132, -33.445437], [-70.658155, -33.445443], [-70.658182, -33.445448], [-70.65821, -33.445455], [-70.658237, -33.445462], [-70.658263, -33.445465], [-70.658287, -33.445472], [-70.65831, -33.445477], [-70.65833, -33.445482], [-70.658355, -33.445488], [-70.658382, -33.445497], [-70.65842, -33.445505], [-70.658445, -33.445515], [-70.658465, -33.445522], [-70.658492, -33.445532], [-70.658525, -33.445538], [-70.658552, -33.445543], [-70.65858, -33.445547], [-70.658607, -33.445552], [-70.658633, -33.445557], [-70.658663, -33.445562], [-70.65869, -33.445568], [-70.658717, -33.445575], [-70.658745, -33.445583], [-70.658772, -33.445592], [-70.658798, -33.445598], [-70.658822, -33.445605], [-70.658847, -33.445612], [-70.658875, -33.445617], [-70.658902, -33.445622], [-70.65893, -33.445628], [-70.658958, -33.445637], [-70.658985, -33.445643], [-70.65901, -33.44565], [-70.659037, -33.445655], [-70.659063, -33.445663], [-70.659092, -33.44567], [-70.65912, -33.445673], [-70.65915, -33.44568], [-70.65918, -33.445685], [-70.659208, -33.445692], [-70.659238, -33.445695], [-70.659268, -33.4457], [-70.659298, -33.445707], [-70.659327, -33.445713], [-70.659357, -33.44572], [-70.659387, -33.445727], [-70.659417, -33.445732], [-70.659447, -33.445738], [-70.659478, -33.445745], [-70.659505, -33.445753], [-70.659535, -33.44576], [-70.659565, -33.445765], [-70.659595, -33.445768], [-70.659623, -33.445772], [-70.659652, -33.445777], [-70.65968, -33.445787], [-70.659708, -33.44579], [-70.659737, -33.445797], [-70.659763, -33.445803], [-70.659788, -33.445805], [-70.659815, -33.445812], [-70.659842, -33.445818], [-70.659863, -33.445825], [-70.659882, -33.445827], [-70.659898, -33.445833], [-70.659912, -33.44584], [-70.659923, -33.445843], [-70.659937, -33.445848], [-70.659955, -33.445852], [-70.659972, -33.445852], [-70.659985, -33.445855], [-70.659998, -33.44586], [-70.660013, -33.445862], [-70.660027, -33.445863], [-70.660042, -33.44587], [-70.660055, -33.445875], [-70.66007, -33.44588], [-70.660087, -33.445887], [-70.660102, -33.445893], [-70.66012, -33.445902], [-70.660145, -33.445908], [-70.66017, -33.445913], [-70.66019, -33.445918], [-70.660212, -33.44592], [-70.660232, -33.445925], [-70.66025, -33.445932], [-70.66027, -33.445938], [-70.660287, -33.445942], [-70.660307, -33.44594], [-70.660322, -33.44594], [-70.660338, -33.44594], [-70.660353, -33.445942], [-70.660368, -33.445943], [-70.660385, -33.445945], [-70.660393, -33.445948], [-70.660405, -33.445953], [-70.660413, -33.445953], [-70.660432, -33.44596], [-70.660453, -33.44597], [-70.66047, -33.445977], [-70.660487, -33.44598], [-70.660505, -33.445985], [-70.660525, -33.44599], [-70.660547, -33.445995], [-70.66057, -33.446], [-70.660595, -33.446005], [-70.66062, -33.44601], [-70.660647, -33.446015], [-70.660675, -33.446018], [-70.6607, -33.446025], [-70.660727, -33.446032], [-70.66075, -33.44604], [-70.660775, -33.446047], [-70.660798, -33.446055], [-70.66082, -33.44606], [-70.660843, -33.446067], [-70.66087, -33.446075], [-70.660893, -33.446082], [-70.66092, -33.446085], [-70.660947, -33.44609], [-70.660972, -33.446098], [-70.660995, -33.446105], [-70.66102, -33.446108], [-70.66104, -33.446113], [-70.661062, -33.446122], [-70.661085, -33.44613], [-70.661112, -33.446142], [-70.66114, -33.44615], [-70.661168, -33.446153], [-70.661195, -33.446158], [-70.661218, -33.446162], [-70.661243, -33.446168], [-70.661267, -33.446175], [-70.66129, -33.446182], [-70.661313, -33.446187], [-70.661338, -33.446195], [-70.661358, -33.446202], [-70.661382, -33.44621], [-70.661407, -33.446217], [-70.661432, -33.44622], [-70.661455, -33.446222], [-70.66148, -33.446225], [-70.661503, -33.446228], [-70.66153, -33.44623], [-70.661557, -33.446233], [-70.661585, -33.446237], [-70.66161, -33.44624], [-70.661637, -33.446243], [-70.661663, -33.446247], [-70.66169, -33.446252], [-70.661715, -33.446262], [-70.661743, -33.44627], [-70.661772, -33.446273], [-70.661798, -33.446278], [-70.661827, -33.446287], [-70.661853, -33.446295], [-70.66188, -33.446302], [-70.661907, -33.446312], [-70.661932, -33.446317], [-70.661957, -33.446318], [-70.661982, -33.446325], [-70.662008, -33.446333], [-70.662035, -33.446342], [-70.662063, -33.446348], [-70.662088, -33.446352], [-70.662113, -33.446358], [-70.662135, -33.446362], [-70.662158, -33.446367], [-70.662183, -33.446375], [-70.662213, -33.446385], [-70.662243, -33.446393], [-70.662268, -33.4464], [-70.662297, -33.446408], [-70.662318, -33.446415], [-70.662338, -33.446423], [-70.66235, -33.446425], [-70.662373, -33.446423], [-70.662408, -33.446423], [-70.66244, -33.446427], [-70.66247, -33.446435], [-70.662498, -33.446447], [-70.662525, -33.446458], [-70.662545, -33.44646], [-70.66256, -33.446467], [-70.66258, -33.446468], [-70.662598, -33.446467], [-70.662612, -33.446475], [-70.662622, -33.446488], [-70.662632, -33.4465], [-70.662645, -33.44651], [-70.662663, -33.44651], [-70.662683, -33.446517], [-70.662697, -33.446515], [-70.66271, -33.446513], [-70.662722, -33.446513], [-70.662732, -33.446522], [-70.662747, -33.446528], [-70.662762, -33.446532], [-70.662783, -33.446533], [-70.662803, -33.446535], [-70.662823, -33.446537], [-70.662847, -33.446542], [-70.662872, -33.446547], [-70.662897, -33.446553], [-70.662925, -33.446558], [-70.662953, -33.446563], [-70.662985, -33.446573], [-70.663012, -33.446582], [-70.663042, -33.446597], [-70.66307, -33.446608], [-70.6631, -33.446623], [-70.663127, -33.446635], [-70.66315, -33.446637], [-70.663175, -33.446638], [-70.663203, -33.446645], [-70.663233, -33.446655], [-70.663267, -33.446665], [-70.663295, -33.446675], [-70.66332, -33.44669], [-70.663345, -33.446697], [-70.663372, -33.446703], [-70.663405, -33.446707], [-70.663433, -33.446718], [-70.66346, -33.446727], [-70.663487, -33.446732], [-70.663515, -33.446737], [-70.66354, -33.446742], [-70.66357, -33.446748], [-70.663598, -33.446752], [-70.663623, -33.446757], [-70.663647, -33.446762], [-70.663673, -33.446765], [-70.663698, -33.44677], [-70.663723, -33.446778], [-70.66375, -33.446785], [-70.663778, -33.446795], [-70.663805, -33.4468], [-70.663832, -33.446807], [-70.663858, -33.44681], [-70.663885, -33.446813], [-70.66391, -33.446817], [-70.663937, -33.446822], [-70.663967, -33.446828], [-70.663993, -33.446835], [-70.66402, -33.446842], [-70.664048, -33.446845], [-70.664075, -33.44685], [-70.664103, -33.446852], [-70.66413, -33.446858], [-70.66416, -33.446865], [-70.66419, -33.446867], [-70.664217, -33.446868], [-70.664245, -33.446872], [-70.664272, -33.446872], [-70.664297, -33.446872], [-70.664323, -33.446875], [-70.664355, -33.446882], [-70.664383, -33.446887], [-70.664413, -33.446895], [-70.66444, -33.446902], [-70.664465, -33.446908], [-70.664492, -33.446915], [-70.664515, -33.44692], [-70.66454, -33.446928], [-70.664565, -33.446937], [-70.664588, -33.446942], [-70.664612, -33.44695], [-70.664635, -33.44696], [-70.664657, -33.446967], [-70.664673, -33.446982], [-70.66469, -33.446998], [-70.664703, -33.447015], [-70.664713, -33.447033], [-70.664723, -33.447055], [-70.664728, -33.447075], [-70.664733, -33.447097], [-70.664738, -33.447118], [-70.664743, -33.44714], [-70.664748, -33.44716], [-70.664755, -33.447178], [-70.664763, -33.447198], [-70.664772, -33.447218], [-70.66478, -33.447242], [-70.664785, -33.447263], [-70.664793, -33.447285], [-70.664802, -33.447307], [-70.664805, -33.447332], [-70.66481, -33.447355], [-70.664815, -33.447378], [-70.664817, -33.447403], [-70.664818, -33.447428], [-70.66482, -33.447452], [-70.664825, -33.447475], [-70.664825, -33.447498], [-70.664827, -33.447522], [-70.66483, -33.447543], [-70.664833, -33.447568], [-70.664837, -33.44759], [-70.664838, -33.447617], [-70.664837, -33.44764], [-70.66484, -33.447667], [-70.664838, -33.44769], [-70.664838, -33.447713], [-70.664837, -33.447735], [-70.664837, -33.447757], [-70.664833, -33.447778], [-70.664832, -33.447797], [-70.664832, -33.447815], [-70.664833, -33.447832], [-70.664828, -33.447843], [-70.664827, -33.447853], [-70.664825, -33.447865], [-70.664818, -33.447877], [-70.664817, -33.447887], [-70.664813, -33.447898], [-70.664812, -33.44791], [-70.664808, -33.447922], [-70.664802, -33.447937], [-70.664795, -33.447952], [-70.664788, -33.447965], [-70.664782, -33.44798], [-70.664778, -33.447995], [-70.664773, -33.448008], [-70.664768, -33.448022], [-70.664772, -33.448035], [-70.664775, -33.448048], [-70.664777, -33.448058], [-70.664777, -33.44807], [-70.66478, -33.448082], [-70.664775, -33.4481], [-70.664777, -33.448112], [-70.664788, -33.44812], [-70.66479, -33.448135], [-70.664787, -33.448143], [-70.664783, -33.448155], [-70.66478, -33.448168], [-70.664778, -33.448182], [-70.664775, -33.448195], [-70.66477, -33.448208], [-70.664765, -33.44822], [-70.664765, -33.448233], [-70.664765, -33.448248], [-70.664767, -33.44826], [-70.664768, -33.448273], [-70.664767, -33.448282], [-70.664765, -33.44829], [-70.664762, -33.4483], [-70.66476, -33.448312], [-70.664757, -33.448327], [-70.66475, -33.448338], [-70.664745, -33.44835], [-70.66474, -33.448362], [-70.664735, -33.448375], [-70.664738, -33.448388], [-70.664738, -33.448402], [-70.664742, -33.448412], [-70.664745, -33.448422], [-70.664745, -33.448433], [-70.664745, -33.448443], [-70.664748, -33.448453], [-70.664752, -33.448463], [-70.66475, -33.44847], [-70.664748, -33.448478], [-70.664743, -33.448487], [-70.66474, -33.448493], [-70.664738, -33.4485], [-70.66474, -33.44851], [-70.66474, -33.448518], [-70.66474, -33.448527], [-70.664742, -33.448538], [-70.664742, -33.448552], [-70.664737, -33.448563], [-70.664743, -33.448568], [-70.664747, -33.44857], [-70.664747, -33.448575], [-70.66475, -33.448583], [-70.664757, -33.448597], [-70.66476, -33.44861], [-70.664762, -33.448622], [-70.66476, -33.448633], [-70.664762, -33.448645], [-70.66476, -33.448652], [-70.664753, -33.448665], [-70.664747, -33.448677], [-70.664747, -33.448692], [-70.664745, -33.448703], [-70.664742, -33.448715], [-70.664738, -33.448727], [-70.664733, -33.448738], [-70.66473, -33.44875], [-70.664727, -33.448765], [-70.664727, -33.448782], [-70.664727, -33.448797], [-70.664727, -33.448815], [-70.664725, -33.448828], [-70.664725, -33.448842], [-70.664718, -33.448855], [-70.664715, -33.448872], [-70.664713, -33.448883], [-70.664717, -33.448897], [-70.66472, -33.448912], [-70.664723, -33.448925], [-70.664723, -33.448938], [-70.664723, -33.448952], [-70.664723, -33.448963], [-70.664722, -33.448977], [-70.664718, -33.448992], [-70.664718, -33.449007], [-70.66472, -33.449022], [-70.66472, -33.44904], [-70.664722, -33.449057], [-70.664725, -33.449073], [-70.664727, -33.449087], [-70.664728, -33.4491], [-70.664728, -33.449112], [-70.664728, -33.449125], [-70.66473, -33.44914], [-70.66473, -33.449155], [-70.664732, -33.44917], [-70.664733, -33.449187], [-70.664727, -33.449203], [-70.664725, -33.449217], [-70.664728, -33.449228], [-70.66473, -33.449243], [-70.664728, -33.44926], [-70.664728, -33.449278], [-70.664725, -33.449298], [-70.664723, -33.449322], [-70.66472, -33.449343], [-70.664717, -33.449365], [-70.664715, -33.449387], [-70.664717, -33.449408], [-70.664718, -33.449427], [-70.664718, -33.449455], [-70.664718, -33.449477], [-70.664718, -33.4495], [-70.664718, -33.449523], [-70.664717, -33.449547], [-70.664715, -33.44957], [-70.664712, -33.449593], [-70.664705, -33.449615], [-70.664702, -33.44964], [-70.6647, -33.449662], [-70.6647, -33.449683], [-70.664698, -33.449707], [-70.664697, -33.44973], [-70.664697, -33.449752], [-70.664697, -33.449777], [-70.664695, -33.449797], [-70.664697, -33.44982], [-70.664695, -33.449845], [-70.664692, -33.44987], [-70.664692, -33.449895], [-70.66469, -33.449917], [-70.664692, -33.44994], [-70.664692, -33.449957], [-70.664693, -33.449985], [-70.664692, -33.450008], [-70.664693, -33.450035], [-70.664692, -33.450058], [-70.66469, -33.45008], [-70.664688, -33.450103], [-70.664688, -33.450127], [-70.664688, -33.450148], [-70.664688, -33.450172], [-70.664688, -33.450197], [-70.66469, -33.450222], [-70.664692, -33.450247], [-70.664693, -33.450272], [-70.664697, -33.450298], [-70.664698, -33.450322], [-70.664702, -33.450345], [-70.664703, -33.450367], [-70.664702, -33.45039], [-70.6647, -33.450415], [-70.6647, -33.45044], [-70.664698, -33.450462], [-70.664695, -33.450485], [-70.664692, -33.45051], [-70.664688, -33.450533], [-70.664685, -33.450557], [-70.66468, -33.450575], [-70.66468, -33.450597], [-70.664675, -33.450617], [-70.66467, -33.450637], [-70.66466, -33.450657], [-70.664655, -33.450677], [-70.66465, -33.4507], [-70.664645, -33.450722], [-70.66464, -33.450745], [-70.664635, -33.450768], [-70.66463, -33.45079], [-70.664625, -33.450812], [-70.664618, -33.450833], [-70.664608, -33.450855], [-70.664605, -33.450875], [-70.664603, -33.450898], [-70.664602, -33.45092], [-70.664602, -33.450947], [-70.664598, -33.450962], [-70.664598, -33.450987], [-70.664603, -33.45101], [-70.664602, -33.451033], [-70.664598, -33.45105], [-70.664593, -33.45107], [-70.66459, -33.451092], [-70.66459, -33.45111], [-70.664585, -33.451137], [-70.66458, -33.451162], [-70.664575, -33.451182], [-70.66457, -33.451202], [-70.664567, -33.451222], [-70.664565, -33.45124], [-70.664562, -33.451258], [-70.664558, -33.451277], [-70.664558, -33.451292], [-70.664557, -33.451305], [-70.664555, -33.45132], [-70.664553, -33.451333], [-70.664555, -33.451348], [-70.664553, -33.451363], [-70.664547, -33.451375], [-70.664542, -33.451387], [-70.664537, -33.451402], [-70.66453, -33.451415], [-70.664527, -33.451435], [-70.664522, -33.451455], [-70.664517, -33.451477], [-70.664512, -33.451493], [-70.664508, -33.451513], [-70.664503, -33.451533], [-70.664502, -33.451555], [-70.664493, -33.451572], [-70.664485, -33.451593], [-70.664475, -33.45161], [-70.664473, -33.451627], [-70.664472, -33.451647], [-70.664468, -33.45167], [-70.664462, -33.451692], [-70.664458, -33.45171], [-70.664448, -33.451727], [-70.66444, -33.451747], [-70.664437, -33.451763], [-70.664433, -33.451782], [-70.664435, -33.451798], [-70.664433, -33.451817], [-70.664432, -33.451833], [-70.66443, -33.451845], [-70.664425, -33.451863], [-70.664417, -33.451882], [-70.66441, -33.451902], [-70.664413, -33.451923], [-70.664417, -33.451947], [-70.66442, -33.45197], [-70.664423, -33.451993], [-70.664422, -33.452013], [-70.66442, -33.452042], [-70.66442, -33.452065], [-70.66442, -33.452085], [-70.664417, -33.452108], [-70.664417, -33.452132], [-70.664415, -33.452153], [-70.664413, -33.45218], [-70.664412, -33.452202], [-70.66441, -33.452225], [-70.664407, -33.452247], [-70.664407, -33.452268], [-70.664408, -33.452292], [-70.664407, -33.452315], [-70.664408, -33.452338], [-70.664407, -33.452362], [-70.664403, -33.452385], [-70.664405, -33.452408], [-70.664403, -33.452432], [-70.6644, -33.452458], [-70.6644, -33.45248], [-70.664397, -33.452505], [-70.664393, -33.452527], [-70.66439, -33.452552], [-70.664392, -33.452578], [-70.66439, -33.452605], [-70.664388, -33.452632], [-70.664385, -33.452657], [-70.664383, -33.452683], [-70.664383, -33.452707], [-70.664383, -33.452733], [-70.664382, -33.452757], [-70.664382, -33.45278], [-70.664382, -33.452802], [-70.664375, -33.45282], [-70.664372, -33.452838], [-70.664368, -33.452855], [-70.664363, -33.452878], [-70.66436, -33.452902], [-70.664353, -33.452922], [-70.66435, -33.452943], [-70.66435, -33.452967], [-70.66435, -33.452988], [-70.664343, -33.45301], [-70.664342, -33.453037], [-70.664335, -33.45306], [-70.664328, -33.453085], [-70.664327, -33.45311], [-70.664328, -33.453133], [-70.664332, -33.453162], [-70.664333, -33.453182], [-70.664327, -33.4532], [-70.664325, -33.453222], [-70.664328, -33.453245], [-70.664327, -33.453263], [-70.664322, -33.453285], [-70.664317, -33.453303], [-70.664313, -33.453323], [-70.66431, -33.453343], [-70.66431, -33.453363], [-70.664313, -33.453387], [-70.664315, -33.453408], [-70.664313, -33.453432], [-70.664313, -33.453448], [-70.664308, -33.453468], [-70.664307, -33.453488], [-70.66431, -33.453517], [-70.66431, -33.453542], [-70.664303, -33.453563], [-70.664302, -33.453582], [-70.664298, -33.4536], [-70.664293, -33.453615], [-70.664287, -33.45363], [-70.664287, -33.453652], [-70.664282, -33.45368], [-70.664282, -33.453703], [-70.66428, -33.453732], [-70.664278, -33.453755], [-70.66428, -33.453775], [-70.664277, -33.453795], [-70.664272, -33.453822], [-70.66427, -33.453852], [-70.66427, -33.453875], [-70.664267, -33.4539], [-70.664262, -33.453927], [-70.66426, -33.453953], [-70.664252, -33.453985], [-70.66425, -33.454013], [-70.66425, -33.454035], [-70.664252, -33.454057], [-70.664253, -33.454082], [-70.664252, -33.454107], [-70.664248, -33.454127], [-70.664248, -33.454142], [-70.664248, -33.454165], [-70.664243, -33.454197], [-70.664245, -33.454217], [-70.664245, -33.454232], [-70.664243, -33.454255], [-70.66424, -33.454282], [-70.664242, -33.454297], [-70.664238, -33.45432], [-70.664237, -33.454342], [-70.664237, -33.454365], [-70.664235, -33.454388], [-70.664233, -33.454413], [-70.664233, -33.454433], [-70.664232, -33.454455], [-70.664228, -33.454477], [-70.664225, -33.4545], [-70.664223, -33.454523], [-70.664223, -33.454547], [-70.664225, -33.454567], [-70.664225, -33.45459], [-70.664225, -33.454612], [-70.664225, -33.454635], [-70.664225, -33.454657], [-70.664222, -33.454678], [-70.664218, -33.454697], [-70.664215, -33.45472], [-70.66421, -33.454747], [-70.664208, -33.454767], [-70.664208, -33.454785], [-70.66421, -33.454812], [-70.66421, -33.454833], [-70.664207, -33.454855], [-70.664205, -33.45488], [-70.664203, -33.454903], [-70.664202, -33.454927], [-70.6642, -33.454948], [-70.664198, -33.45497], [-70.664197, -33.454992], [-70.664195, -33.455017], [-70.664192, -33.455042], [-70.664188, -33.455063], [-70.664183, -33.455088], [-70.664182, -33.45511], [-70.66418, -33.45513], [-70.66418, -33.455153], [-70.664175, -33.455173], [-70.664168, -33.455193], [-70.664162, -33.455213], [-70.66416, -33.455235], [-70.664163, -33.45526], [-70.664162, -33.455282], [-70.664165, -33.455307], [-70.664162, -33.455328], [-70.664157, -33.455353], [-70.664153, -33.455378], [-70.664145, -33.4554], [-70.66414, -33.455423], [-70.664133, -33.455443], [-70.66413, -33.455463], [-70.664128, -33.455482], [-70.664125, -33.455503], [-70.664125, -33.455527], [-70.664127, -33.455552], [-70.664125, -33.455575], [-70.664125, -33.455602], [-70.664123, -33.455625], [-70.664122, -33.45565], [-70.664118, -33.455672], [-70.664118, -33.455692], [-70.664118, -33.455713], [-70.664117, -33.455732], [-70.664117, -33.455757], [-70.664113, -33.455777], [-70.66411, -33.4558], [-70.664107, -33.455823], [-70.664105, -33.45585], [-70.664103, -33.455872], [-70.664102, -33.455898], [-70.6641, -33.45592], [-70.664097, -33.455942], [-70.664097, -33.455963], [-70.664095, -33.455987], [-70.66409, -33.456007], [-70.664088, -33.456025], [-70.664087, -33.456043], [-70.664087, -33.456065], [-70.664083, -33.456087], [-70.664082, -33.456108], [-70.664078, -33.456132], [-70.664073, -33.456155], [-70.66407, -33.456178], [-70.664067, -33.456203], [-70.664063, -33.456228], [-70.664062, -33.456252], [-70.664058, -33.456273], [-70.664055, -33.456297], [-70.664052, -33.456318], [-70.664048, -33.456345], [-70.664045, -33.456368], [-70.664043, -33.456392], [-70.664043, -33.456412], [-70.664042, -33.456435], [-70.66404, -33.456457], [-70.664038, -33.456482], [-70.664035, -33.456503], [-70.664035, -33.456525], [-70.664035, -33.456548], [-70.66403, -33.456572], [-70.664027, -33.456593], [-70.664025, -33.456617], [-70.664023, -33.456642], [-70.664018, -33.456665], [-70.664013, -33.456688], [-70.664008, -33.45671], [-70.664007, -33.456732], [-70.664005, -33.456753], [-70.664005, -33.456775], [-70.664003, -33.456795], [-70.664003, -33.456817], [-70.664, -33.456838], [-70.663997, -33.456862], [-70.663993, -33.456885], [-70.66399, -33.456908], [-70.663987, -33.45693], [-70.663983, -33.456952], [-70.663978, -33.456973], [-70.663968, -33.456993], [-70.66396, -33.457013], [-70.663953, -33.457037], [-70.663948, -33.457062], [-70.663942, -33.457082], [-70.663937, -33.457107], [-70.663933, -33.45713], [-70.66393, -33.457153], [-70.663923, -33.457177], [-70.663918, -33.457198], [-70.663912, -33.45722], [-70.663905, -33.457242], [-70.663903, -33.457263], [-70.663898, -33.457285], [-70.663892, -33.457305], [-70.66389, -33.457325], [-70.66389, -33.457347], [-70.66389, -33.457367], [-70.66389, -33.45739], [-70.663893, -33.457412], [-70.663893, -33.457433], [-70.663893, -33.457453], [-70.663893, -33.457472], [-70.663897, -33.457493], [-70.663898, -33.457512], [-70.663898, -33.457533], [-70.663893, -33.457555], [-70.663893, -33.457575], [-70.663892, -33.457595], [-70.663892, -33.457613], [-70.663888, -33.457635], [-70.663887, -33.457658], [-70.663885, -33.457677], [-70.663885, -33.457693], [-70.663882, -33.457715], [-70.663878, -33.457735], [-70.663875, -33.457757], [-70.663873, -33.457777], [-70.663863, -33.4578], [-70.663858, -33.457827], [-70.66386, -33.457848], [-70.663857, -33.457872], [-70.663857, -33.457893], [-70.663857, -33.457915], [-70.663855, -33.457935], [-70.663857, -33.457952], [-70.663857, -33.457972], [-70.663855, -33.457992], [-70.663858, -33.458018], [-70.663858, -33.458045], [-70.663862, -33.458068], [-70.663862, -33.458093], [-70.663865, -33.45812], [-70.663868, -33.458145], [-70.663878, -33.458173], [-70.663878, -33.458203], [-70.66388, -33.45823], [-70.663882, -33.458252], [-70.663883, -33.458275], [-70.663883, -33.4583], [-70.663887, -33.458322], [-70.663887, -33.458348], [-70.66389, -33.45837], [-70.663893, -33.458395], [-70.6639, -33.458415], [-70.663905, -33.458437], [-70.663915, -33.45846], [-70.663927, -33.458483], [-70.66394, -33.458503], [-70.663955, -33.458523], [-70.663965, -33.458543], [-70.663973, -33.458563], [-70.663975, -33.458585], [-70.663973, -33.458607], [-70.663965, -33.45863], [-70.66396, -33.458648], [-70.663955, -33.458667], [-70.66395, -33.458693], [-70.663947, -33.458712], [-70.663945, -33.458737], [-70.663943, -33.458758], [-70.66394, -33.458782], [-70.66394, -33.458805], [-70.663935, -33.458828], [-70.66393, -33.458845], [-70.663925, -33.458868], [-70.663918, -33.45889], [-70.663912, -33.458915], [-70.663902, -33.458935], [-70.663895, -33.45896], [-70.663885, -33.458993], [-70.66388, -33.45902], [-70.663875, -33.459042], [-70.66387, -33.459068], [-70.663865, -33.459085], [-70.663863, -33.459107], [-70.663865, -33.45913], [-70.663863, -33.45915], [-70.663862, -33.45917], [-70.663863, -33.45919], [-70.663853, -33.459212], [-70.663858, -33.459233], [-70.663865, -33.459253], [-70.663865, -33.459268], [-70.663863, -33.45929], [-70.663863, -33.45931], [-70.663857, -33.459332], [-70.663855, -33.459355], [-70.663855, -33.459377], [-70.66385, -33.459405], [-70.663847, -33.459427], [-70.663847, -33.459452], [-70.663847, -33.459472], [-70.663843, -33.459493], [-70.66384, -33.459512], [-70.663838, -33.459537], [-70.663838, -33.459558], [-70.663838, -33.459575], [-70.66384, -33.459593], [-70.66384, -33.459612], [-70.663842, -33.45964], [-70.663845, -33.459663], [-70.663843, -33.459687], [-70.663845, -33.459707], [-70.663847, -33.459723], [-70.663845, -33.459752], [-70.663847, -33.459772], [-70.663845, -33.459792], [-70.663842, -33.459807], [-70.66384, -33.459832], [-70.66384, -33.459852], [-70.663848, -33.459867], [-70.663855, -33.45988], [-70.663855, -33.45989], [-70.663853, -33.459903], [-70.663848, -33.459915], [-70.663845, -33.459923], [-70.663837, -33.459942], [-70.663833, -33.459957], [-70.663833, -33.459973], [-70.663833, -33.459988], [-70.663835, -33.460005], [-70.663835, -33.46002], [-70.663832, -33.460032], [-70.663832, -33.46005], [-70.663827, -33.460068], [-70.663822, -33.46008], [-70.663823, -33.46009], [-70.663827, -33.460102], [-70.66383, -33.460117], [-70.663823, -33.460132], [-70.663817, -33.460152], [-70.663815, -33.460168], [-70.663815, -33.460182], [-70.663815, -33.460193], [-70.663812, -33.460203], [-70.663808, -33.460217], [-70.663808, -33.460235], [-70.663808, -33.460255], [-70.663808, -33.460275], [-70.663807, -33.460292], [-70.663805, -33.46031], [-70.663802, -33.460337], [-70.6638, -33.46036], [-70.6638, -33.460382], [-70.663798, -33.460405], [-70.663798, -33.460425], [-70.663798, -33.460453], [-70.663797, -33.460477], [-70.663797, -33.460498], [-70.66379, -33.460527], [-70.663785, -33.460545], [-70.663785, -33.460573], [-70.663787, -33.460593], [-70.663788, -33.460615], [-70.663788, -33.460635], [-70.663788, -33.460662], [-70.663785, -33.460683], [-70.663785, -33.460707], [-70.663785, -33.460727], [-70.663783, -33.460752], [-70.663783, -33.460775], [-70.663785, -33.460798], [-70.663788, -33.460815], [-70.663787, -33.46084], [-70.663785, -33.460863], [-70.663783, -33.460888], [-70.663783, -33.460908], [-70.663783, -33.460925], [-70.663785, -33.46095], [-70.663787, -33.46097], [-70.663788, -33.460993], [-70.66379, -33.461012], [-70.66379, -33.461033], [-70.663788, -33.461052], [-70.663788, -33.461072], [-70.663788, -33.461093], [-70.663785, -33.461117], [-70.663785, -33.461135], [-70.663785, -33.461155], [-70.663787, -33.461172], [-70.66379, -33.461192], [-70.663792, -33.461217], [-70.663793, -33.461235], [-70.663792, -33.461258], [-70.663787, -33.461282], [-70.663782, -33.461302], [-70.663773, -33.461322], [-70.66377, -33.461342], [-70.663757, -33.461375], [-70.663755, -33.461402], [-70.663748, -33.461422], [-70.663748, -33.461447], [-70.663745, -33.461472], [-70.66375, -33.461492], [-70.663755, -33.461512], [-70.663753, -33.461527], [-70.663755, -33.461548], [-70.663762, -33.461577], [-70.663762, -33.461603], [-70.663762, -33.461633], [-70.663765, -33.46166], [-70.663762, -33.46168], [-70.66376, -33.461713], [-70.663755, -33.461723], [-70.663753, -33.461743], [-70.663753, -33.46176], [-70.663752, -33.461782], [-70.663752, -33.461808], [-70.663752, -33.461828], [-70.663752, -33.461847], [-70.66375, -33.46186], [-70.663755, -33.461878], [-70.663758, -33.461898], [-70.663762, -33.461913], [-70.663763, -33.461927], [-70.663763, -33.461942], [-70.663757, -33.46196], [-70.66375, -33.461973], [-70.663738, -33.461985], [-70.663735, -33.461995], [-70.663733, -33.462007], [-70.663737, -33.462023], [-70.66374, -33.462033], [-70.663737, -33.462045], [-70.663738, -33.462062], [-70.663735, -33.462085], [-70.663733, -33.462105], [-70.66373, -33.462135], [-70.663727, -33.46216], [-70.663727, -33.462185], [-70.663728, -33.462207], [-70.663722, -33.46223], [-70.663718, -33.462262], [-70.663723, -33.462287], [-70.663723, -33.462305], [-70.663723, -33.462337], [-70.663728, -33.462362], [-70.66373, -33.462385], [-70.663733, -33.462405], [-70.663733, -33.462427], [-70.663735, -33.46245], [-70.663733, -33.46248], [-70.663732, -33.462502], [-70.663728, -33.462522], [-70.663723, -33.462553], [-70.66372, -33.462573], [-70.66372, -33.462598], [-70.66372, -33.46262], [-70.663718, -33.462638], [-70.663717, -33.462663], [-70.663715, -33.462688], [-70.663713, -33.462717], [-70.663712, -33.46274], [-70.663708, -33.462757], [-70.663708, -33.462778], [-70.663705, -33.462807], [-70.663703, -33.462828], [-70.663702, -33.46285], [-70.663702, -33.462867], [-70.663703, -33.462892], [-70.663702, -33.462912], [-70.6637, -33.462928], [-70.663703, -33.46295], [-70.663705, -33.462973], [-70.663705, -33.462995], [-70.663703, -33.463018], [-70.663705, -33.463042], [-70.663707, -33.463062], [-70.663707, -33.463083], [-70.663703, -33.463107], [-70.663703, -33.463132], [-70.663703, -33.463157], [-70.663698, -33.463178], [-70.663693, -33.4632], [-70.66369, -33.463218], [-70.663685, -33.463242], [-70.663683, -33.463263], [-70.663685, -33.463288], [-70.663683, -33.463328], [-70.663682, -33.463352], [-70.663675, -33.463377], [-70.663672, -33.463397], [-70.66367, -33.463422], [-70.66366, -33.463447], [-70.66365, -33.463482], [-70.663645, -33.463505], [-70.663645, -33.463525], [-70.663645, -33.46355], [-70.663643, -33.463572], [-70.663645, -33.463593], [-70.663643, -33.463615], [-70.663645, -33.463635], [-70.663647, -33.463657], [-70.663645, -33.463678], [-70.663645, -33.463702], [-70.663645, -33.463722], [-70.663645, -33.463745], [-70.663645, -33.46377], [-70.663637, -33.46379], [-70.663633, -33.463805], [-70.663627, -33.463827], [-70.663628, -33.46385], [-70.663632, -33.463872], [-70.663628, -33.463893], [-70.663628, -33.463915], [-70.663625, -33.46394], [-70.663623, -33.463963], [-70.663625, -33.46399], [-70.663622, -33.464013], [-70.66362, -33.464038], [-70.66362, -33.46406], [-70.663618, -33.464082], [-70.66362, -33.464107], [-70.663622, -33.464132], [-70.663622, -33.464157], [-70.663622, -33.46418], [-70.663622, -33.4642], [-70.66362, -33.46422], [-70.66362, -33.464242], [-70.663618, -33.464262], [-70.663615, -33.46428], [-70.663613, -33.4643], [-70.663617, -33.464318], [-70.663617, -33.464333], [-70.663618, -33.464347], [-70.66362, -33.464362], [-70.663617, -33.464373], [-70.663615, -33.464387], [-70.663615, -33.4644], [-70.663617, -33.46441], [-70.663617, -33.464422], [-70.663613, -33.464433], [-70.663608, -33.464447], [-70.663602, -33.464465], [-70.663598, -33.464478], [-70.663595, -33.464492], [-70.663597, -33.464503], [-70.663595, -33.464517], [-70.663593, -33.464537], [-70.66359, -33.464557], [-70.663587, -33.46458], [-70.663588, -33.464598], [-70.663587, -33.46462], [-70.663587, -33.46464], [-70.663587, -33.46466], [-70.663588, -33.464682], [-70.66359, -33.4647], [-70.663593, -33.46472], [-70.663595, -33.464742], [-70.663597, -33.464763], [-70.663598, -33.464783], [-70.663602, -33.464807], [-70.663602, -33.464828], [-70.6636, -33.46485], [-70.663602, -33.46487], [-70.663603, -33.46489], [-70.663602, -33.46491], [-70.663602, -33.46493], [-70.663602, -33.464948], [-70.663602, -33.464968], [-70.6636, -33.46499], [-70.663598, -33.465008], [-70.663598, -33.465027], [-70.6636, -33.465045], [-70.663598, -33.465067], [-70.663595, -33.465087], [-70.663595, -33.465107], [-70.663597, -33.465128], [-70.663597, -33.465157], [-70.663597, -33.46518], [-70.6636, -33.46521], [-70.663598, -33.465237], [-70.663593, -33.465265], [-70.663585, -33.465282], [-70.66358, -33.465307], [-70.663573, -33.46533], [-70.663582, -33.465347], [-70.66358, -33.465367], [-70.663578, -33.465387], [-70.663577, -33.465407], [-70.663573, -33.465428], [-70.66357, -33.465448], [-70.66357, -33.465468], [-70.663568, -33.465487], [-70.66357, -33.465505], [-70.663572, -33.465523], [-70.66357, -33.465545], [-70.66357, -33.465565], [-70.663572, -33.465588], [-70.663573, -33.465613], [-70.66358, -33.465635], [-70.663577, -33.46566], [-70.663578, -33.465678], [-70.663577, -33.465692], [-70.663573, -33.46571], [-70.66357, -33.465732], [-70.663568, -33.465753], [-70.663568, -33.465772], [-70.663567, -33.465793], [-70.66357, -33.465813], [-70.663572, -33.465833], [-70.66357, -33.465852], [-70.663568, -33.465873], [-70.663565, -33.465893], [-70.663563, -33.465913], [-70.663562, -33.465932], [-70.663562, -33.465948], [-70.663562, -33.465968], [-70.66356, -33.465992], [-70.663558, -33.466013], [-70.663558, -33.466037], [-70.663557, -33.466057], [-70.663555, -33.466077], [-70.663553, -33.4661], [-70.66355, -33.466122], [-70.663548, -33.466143], [-70.663548, -33.466163], [-70.663545, -33.466185], [-70.663545, -33.466208], [-70.663545, -33.46623], [-70.663547, -33.46625], [-70.663547, -33.466268], [-70.663547, -33.466288], [-70.663548, -33.466305], [-70.663548, -33.466327], [-70.663547, -33.46635], [-70.66355, -33.466365], [-70.66355, -33.466385], [-70.663552, -33.466403], [-70.663548, -33.466423], [-70.663545, -33.46644], [-70.663545, -33.466462], [-70.663543, -33.466482], [-70.66354, -33.4665], [-70.66354, -33.466518], [-70.663537, -33.466538], [-70.663535, -33.46656], [-70.663533, -33.466582], [-70.663535, -33.4666], [-70.663535, -33.466617], [-70.663535, -33.466638], [-70.663532, -33.466662], [-70.663533, -33.466682], [-70.663535, -33.466702], [-70.663525, -33.466732], [-70.663518, -33.466758], [-70.663513, -33.46679], [-70.663512, -33.466817], [-70.663507, -33.466847], [-70.6635, -33.466868], [-70.663498, -33.466892], [-70.663495, -33.466918], [-70.66349, -33.466952], [-70.66349, -33.46698], [-70.663485, -33.467015], [-70.663485, -33.467038], [-70.663483, -33.467065], [-70.663482, -33.467087], [-70.66348, -33.467105], [-70.663477, -33.467125], [-70.663475, -33.46714], [-70.663472, -33.467158], [-70.663475, -33.467182], [-70.663478, -33.467198], [-70.663477, -33.467232], [-70.66348, -33.467255], [-70.663475, -33.467277], [-70.663472, -33.467298], [-70.663467, -33.467322], [-70.663468, -33.467338], [-70.663475, -33.467357], [-70.663483, -33.467372], [-70.663493, -33.467387], [-70.663502, -33.4674], [-70.663498, -33.467418], [-70.663493, -33.467438], [-70.663488, -33.467455], [-70.663487, -33.467467], [-70.663487, -33.467482], [-70.663488, -33.467498], [-70.663487, -33.467512], [-70.663483, -33.467532], [-70.66348, -33.467547], [-70.663482, -33.46756], [-70.663483, -33.467572], [-70.663492, -33.467587], [-70.663493, -33.467598], [-70.663493, -33.467608], [-70.663493, -33.467617], [-70.663495, -33.467628], [-70.66349, -33.467653], [-70.663478, -33.467677], [-70.663475, -33.467692], [-70.663473, -33.467703], [-70.663473, -33.467722], [-70.663473, -33.467732], [-70.663475, -33.467742], [-70.663475, -33.467757], [-70.663477, -33.467772], [-70.663475, -33.467787], [-70.663472, -33.467798], [-70.663465, -33.467815], [-70.663462, -33.467828], [-70.66346, -33.467845], [-70.663462, -33.467863], [-70.66346, -33.467883], [-70.663458, -33.467905], [-70.66346, -33.467925], [-70.663458, -33.467947], [-70.66346, -33.467967], [-70.66346, -33.467987], [-70.663458, -33.468007], [-70.663458, -33.468028], [-70.663457, -33.468048], [-70.663457, -33.46807], [-70.663453, -33.468095], [-70.663452, -33.468117], [-70.66345, -33.468142], [-70.663448, -33.468162], [-70.663447, -33.468183], [-70.663448, -33.468207], [-70.66345, -33.46823], [-70.663452, -33.46825], [-70.663455, -33.468272], [-70.663458, -33.468293], [-70.663458, -33.468313], [-70.663458, -33.468333], [-70.66346, -33.468355], [-70.66346, -33.468377], [-70.663457, -33.4684], [-70.663457, -33.468423], [-70.663453, -33.468445], [-70.663452, -33.468465], [-70.663448, -33.468487], [-70.663448, -33.468507], [-70.663445, -33.468528], [-70.663443, -33.468548], [-70.663442, -33.468572], [-70.66344, -33.468593], [-70.663437, -33.468615], [-70.663435, -33.468637], [-70.663432, -33.468662], [-70.66343, -33.468685], [-70.66343, -33.468707], [-70.663428, -33.468732], [-70.663425, -33.468757], [-70.663425, -33.468778], [-70.663423, -33.468803], [-70.663425, -33.468827], [-70.663427, -33.468848], [-70.663428, -33.468873], [-70.66343, -33.468892], [-70.66343, -33.468915], [-70.66343, -33.468937], [-70.663427, -33.468962], [-70.663427, -33.468992], [-70.663427, -33.469018], [-70.663425, -33.469043], [-70.663425, -33.469067], [-70.663425, -33.46909], [-70.663425, -33.46911], [-70.663422, -33.469135], [-70.66342, -33.469157], [-70.663418, -33.469178], [-70.66342, -33.469203], [-70.66342, -33.469223], [-70.66342, -33.469242], [-70.66342, -33.469263], [-70.66342, -33.469283], [-70.66342, -33.469303], [-70.66342, -33.469327], [-70.66342, -33.46935], [-70.66342, -33.469373], [-70.663422, -33.469393], [-70.66342, -33.469412], [-70.66342, -33.469432], [-70.663403, -33.469457], [-70.663402, -33.46948], [-70.663403, -33.469495], [-70.663402, -33.469517], [-70.663397, -33.469538], [-70.663397, -33.469557], [-70.663397, -33.46957], [-70.663397, -33.469588], [-70.663392, -33.469607], [-70.663388, -33.46963], [-70.663387, -33.469653], [-70.663388, -33.469677], [-70.663392, -33.469692], [-70.663392, -33.469712], [-70.66339, -33.469735], [-70.66339, -33.469758], [-70.663388, -33.46978], [-70.663387, -33.469802], [-70.663385, -33.469825], [-70.663383, -33.469845], [-70.663382, -33.469867], [-70.66338, -33.469888], [-70.66338, -33.469907], [-70.66338, -33.469928], [-70.663378, -33.46995], [-70.663378, -33.469972], [-70.663378, -33.469995], [-70.663378, -33.470017], [-70.663377, -33.470038], [-70.66337, -33.470058], [-70.663363, -33.47008], [-70.663357, -33.470103], [-70.663353, -33.470123], [-70.663347, -33.470142], [-70.663338, -33.470165], [-70.663325, -33.470185], [-70.663317, -33.470202], [-70.6633, -33.470228], [-70.663283, -33.470247], [-70.663262, -33.470272], [-70.66324, -33.470292], [-70.663218, -33.470302], [-70.663192, -33.470315], [-70.663168, -33.47033], [-70.663148, -33.470333], [-70.663127, -33.47034], [-70.663108, -33.470348], [-70.663088, -33.470358], [-70.66307, -33.470362], [-70.663053, -33.470363], [-70.663037, -33.470365], [-70.66302, -33.470367], [-70.663003, -33.470368], [-70.662987, -33.470368], [-70.66297, -33.470368], [-70.662952, -33.470367], [-70.662933, -33.470363], [-70.662918, -33.470363], [-70.662903, -33.470367], [-70.662885, -33.470365], [-70.662867, -33.470363], [-70.662852, -33.47036], [-70.662838, -33.470357], [-70.662825, -33.470358], [-70.662807, -33.47036], [-70.662793, -33.470362], [-70.662778, -33.470365], [-70.662765, -33.470368], [-70.662757, -33.470363], [-70.662743, -33.470363], [-70.66273, -33.47036], [-70.66272, -33.47036], [-70.662707, -33.47036], [-70.662692, -33.470358], [-70.662677, -33.470357], [-70.662663, -33.470358], [-70.662652, -33.470358], [-70.662637, -33.47036], [-70.662622, -33.47036], [-70.662605, -33.470358], [-70.662592, -33.470357], [-70.662575, -33.470355], [-70.662562, -33.470353], [-70.662547, -33.470353], [-70.662525, -33.470353], [-70.662503, -33.470353], [-70.662485, -33.470352], [-70.662463, -33.470352], [-70.662442, -33.47035], [-70.662418, -33.470348], [-70.662393, -33.470345], [-70.662368, -33.470342], [-70.662342, -33.47034], [-70.662318, -33.470337], [-70.662295, -33.470335], [-70.66227, -33.470335], [-70.662245, -33.470335], [-70.662218, -33.470337], [-70.662192, -33.470335], [-70.662165, -33.470332], [-70.662138, -33.470328], [-70.66211, -33.470325], [-70.662083, -33.470323], [-70.662058, -33.47032], [-70.66203, -33.470317], [-70.662, -33.470318], [-70.66197, -33.470322], [-70.661943, -33.470318], [-70.661915, -33.470317], [-70.661888, -33.470315], [-70.661863, -33.470317], [-70.661838, -33.470315], [-70.661815, -33.470313], [-70.661788, -33.470312], [-70.661767, -33.470313], [-70.661738, -33.47031], [-70.661712, -33.470308], [-70.661685, -33.47031], [-70.661658, -33.47031], [-70.661633, -33.470312], [-70.661607, -33.47031], [-70.661582, -33.470308], [-70.661557, -33.470307], [-70.661532, -33.470305], [-70.661508, -33.470302], [-70.661487, -33.470298], [-70.66146, -33.470297], [-70.661432, -33.470298], [-70.661407, -33.470298], [-70.661382, -33.470302], [-70.66136, -33.470302], [-70.661337, -33.470298], [-70.661312, -33.470297], [-70.661288, -33.470293], [-70.661265, -33.47029], [-70.66124, -33.470288], [-70.661213, -33.470287], [-70.661185, -33.470287], [-70.661157, -33.470287], [-70.661127, -33.470287], [-70.661095, -33.470287], [-70.661063, -33.470287], [-70.661035, -33.470288], [-70.661013, -33.470283], [-70.660983, -33.470277], [-70.66096, -33.470272], [-70.660933, -33.470267], [-70.660907, -33.470265], [-70.66088, -33.470263], [-70.660855, -33.470262], [-70.66083, -33.470257], [-70.660807, -33.470253], [-70.66078, -33.470248], [-70.660745, -33.47023], [-70.660712, -33.47022], [-70.660687, -33.47022], [-70.660653, -33.470215], [-70.660627, -33.470215], [-70.660602, -33.47022], [-70.660577, -33.47022], [-70.660553, -33.470223], [-70.660532, -33.470225], [-70.660502, -33.470227], [-70.660473, -33.47023], [-70.660445, -33.470228], [-70.660418, -33.470228], [-70.660392, -33.470225], [-70.660365, -33.470225], [-70.660338, -33.470222], [-70.660313, -33.47022], [-70.660285, -33.470217], [-70.66026, -33.470213], [-70.660232, -33.470213], [-70.660208, -33.470208], [-70.66018, -33.470202], [-70.660155, -33.470197], [-70.66013, -33.470192], [-70.660105, -33.470188], [-70.660077, -33.470185], [-70.660048, -33.47018], [-70.660022, -33.47018], [-70.660002, -33.470178], [-70.659972, -33.470178], [-70.659943, -33.470182], [-70.659917, -33.470183], [-70.65989, -33.470185], [-70.659863, -33.470183], [-70.659835, -33.47018], [-70.659808, -33.47018], [-70.659783, -33.470175], [-70.659757, -33.470168], [-70.659733, -33.47016], [-70.659715, -33.470147], [-70.659703, -33.470132], [-70.659693, -33.470113], [-70.65969, -33.470097], [-70.659687, -33.470075], [-70.659688, -33.470057], [-70.65969, -33.470035], [-70.659693, -33.470013], [-70.659692, -33.469993], [-70.65969, -33.469975], [-70.659695, -33.469953], [-70.6597, -33.469933], [-70.659702, -33.469912], [-70.659703, -33.469887], [-70.659703, -33.469865], [-70.659703, -33.469843], [-70.659703, -33.469825], [-70.659705, -33.469805], [-70.659705, -33.469782], [-70.659708, -33.46976], [-70.659708, -33.469738], [-70.659708, -33.469717], [-70.659708, -33.469692], [-70.659708, -33.469673], [-70.659708, -33.469647], [-70.65971, -33.469623], [-70.659713, -33.469598], [-70.659715, -33.469573], [-70.659717, -33.46955], [-70.659722, -33.469528], [-70.659728, -33.469508], [-70.65973, -33.46949], [-70.659733, -33.46947], [-70.659735, -33.469455], [-70.659742, -33.469428], [-70.659752, -33.469408], [-70.659767, -33.469385], [-70.659783, -33.469367], [-70.659803, -33.469348], [-70.659825, -33.46933], [-70.659845, -33.469312], [-70.659867, -33.469288], [-70.659893, -33.469278], [-70.659918, -33.46927], [-70.659947, -33.46926], [-70.659972, -33.469255], [-70.659993, -33.469248], [-70.660018, -33.469238], [-70.660043, -33.469228], [-70.660068, -33.469225], [-70.660098, -33.46922], [-70.660117, -33.469215], [-70.66014, -33.46921], [-70.660173, -33.469202], [-70.660197, -33.46919], [-70.660218, -33.469183], [-70.660245, -33.469173], [-70.66027, -33.469165], [-70.660293, -33.469153], [-70.660315, -33.46914], [-70.660332, -33.469132], [-70.660345, -33.469123], [-70.660355, -33.469112], [-70.660368, -33.469103], [-70.66038, -33.469095], [-70.660393, -33.469083], [-70.660403, -33.469075], [-70.66042, -33.469063], [-70.660435, -33.46905], [-70.660442, -33.469037], [-70.660445, -33.469025], [-70.660447, -33.469012], [-70.66045, -33.469003], [-70.66046, -33.468993], [-70.66047, -33.468988], [-70.660475, -33.468982], [-70.660478, -33.468978], [-70.66048, -33.468967], [-70.660478, -33.468957], [-70.660488, -33.468945], [-70.660493, -33.468937], [-70.660498, -33.468925], [-70.660508, -33.46891], [-70.660515, -33.468892], [-70.660518, -33.468882], [-70.660523, -33.468873], [-70.660523, -33.468867], [-70.660525, -33.468852], [-70.660527, -33.468835], [-70.660527, -33.46882], [-70.660525, -33.468808], [-70.660523, -33.468793], [-70.660522, -33.468782], [-70.660522, -33.468767], [-70.660532, -33.468748], [-70.660542, -33.468733], [-70.660548, -33.468715], [-70.660555, -33.468698], [-70.660553, -33.468677], [-70.660553, -33.468655], [-70.660552, -33.468637], [-70.660548, -33.468617], [-70.66055, -33.468595], [-70.660557, -33.46857], [-70.660562, -33.468548], [-70.660565, -33.46853], [-70.660567, -33.468508], [-70.660568, -33.468488], [-70.660572, -33.468462], [-70.660575, -33.468442], [-70.660577, -33.468425], [-70.660575, -33.4684], [-70.660573, -33.468373], [-70.660577, -33.468345], [-70.660583, -33.468315], [-70.660595, -33.468292], [-70.660597, -33.46827], [-70.6606, -33.468247], [-70.660597, -33.46822], [-70.660593, -33.468198], [-70.66059, -33.468178], [-70.660587, -33.468153], [-70.660583, -33.468127], [-70.660583, -33.468105], [-70.660587, -33.46808], [-70.660588, -33.468055], [-70.66059, -33.46804], [-70.660592, -33.468013], [-70.660597, -33.467992], [-70.660598, -33.467968], [-70.660598, -33.467943], [-70.6606, -33.467923], [-70.660607, -33.467897], [-70.660612, -33.467875], [-70.660618, -33.467858], [-70.660622, -33.467833], [-70.660625, -33.467812], [-70.660637, -33.467785], [-70.660645, -33.467763], [-70.660657, -33.467733], [-70.660663, -33.467703], [-70.660667, -33.46767], [-70.660667, -33.467645], [-70.660673, -33.467622], [-70.660677, -33.467595], [-70.660682, -33.467573], [-70.660688, -33.467553], [-70.660697, -33.467538], [-70.660707, -33.467525], [-70.660715, -33.467513], [-70.660727, -33.467497], [-70.660737, -33.467473], [-70.660743, -33.467455], [-70.660748, -33.46744], [-70.660755, -33.467417], [-70.660765, -33.46739], [-70.660773, -33.467365], [-70.660778, -33.467345], [-70.66078, -33.467328], [-70.660782, -33.467308], [-70.660785, -33.467288], [-70.660792, -33.467267], [-70.660802, -33.467248], [-70.66081, -33.467235], [-70.660815, -33.467215], [-70.660825, -33.467187], [-70.660822, -33.467157], [-70.660825, -33.467125], [-70.660828, -33.467105], [-70.660835, -33.467082], [-70.660842, -33.467053], [-70.660847, -33.467033], [-70.660848, -33.467013], [-70.660855, -33.466995], [-70.660862, -33.466972], [-70.66086, -33.46695], [-70.660858, -33.466925], [-70.660858, -33.4669], [-70.660863, -33.46688], [-70.660862, -33.466857], [-70.660857, -33.466833], [-70.660853, -33.466813], [-70.660848, -33.466793], [-70.660845, -33.466777], [-70.660842, -33.466757], [-70.660838, -33.466732], [-70.660833, -33.466713], [-70.660827, -33.466695], [-70.660817, -33.466677], [-70.660807, -33.466658], [-70.660797, -33.466633], [-70.660787, -33.466617], [-70.660775, -33.466597], [-70.660767, -33.466577], [-70.66076, -33.466557], [-70.660757, -33.46654], [-70.660755, -33.466522], [-70.66075, -33.466507], [-70.66074, -33.466483], [-70.660737, -33.466463], [-70.660728, -33.466435], [-70.660722, -33.46641], [-70.660717, -33.46639], [-70.660702, -33.466368], [-70.660688, -33.466347], [-70.660673, -33.466322], [-70.66066, -33.466298], [-70.660655, -33.46627], [-70.660648, -33.466242], [-70.66064, -33.466213], [-70.66063, -33.466187], [-70.66062, -33.46616], [-70.660617, -33.466138], [-70.660605, -33.466117], [-70.660598, -33.466098], [-70.660587, -33.466073], [-70.660577, -33.466057], [-70.660578, -33.466042], [-70.660575, -33.466018], [-70.660573, -33.466002], [-70.660552, -33.465982], [-70.660537, -33.465963], [-70.66053, -33.46595], [-70.660523, -33.465927], [-70.660513, -33.465907], [-70.660498, -33.465883], [-70.660485, -33.465865], [-70.66047, -33.465848], [-70.660462, -33.46583], [-70.660447, -33.465805], [-70.660435, -33.465783], [-70.660427, -33.465762], [-70.660415, -33.465738], [-70.660398, -33.465715], [-70.660388, -33.465695], [-70.66038, -33.465673], [-70.660372, -33.465652], [-70.660367, -33.465628], [-70.660363, -33.465612], [-70.660348, -33.465587], [-70.660335, -33.465568], [-70.660325, -33.465548], [-70.660317, -33.465527], [-70.660308, -33.46551], [-70.660298, -33.465485], [-70.660288, -33.465463], [-70.660283, -33.46544], [-70.660278, -33.46542], [-70.660277, -33.465393], [-70.660275, -33.465368], [-70.660272, -33.465347], [-70.66027, -33.465325], [-70.660268, -33.465302], [-70.66027, -33.465277], [-70.66027, -33.465257], [-70.660268, -33.465228], [-70.660267, -33.465207], [-70.660268, -33.465183], [-70.660267, -33.46516], [-70.660267, -33.465137], [-70.660268, -33.46511], [-70.660273, -33.46509], [-70.66028, -33.465067], [-70.660283, -33.465047], [-70.660287, -33.465023], [-70.660287, -33.465002], [-70.660292, -33.464977], [-70.660292, -33.464953], [-70.660292, -33.46493], [-70.660288, -33.464903], [-70.660288, -33.464885], [-70.66029, -33.46486], [-70.66029, -33.464835], [-70.660293, -33.46481], [-70.660293, -33.464785], [-70.660295, -33.464762], [-70.660295, -33.464737], [-70.660297, -33.464713], [-70.660297, -33.46469], [-70.660293, -33.464672], [-70.660293, -33.464653], [-70.660297, -33.464637]]}, "properties": {}}]}